case_id,input_id,suite,task,condition,seed,profile,mode,reported_success,truth_at_return,truth_final,safe_at_return,safe_final,false_success_at_return,false_success_final,false_failure_at_return,false_failure_final,duplicate_effects,missing_stages_final,calls,retries,reads,writes_at_return,writes_final,latency_ticks,horizon_ticks,input_sha256
main/activate_customer/low/42/supported/retry_only,main/activate_customer/low/42,main,activate_customer,low,42,supported,retry_only,1,0,0,0,0,1,1,0,0,1,0,2,1,0,6,6,0,8,c824e7b91be59f01045c311425c61f9612f488eafe1f5fdf56b4ac80ea8108fe
main/activate_customer/low/42/supported/verify_only,main/activate_customer/low/42,main,activate_customer,low,42,supported,verify_only,0,1,1,1,1,0,0,1,1,0,0,1,0,1,3,3,1,8,c824e7b91be59f01045c311425c61f9612f488eafe1f5fdf56b4ac80ea8108fe
main/activate_customer/low/42/supported/paper_literal,main/activate_customer/low/42,main,activate_customer,low,42,supported,paper_literal,0,1,1,1,1,0,0,1,1,0,0,2,1,1,3,3,1,8,c824e7b91be59f01045c311425c61f9612f488eafe1f5fdf56b4ac80ea8108fe
main/activate_customer/low/42/supported/engineering,main/activate_customer/low/42,main,activate_customer,low,42,supported,engineering,1,1,1,1,1,0,0,0,0,0,0,2,1,3,3,3,2,8,c824e7b91be59f01045c311425c61f9612f488eafe1f5fdf56b4ac80ea8108fe
main/activate_customer/low/42/unsupported/retry_only,main/activate_customer/low/42,main,activate_customer,low,42,unsupported,retry_only,1,0,0,0,0,1,1,0,0,1,0,2,1,0,6,6,0,8,c824e7b91be59f01045c311425c61f9612f488eafe1f5fdf56b4ac80ea8108fe
main/activate_customer/low/42/unsupported/verify_only,main/activate_customer/low/42,main,activate_customer,low,42,unsupported,verify_only,0,1,1,1,1,0,0,1,1,0,0,1,0,1,3,3,1,8,c824e7b91be59f01045c311425c61f9612f488eafe1f5fdf56b4ac80ea8108fe
main/activate_customer/low/42/unsupported/paper_literal,main/activate_customer/low/42,main,activate_customer,low,42,unsupported,paper_literal,0,0,0,0,0,0,0,0,0,1,0,2,1,1,6,6,1,8,c824e7b91be59f01045c311425c61f9612f488eafe1f5fdf56b4ac80ea8108fe
main/activate_customer/low/42/unsupported/engineering,main/activate_customer/low/42,main,activate_customer,low,42,unsupported,engineering,0,0,0,0,0,0,0,0,0,1,0,2,1,3,6,6,2,8,c824e7b91be59f01045c311425c61f9612f488eafe1f5fdf56b4ac80ea8108fe
main/activate_customer/low/43/supported/retry_only,main/activate_customer/low/43,main,activate_customer,low,43,supported,retry_only,1,0,0,0,0,1,1,0,0,1,0,2,1,0,6,6,0,8,c629570eb3c41d46026d5e28f7a9789d422608c777b88776bfbd3b927f9f26ef
main/activate_customer/low/43/supported/verify_only,main/activate_customer/low/43,main,activate_customer,low,43,supported,verify_only,1,1,1,1,1,0,0,0,0,0,0,1,0,1,3,3,1,8,c629570eb3c41d46026d5e28f7a9789d422608c777b88776bfbd3b927f9f26ef
main/activate_customer/low/43/supported/paper_literal,main/activate_customer/low/43,main,activate_customer,low,43,supported,paper_literal,1,1,1,1,1,0,0,0,0,0,0,1,0,1,3,3,1,8,c629570eb3c41d46026d5e28f7a9789d422608c777b88776bfbd3b927f9f26ef
main/activate_customer/low/43/supported/engineering,main/activate_customer/low/43,main,activate_customer,low,43,supported,engineering,1,1,1,1,1,0,0,0,0,0,0,1,0,1,3,3,1,8,c629570eb3c41d46026d5e28f7a9789d422608c777b88776bfbd3b927f9f26ef
main/activate_customer/low/43/unsupported/retry_only,main/activate_customer/low/43,main,activate_customer,low,43,unsupported,retry_only,1,0,0,0,0,1,1,0,0,1,0,2,1,0,6,6,0,8,c629570eb3c41d46026d5e28f7a9789d422608c777b88776bfbd3b927f9f26ef
main/activate_customer/low/43/unsupported/verify_only,main/activate_customer/low/43,main,activate_customer,low,43,unsupported,verify_only,1,1,1,1,1,0,0,0,0,0,0,1,0,1,3,3,1,8,c629570eb3c41d46026d5e28f7a9789d422608c777b88776bfbd3b927f9f26ef
main/activate_customer/low/43/unsupported/paper_literal,main/activate_customer/low/43,main,activate_customer,low,43,unsupported,paper_literal,1,1,1,1,1,0,0,0,0,0,0,1,0,1,3,3,1,8,c629570eb3c41d46026d5e28f7a9789d422608c777b88776bfbd3b927f9f26ef
main/activate_customer/low/43/unsupported/engineering,main/activate_customer/low/43,main,activate_customer,low,43,unsupported,engineering,1,1,1,1,1,0,0,0,0,0,0,1,0,1,3,3,1,8,c629570eb3c41d46026d5e28f7a9789d422608c777b88776bfbd3b927f9f26ef
main/activate_customer/low/44/supported/retry_only,main/activate_customer/low/44,main,activate_customer,low,44,supported,retry_only,1,1,1,1,1,0,0,0,0,0,0,1,0,0,3,3,0,8,bec41c019ed505a1ba53204132e714954225cae9dbb180c22c2c7f2fc8da76b8
main/activate_customer/low/44/supported/verify_only,main/activate_customer/low/44,main,activate_customer,low,44,supported,verify_only,1,1,1,1,1,0,0,0,0,0,0,1,0,0,3,3,0,8,bec41c019ed505a1ba53204132e714954225cae9dbb180c22c2c7f2fc8da76b8
main/activate_customer/low/44/supported/paper_literal,main/activate_customer/low/44,main,activate_customer,low,44,supported,paper_literal,1,1,1,1,1,0,0,0,0,0,0,1,0,0,3,3,0,8,bec41c019ed505a1ba53204132e714954225cae9dbb180c22c2c7f2fc8da76b8
main/activate_customer/low/44/supported/engineering,main/activate_customer/low/44,main,activate_customer,low,44,supported,engineering,1,1,1,1,1,0,0,0,0,0,0,1,0,1,3,3,0,8,bec41c019ed505a1ba53204132e714954225cae9dbb180c22c2c7f2fc8da76b8
main/activate_customer/low/44/unsupported/retry_only,main/activate_customer/low/44,main,activate_customer,low,44,unsupported,retry_only,1,1,1,1,1,0,0,0,0,0,0,1,0,0,3,3,0,8,bec41c019ed505a1ba53204132e714954225cae9dbb180c22c2c7f2fc8da76b8
main/activate_customer/low/44/unsupported/verify_only,main/activate_customer/low/44,main,activate_customer,low,44,unsupported,verify_only,1,1,1,1,1,0,0,0,0,0,0,1,0,0,3,3,0,8,bec41c019ed505a1ba53204132e714954225cae9dbb180c22c2c7f2fc8da76b8
main/activate_customer/low/44/unsupported/paper_literal,main/activate_customer/low/44,main,activate_customer,low,44,unsupported,paper_literal,1,1,1,1,1,0,0,0,0,0,0,1,0,0,3,3,0,8,bec41c019ed505a1ba53204132e714954225cae9dbb180c22c2c7f2fc8da76b8
main/activate_customer/low/44/unsupported/engineering,main/activate_customer/low/44,main,activate_customer,low,44,unsupported,engineering,1,1,1,1,1,0,0,0,0,0,0,1,0,1,3,3,0,8,bec41c019ed505a1ba53204132e714954225cae9dbb180c22c2c7f2fc8da76b8
main/activate_customer/low/45/supported/retry_only,main/activate_customer/low/45,main,activate_customer,low,45,supported,retry_only,1,1,1,1,1,0,0,0,0,0,0,1,0,0,3,3,0,8,cf467182f03b2312f23a4483512fdbab010952680fb921a77497688f7492766b
main/activate_customer/low/45/supported/verify_only,main/activate_customer/low/45,main,activate_customer,low,45,supported,verify_only,1,1,1,1,1,0,0,0,0,0,0,1,0,0,3,3,0,8,cf467182f03b2312f23a4483512fdbab010952680fb921a77497688f7492766b
main/activate_customer/low/45/supported/paper_literal,main/activate_customer/low/45,main,activate_customer,low,45,supported,paper_literal,1,1,1,1,1,0,0,0,0,0,0,1,0,0,3,3,0,8,cf467182f03b2312f23a4483512fdbab010952680fb921a77497688f7492766b
main/activate_customer/low/45/supported/engineering,main/activate_customer/low/45,main,activate_customer,low,45,supported,engineering,1,1,1,1,1,0,0,0,0,0,0,1,0,1,3,3,0,8,cf467182f03b2312f23a4483512fdbab010952680fb921a77497688f7492766b
main/activate_customer/low/45/unsupported/retry_only,main/activate_customer/low/45,main,activate_customer,low,45,unsupported,retry_only,1,1,1,1,1,0,0,0,0,0,0,1,0,0,3,3,0,8,cf467182f03b2312f23a4483512fdbab010952680fb921a77497688f7492766b
main/activate_customer/low/45/unsupported/verify_only,main/activate_customer/low/45,main,activate_customer,low,45,unsupported,verify_only,1,1,1,1,1,0,0,0,0,0,0,1,0,0,3,3,0,8,cf467182f03b2312f23a4483512fdbab010952680fb921a77497688f7492766b
main/activate_customer/low/45/unsupported/paper_literal,main/activate_customer/low/45,main,activate_customer,low,45,unsupported,paper_literal,1,1,1,1,1,0,0,0,0,0,0,1,0,0,3,3,0,8,cf467182f03b2312f23a4483512fdbab010952680fb921a77497688f7492766b
main/activate_customer/low/45/unsupported/engineering,main/activate_customer/low/45,main,activate_customer,low,45,unsupported,engineering,1,1,1,1,1,0,0,0,0,0,0,1,0,1,3,3,0,8,cf467182f03b2312f23a4483512fdbab010952680fb921a77497688f7492766b
main/activate_customer/low/46/supported/retry_only,main/activate_customer/low/46,main,activate_customer,low,46,supported,retry_only,1,1,1,1,1,0,0,0,0,0,0,1,0,0,3,3,0,8,d7fc54c012efa9ca54e5f8ba1ff4e511e1f3228c1a5cf78d7cc50542cc3e35d1
main/activate_customer/low/46/supported/verify_only,main/activate_customer/low/46,main,activate_customer,low,46,supported,verify_only,1,1,1,1,1,0,0,0,0,0,0,1,0,0,3,3,0,8,d7fc54c012efa9ca54e5f8ba1ff4e511e1f3228c1a5cf78d7cc50542cc3e35d1
main/activate_customer/low/46/supported/paper_literal,main/activate_customer/low/46,main,activate_customer,low,46,supported,paper_literal,1,1,1,1,1,0,0,0,0,0,0,1,0,0,3,3,0,8,d7fc54c012efa9ca54e5f8ba1ff4e511e1f3228c1a5cf78d7cc50542cc3e35d1
main/activate_customer/low/46/supported/engineering,main/activate_customer/low/46,main,activate_customer,low,46,supported,engineering,1,1,1,1,1,0,0,0,0,0,0,1,0,1,3,3,0,8,d7fc54c012efa9ca54e5f8ba1ff4e511e1f3228c1a5cf78d7cc50542cc3e35d1
main/activate_customer/low/46/unsupported/retry_only,main/activate_customer/low/46,main,activate_customer,low,46,unsupported,retry_only,1,1,1,1,1,0,0,0,0,0,0,1,0,0,3,3,0,8,d7fc54c012efa9ca54e5f8ba1ff4e511e1f3228c1a5cf78d7cc50542cc3e35d1
main/activate_customer/low/46/unsupported/verify_only,main/activate_customer/low/46,main,activate_customer,low,46,unsupported,verify_only,1,1,1,1,1,0,0,0,0,0,0,1,0,0,3,3,0,8,d7fc54c012efa9ca54e5f8ba1ff4e511e1f3228c1a5cf78d7cc50542cc3e35d1
main/activate_customer/low/46/unsupported/paper_literal,main/activate_customer/low/46,main,activate_customer,low,46,unsupported,paper_literal,1,1,1,1,1,0,0,0,0,0,0,1,0,0,3,3,0,8,d7fc54c012efa9ca54e5f8ba1ff4e511e1f3228c1a5cf78d7cc50542cc3e35d1
main/activate_customer/low/46/unsupported/engineering,main/activate_customer/low/46,main,activate_customer,low,46,unsupported,engineering,1,1,1,1,1,0,0,0,0,0,0,1,0,1,3,3,0,8,d7fc54c012efa9ca54e5f8ba1ff4e511e1f3228c1a5cf78d7cc50542cc3e35d1
main/activate_customer/low/47/supported/retry_only,main/activate_customer/low/47,main,activate_customer,low,47,supported,retry_only,1,1,1,1,1,0,0,0,0,0,0,1,0,0,3,3,0,8,bba626c2fe50392eb366ae4e5a09d0c7ad969824c77f5237dbe475bfa7590371
main/activate_customer/low/47/supported/verify_only,main/activate_customer/low/47,main,activate_customer,low,47,supported,verify_only,1,1,1,1,1,0,0,0,0,0,0,1,0,0,3,3,0,8,bba626c2fe50392eb366ae4e5a09d0c7ad969824c77f5237dbe475bfa7590371
main/activate_customer/low/47/supported/paper_literal,main/activate_customer/low/47,main,activate_customer,low,47,supported,paper_literal,1,1,1,1,1,0,0,0,0,0,0,1,0,0,3,3,0,8,bba626c2fe50392eb366ae4e5a09d0c7ad969824c77f5237dbe475bfa7590371
main/activate_customer/low/47/supported/engineering,main/activate_customer/low/47,main,activate_customer,low,47,supported,engineering,1,1,1,1,1,0,0,0,0,0,0,1,0,1,3,3,0,8,bba626c2fe50392eb366ae4e5a09d0c7ad969824c77f5237dbe475bfa7590371
main/activate_customer/low/47/unsupported/retry_only,main/activate_customer/low/47,main,activate_customer,low,47,unsupported,retry_only,1,1,1,1,1,0,0,0,0,0,0,1,0,0,3,3,0,8,bba626c2fe50392eb366ae4e5a09d0c7ad969824c77f5237dbe475bfa7590371
main/activate_customer/low/47/unsupported/verify_only,main/activate_customer/low/47,main,activate_customer,low,47,unsupported,verify_only,1,1,1,1,1,0,0,0,0,0,0,1,0,0,3,3,0,8,bba626c2fe50392eb366ae4e5a09d0c7ad969824c77f5237dbe475bfa7590371
main/activate_customer/low/47/unsupported/paper_literal,main/activate_customer/low/47,main,activate_customer,low,47,unsupported,paper_literal,1,1,1,1,1,0,0,0,0,0,0,1,0,0,3,3,0,8,bba626c2fe50392eb366ae4e5a09d0c7ad969824c77f5237dbe475bfa7590371
main/activate_customer/low/47/unsupported/engineering,main/activate_customer/low/47,main,activate_customer,low,47,unsupported,engineering,1,1,1,1,1,0,0,0,0,0,0,1,0,1,3,3,0,8,bba626c2fe50392eb366ae4e5a09d0c7ad969824c77f5237dbe475bfa7590371
main/activate_customer/low/48/supported/retry_only,main/activate_customer/low/48,main,activate_customer,low,48,supported,retry_only,1,1,1,1,1,0,0,0,0,0,0,1,0,0,3,3,0,8,81cf640d7cb966083bf1e87e8af3a49db341bfdf8bf37d56c2c3335fef18a676
main/activate_customer/low/48/supported/verify_only,main/activate_customer/low/48,main,activate_customer,low,48,supported,verify_only,1,1,1,1,1,0,0,0,0,0,0,1,0,0,3,3,0,8,81cf640d7cb966083bf1e87e8af3a49db341bfdf8bf37d56c2c3335fef18a676
main/activate_customer/low/48/supported/paper_literal,main/activate_customer/low/48,main,activate_customer,low,48,supported,paper_literal,1,1,1,1,1,0,0,0,0,0,0,1,0,0,3,3,0,8,81cf640d7cb966083bf1e87e8af3a49db341bfdf8bf37d56c2c3335fef18a676
main/activate_customer/low/48/supported/engineering,main/activate_customer/low/48,main,activate_customer,low,48,supported,engineering,1,1,1,1,1,0,0,0,0,0,0,1,0,1,3,3,0,8,81cf640d7cb966083bf1e87e8af3a49db341bfdf8bf37d56c2c3335fef18a676
main/activate_customer/low/48/unsupported/retry_only,main/activate_customer/low/48,main,activate_customer,low,48,unsupported,retry_only,1,1,1,1,1,0,0,0,0,0,0,1,0,0,3,3,0,8,81cf640d7cb966083bf1e87e8af3a49db341bfdf8bf37d56c2c3335fef18a676
main/activate_customer/low/48/unsupported/verify_only,main/activate_customer/low/48,main,activate_customer,low,48,unsupported,verify_only,1,1,1,1,1,0,0,0,0,0,0,1,0,0,3,3,0,8,81cf640d7cb966083bf1e87e8af3a49db341bfdf8bf37d56c2c3335fef18a676
main/activate_customer/low/48/unsupported/paper_literal,main/activate_customer/low/48,main,activate_customer,low,48,unsupported,paper_literal,1,1,1,1,1,0,0,0,0,0,0,1,0,0,3,3,0,8,81cf640d7cb966083bf1e87e8af3a49db341bfdf8bf37d56c2c3335fef18a676
main/activate_customer/low/48/unsupported/engineering,main/activate_customer/low/48,main,activate_customer,low,48,unsupported,engineering,1,1,1,1,1,0,0,0,0,0,0,1,0,1,3,3,0,8,81cf640d7cb966083bf1e87e8af3a49db341bfdf8bf37d56c2c3335fef18a676
main/activate_customer/low/49/supported/retry_only,main/activate_customer/low/49,main,activate_customer,low,49,supported,retry_only,1,1,1,1,1,0,0,0,0,0,0,1,0,0,3,3,0,8,eed2c7a192c5e5bd03a92f81c9d3d05eb754bf1f24c962908f781275b35b405d
main/activate_customer/low/49/supported/verify_only,main/activate_customer/low/49,main,activate_customer,low,49,supported,verify_only,1,1,1,1,1,0,0,0,0,0,0,1,0,0,3,3,0,8,eed2c7a192c5e5bd03a92f81c9d3d05eb754bf1f24c962908f781275b35b405d
main/activate_customer/low/49/supported/paper_literal,main/activate_customer/low/49,main,activate_customer,low,49,supported,paper_literal,1,1,1,1,1,0,0,0,0,0,0,1,0,0,3,3,0,8,eed2c7a192c5e5bd03a92f81c9d3d05eb754bf1f24c962908f781275b35b405d
main/activate_customer/low/49/supported/engineering,main/activate_customer/low/49,main,activate_customer,low,49,supported,engineering,1,1,1,1,1,0,0,0,0,0,0,1,0,1,3,3,0,8,eed2c7a192c5e5bd03a92f81c9d3d05eb754bf1f24c962908f781275b35b405d
main/activate_customer/low/49/unsupported/retry_only,main/activate_customer/low/49,main,activate_customer,low,49,unsupported,retry_only,1,1,1,1,1,0,0,0,0,0,0,1,0,0,3,3,0,8,eed2c7a192c5e5bd03a92f81c9d3d05eb754bf1f24c962908f781275b35b405d
main/activate_customer/low/49/unsupported/verify_only,main/activate_customer/low/49,main,activate_customer,low,49,unsupported,verify_only,1,1,1,1,1,0,0,0,0,0,0,1,0,0,3,3,0,8,eed2c7a192c5e5bd03a92f81c9d3d05eb754bf1f24c962908f781275b35b405d
main/activate_customer/low/49/unsupported/paper_literal,main/activate_customer/low/49,main,activate_customer,low,49,unsupported,paper_literal,1,1,1,1,1,0,0,0,0,0,0,1,0,0,3,3,0,8,eed2c7a192c5e5bd03a92f81c9d3d05eb754bf1f24c962908f781275b35b405d
main/activate_customer/low/49/unsupported/engineering,main/activate_customer/low/49,main,activate_customer,low,49,unsupported,engineering,1,1,1,1,1,0,0,0,0,0,0,1,0,1,3,3,0,8,eed2c7a192c5e5bd03a92f81c9d3d05eb754bf1f24c962908f781275b35b405d
main/activate_customer/low/50/supported/retry_only,main/activate_customer/low/50,main,activate_customer,low,50,supported,retry_only,1,1,1,1,1,0,0,0,0,0,0,1,0,0,3,3,0,8,8636e58799c09adf7415e7130b7f49cfde904f751feb209477d9a5cd8bde8290
main/activate_customer/low/50/supported/verify_only,main/activate_customer/low/50,main,activate_customer,low,50,supported,verify_only,1,1,1,1,1,0,0,0,0,0,0,1,0,0,3,3,0,8,8636e58799c09adf7415e7130b7f49cfde904f751feb209477d9a5cd8bde8290
main/activate_customer/low/50/supported/paper_literal,main/activate_customer/low/50,main,activate_customer,low,50,supported,paper_literal,1,1,1,1,1,0,0,0,0,0,0,1,0,0,3,3,0,8,8636e58799c09adf7415e7130b7f49cfde904f751feb209477d9a5cd8bde8290
main/activate_customer/low/50/supported/engineering,main/activate_customer/low/50,main,activate_customer,low,50,supported,engineering,1,1,1,1,1,0,0,0,0,0,0,1,0,1,3,3,0,8,8636e58799c09adf7415e7130b7f49cfde904f751feb209477d9a5cd8bde8290
main/activate_customer/low/50/unsupported/retry_only,main/activate_customer/low/50,main,activate_customer,low,50,unsupported,retry_only,1,1,1,1,1,0,0,0,0,0,0,1,0,0,3,3,0,8,8636e58799c09adf7415e7130b7f49cfde904f751feb209477d9a5cd8bde8290
main/activate_customer/low/50/unsupported/verify_only,main/activate_customer/low/50,main,activate_customer,low,50,unsupported,verify_only,1,1,1,1,1,0,0,0,0,0,0,1,0,0,3,3,0,8,8636e58799c09adf7415e7130b7f49cfde904f751feb209477d9a5cd8bde8290
main/activate_customer/low/50/unsupported/paper_literal,main/activate_customer/low/50,main,activate_customer,low,50,unsupported,paper_literal,1,1,1,1,1,0,0,0,0,0,0,1,0,0,3,3,0,8,8636e58799c09adf7415e7130b7f49cfde904f751feb209477d9a5cd8bde8290
main/activate_customer/low/50/unsupported/engineering,main/activate_customer/low/50,main,activate_customer,low,50,unsupported,engineering,1,1,1,1,1,0,0,0,0,0,0,1,0,1,3,3,0,8,8636e58799c09adf7415e7130b7f49cfde904f751feb209477d9a5cd8bde8290
main/activate_customer/low/51/supported/retry_only,main/activate_customer/low/51,main,activate_customer,low,51,supported,retry_only,1,1,1,1,1,0,0,0,0,0,0,1,0,0,3,3,0,8,8399b4a899dadb782cf9d198534b251d2efd587e408fb626ddaffde0c236f9dd
main/activate_customer/low/51/supported/verify_only,main/activate_customer/low/51,main,activate_customer,low,51,supported,verify_only,1,1,1,1,1,0,0,0,0,0,0,1,0,0,3,3,0,8,8399b4a899dadb782cf9d198534b251d2efd587e408fb626ddaffde0c236f9dd
main/activate_customer/low/51/supported/paper_literal,main/activate_customer/low/51,main,activate_customer,low,51,supported,paper_literal,1,1,1,1,1,0,0,0,0,0,0,1,0,0,3,3,0,8,8399b4a899dadb782cf9d198534b251d2efd587e408fb626ddaffde0c236f9dd
main/activate_customer/low/51/supported/engineering,main/activate_customer/low/51,main,activate_customer,low,51,supported,engineering,1,1,1,1,1,0,0,0,0,0,0,1,0,1,3,3,0,8,8399b4a899dadb782cf9d198534b251d2efd587e408fb626ddaffde0c236f9dd
main/activate_customer/low/51/unsupported/retry_only,main/activate_customer/low/51,main,activate_customer,low,51,unsupported,retry_only,1,1,1,1,1,0,0,0,0,0,0,1,0,0,3,3,0,8,8399b4a899dadb782cf9d198534b251d2efd587e408fb626ddaffde0c236f9dd
main/activate_customer/low/51/unsupported/verify_only,main/activate_customer/low/51,main,activate_customer,low,51,unsupported,verify_only,1,1,1,1,1,0,0,0,0,0,0,1,0,0,3,3,0,8,8399b4a899dadb782cf9d198534b251d2efd587e408fb626ddaffde0c236f9dd
main/activate_customer/low/51/unsupported/paper_literal,main/activate_customer/low/51,main,activate_customer,low,51,unsupported,paper_literal,1,1,1,1,1,0,0,0,0,0,0,1,0,0,3,3,0,8,8399b4a899dadb782cf9d198534b251d2efd587e408fb626ddaffde0c236f9dd
main/activate_customer/low/51/unsupported/engineering,main/activate_customer/low/51,main,activate_customer,low,51,unsupported,engineering,1,1,1,1,1,0,0,0,0,0,0,1,0,1,3,3,0,8,8399b4a899dadb782cf9d198534b251d2efd587e408fb626ddaffde0c236f9dd
main/activate_customer/low/52/supported/retry_only,main/activate_customer/low/52,main,activate_customer,low,52,supported,retry_only,1,1,1,1,1,0,0,0,0,0,0,1,0,0,3,3,0,8,1a12bb354738d523a7f0ae6c8209cc482d4cf0570a7ca18d5773f87081c24393
main/activate_customer/low/52/supported/verify_only,main/activate_customer/low/52,main,activate_customer,low,52,supported,verify_only,1,1,1,1,1,0,0,0,0,0,0,1,0,0,3,3,0,8,1a12bb354738d523a7f0ae6c8209cc482d4cf0570a7ca18d5773f87081c24393
main/activate_customer/low/52/supported/paper_literal,main/activate_customer/low/52,main,activate_customer,low,52,supported,paper_literal,1,1,1,1,1,0,0,0,0,0,0,1,0,0,3,3,0,8,1a12bb354738d523a7f0ae6c8209cc482d4cf0570a7ca18d5773f87081c24393
main/activate_customer/low/52/supported/engineering,main/activate_customer/low/52,main,activate_customer,low,52,supported,engineering,1,1,1,1,1,0,0,0,0,0,0,1,0,1,3,3,0,8,1a12bb354738d523a7f0ae6c8209cc482d4cf0570a7ca18d5773f87081c24393
main/activate_customer/low/52/unsupported/retry_only,main/activate_customer/low/52,main,activate_customer,low,52,unsupported,retry_only,1,1,1,1,1,0,0,0,0,0,0,1,0,0,3,3,0,8,1a12bb354738d523a7f0ae6c8209cc482d4cf0570a7ca18d5773f87081c24393
main/activate_customer/low/52/unsupported/verify_only,main/activate_customer/low/52,main,activate_customer,low,52,unsupported,verify_only,1,1,1,1,1,0,0,0,0,0,0,1,0,0,3,3,0,8,1a12bb354738d523a7f0ae6c8209cc482d4cf0570a7ca18d5773f87081c24393
main/activate_customer/low/52/unsupported/paper_literal,main/activate_customer/low/52,main,activate_customer,low,52,unsupported,paper_literal,1,1,1,1,1,0,0,0,0,0,0,1,0,0,3,3,0,8,1a12bb354738d523a7f0ae6c8209cc482d4cf0570a7ca18d5773f87081c24393
main/activate_customer/low/52/unsupported/engineering,main/activate_customer/low/52,main,activate_customer,low,52,unsupported,engineering,1,1,1,1,1,0,0,0,0,0,0,1,0,1,3,3,0,8,1a12bb354738d523a7f0ae6c8209cc482d4cf0570a7ca18d5773f87081c24393
main/activate_customer/low/53/supported/retry_only,main/activate_customer/low/53,main,activate_customer,low,53,supported,retry_only,1,1,1,1,1,0,0,0,0,0,0,1,0,0,3,3,0,8,95ac3cd2db085508b09f788969f872dfa2baca1f4f185d0a5d5733604a968b8a
main/activate_customer/low/53/supported/verify_only,main/activate_customer/low/53,main,activate_customer,low,53,supported,verify_only,1,1,1,1,1,0,0,0,0,0,0,1,0,0,3,3,0,8,95ac3cd2db085508b09f788969f872dfa2baca1f4f185d0a5d5733604a968b8a
main/activate_customer/low/53/supported/paper_literal,main/activate_customer/low/53,main,activate_customer,low,53,supported,paper_literal,1,1,1,1,1,0,0,0,0,0,0,1,0,0,3,3,0,8,95ac3cd2db085508b09f788969f872dfa2baca1f4f185d0a5d5733604a968b8a
main/activate_customer/low/53/supported/engineering,main/activate_customer/low/53,main,activate_customer,low,53,supported,engineering,1,1,1,1,1,0,0,0,0,0,0,1,0,1,3,3,0,8,95ac3cd2db085508b09f788969f872dfa2baca1f4f185d0a5d5733604a968b8a
main/activate_customer/low/53/unsupported/retry_only,main/activate_customer/low/53,main,activate_customer,low,53,unsupported,retry_only,1,1,1,1,1,0,0,0,0,0,0,1,0,0,3,3,0,8,95ac3cd2db085508b09f788969f872dfa2baca1f4f185d0a5d5733604a968b8a
main/activate_customer/low/53/unsupported/verify_only,main/activate_customer/low/53,main,activate_customer,low,53,unsupported,verify_only,1,1,1,1,1,0,0,0,0,0,0,1,0,0,3,3,0,8,95ac3cd2db085508b09f788969f872dfa2baca1f4f185d0a5d5733604a968b8a
main/activate_customer/low/53/unsupported/paper_literal,main/activate_customer/low/53,main,activate_customer,low,53,unsupported,paper_literal,1,1,1,1,1,0,0,0,0,0,0,1,0,0,3,3,0,8,95ac3cd2db085508b09f788969f872dfa2baca1f4f185d0a5d5733604a968b8a
main/activate_customer/low/53/unsupported/engineering,main/activate_customer/low/53,main,activate_customer,low,53,unsupported,engineering,1,1,1,1,1,0,0,0,0,0,0,1,0,1,3,3,0,8,95ac3cd2db085508b09f788969f872dfa2baca1f4f185d0a5d5733604a968b8a
main/activate_customer/low/54/supported/retry_only,main/activate_customer/low/54,main,activate_customer,low,54,supported,retry_only,1,1,1,1,1,0,0,0,0,0,0,1,0,0,3,3,0,8,2acf422959055fa7789754d2d5063c5f3041130a68f478aca634bc87ca55ddb3
main/activate_customer/low/54/supported/verify_only,main/activate_customer/low/54,main,activate_customer,low,54,supported,verify_only,1,1,1,1,1,0,0,0,0,0,0,1,0,0,3,3,0,8,2acf422959055fa7789754d2d5063c5f3041130a68f478aca634bc87ca55ddb3
main/activate_customer/low/54/supported/paper_literal,main/activate_customer/low/54,main,activate_customer,low,54,supported,paper_literal,1,1,1,1,1,0,0,0,0,0,0,1,0,0,3,3,0,8,2acf422959055fa7789754d2d5063c5f3041130a68f478aca634bc87ca55ddb3
main/activate_customer/low/54/supported/engineering,main/activate_customer/low/54,main,activate_customer,low,54,supported,engineering,1,1,1,1,1,0,0,0,0,0,0,1,0,1,3,3,0,8,2acf422959055fa7789754d2d5063c5f3041130a68f478aca634bc87ca55ddb3
main/activate_customer/low/54/unsupported/retry_only,main/activate_customer/low/54,main,activate_customer,low,54,unsupported,retry_only,1,1,1,1,1,0,0,0,0,0,0,1,0,0,3,3,0,8,2acf422959055fa7789754d2d5063c5f3041130a68f478aca634bc87ca55ddb3
main/activate_customer/low/54/unsupported/verify_only,main/activate_customer/low/54,main,activate_customer,low,54,unsupported,verify_only,1,1,1,1,1,0,0,0,0,0,0,1,0,0,3,3,0,8,2acf422959055fa7789754d2d5063c5f3041130a68f478aca634bc87ca55ddb3
main/activate_customer/low/54/unsupported/paper_literal,main/activate_customer/low/54,main,activate_customer,low,54,unsupported,paper_literal,1,1,1,1,1,0,0,0,0,0,0,1,0,0,3,3,0,8,2acf422959055fa7789754d2d5063c5f3041130a68f478aca634bc87ca55ddb3
main/activate_customer/low/54/unsupported/engineering,main/activate_customer/low/54,main,activate_customer,low,54,unsupported,engineering,1,1,1,1,1,0,0,0,0,0,0,1,0,1,3,3,0,8,2acf422959055fa7789754d2d5063c5f3041130a68f478aca634bc87ca55ddb3
main/activate_customer/low/55/supported/retry_only,main/activate_customer/low/55,main,activate_customer,low,55,supported,retry_only,1,1,1,1,1,0,0,0,0,0,0,1,0,0,3,3,0,8,3435216462243d718a24eaa9c00793e74f7487aa99d71553d123321bf9d72ed0
main/activate_customer/low/55/supported/verify_only,main/activate_customer/low/55,main,activate_customer,low,55,supported,verify_only,1,1,1,1,1,0,0,0,0,0,0,1,0,0,3,3,0,8,3435216462243d718a24eaa9c00793e74f7487aa99d71553d123321bf9d72ed0
main/activate_customer/low/55/supported/paper_literal,main/activate_customer/low/55,main,activate_customer,low,55,supported,paper_literal,1,1,1,1,1,0,0,0,0,0,0,1,0,0,3,3,0,8,3435216462243d718a24eaa9c00793e74f7487aa99d71553d123321bf9d72ed0
main/activate_customer/low/55/supported/engineering,main/activate_customer/low/55,main,activate_customer,low,55,supported,engineering,1,1,1,1,1,0,0,0,0,0,0,1,0,1,3,3,0,8,3435216462243d718a24eaa9c00793e74f7487aa99d71553d123321bf9d72ed0
main/activate_customer/low/55/unsupported/retry_only,main/activate_customer/low/55,main,activate_customer,low,55,unsupported,retry_only,1,1,1,1,1,0,0,0,0,0,0,1,0,0,3,3,0,8,3435216462243d718a24eaa9c00793e74f7487aa99d71553d123321bf9d72ed0
main/activate_customer/low/55/unsupported/verify_only,main/activate_customer/low/55,main,activate_customer,low,55,unsupported,verify_only,1,1,1,1,1,0,0,0,0,0,0,1,0,0,3,3,0,8,3435216462243d718a24eaa9c00793e74f7487aa99d71553d123321bf9d72ed0
main/activate_customer/low/55/unsupported/paper_literal,main/activate_customer/low/55,main,activate_customer,low,55,unsupported,paper_literal,1,1,1,1,1,0,0,0,0,0,0,1,0,0,3,3,0,8,3435216462243d718a24eaa9c00793e74f7487aa99d71553d123321bf9d72ed0
main/activate_customer/low/55/unsupported/engineering,main/activate_customer/low/55,main,activate_customer,low,55,unsupported,engineering,1,1,1,1,1,0,0,0,0,0,0,1,0,1,3,3,0,8,3435216462243d718a24eaa9c00793e74f7487aa99d71553d123321bf9d72ed0
main/activate_customer/low/56/supported/retry_only,main/activate_customer/low/56,main,activate_customer,low,56,supported,retry_only,1,1,1,1,1,0,0,0,0,0,0,1,0,0,3,3,0,8,cd9f42ba1c4fc6873e9c4d0fd9c8865092585cb828d50bd83fa458a2e2c0784f
main/activate_customer/low/56/supported/verify_only,main/activate_customer/low/56,main,activate_customer,low,56,supported,verify_only,1,1,1,1,1,0,0,0,0,0,0,1,0,0,3,3,0,8,cd9f42ba1c4fc6873e9c4d0fd9c8865092585cb828d50bd83fa458a2e2c0784f
main/activate_customer/low/56/supported/paper_literal,main/activate_customer/low/56,main,activate_customer,low,56,supported,paper_literal,1,1,1,1,1,0,0,0,0,0,0,1,0,0,3,3,0,8,cd9f42ba1c4fc6873e9c4d0fd9c8865092585cb828d50bd83fa458a2e2c0784f
main/activate_customer/low/56/supported/engineering,main/activate_customer/low/56,main,activate_customer,low,56,supported,engineering,1,1,1,1,1,0,0,0,0,0,0,1,0,1,3,3,0,8,cd9f42ba1c4fc6873e9c4d0fd9c8865092585cb828d50bd83fa458a2e2c0784f
main/activate_customer/low/56/unsupported/retry_only,main/activate_customer/low/56,main,activate_customer,low,56,unsupported,retry_only,1,1,1,1,1,0,0,0,0,0,0,1,0,0,3,3,0,8,cd9f42ba1c4fc6873e9c4d0fd9c8865092585cb828d50bd83fa458a2e2c0784f
main/activate_customer/low/56/unsupported/verify_only,main/activate_customer/low/56,main,activate_customer,low,56,unsupported,verify_only,1,1,1,1,1,0,0,0,0,0,0,1,0,0,3,3,0,8,cd9f42ba1c4fc6873e9c4d0fd9c8865092585cb828d50bd83fa458a2e2c0784f
main/activate_customer/low/56/unsupported/paper_literal,main/activate_customer/low/56,main,activate_customer,low,56,unsupported,paper_literal,1,1,1,1,1,0,0,0,0,0,0,1,0,0,3,3,0,8,cd9f42ba1c4fc6873e9c4d0fd9c8865092585cb828d50bd83fa458a2e2c0784f
main/activate_customer/low/56/unsupported/engineering,main/activate_customer/low/56,main,activate_customer,low,56,unsupported,engineering,1,1,1,1,1,0,0,0,0,0,0,1,0,1,3,3,0,8,cd9f42ba1c4fc6873e9c4d0fd9c8865092585cb828d50bd83fa458a2e2c0784f
main/activate_customer/low/57/supported/retry_only,main/activate_customer/low/57,main,activate_customer,low,57,supported,retry_only,1,1,1,1,1,0,0,0,0,0,0,2,1,0,5,5,0,8,4d0b7da2cbed17634587a341834a1e18117fa6d07dcd7ba1689d7cd4b8942e0e
main/activate_customer/low/57/supported/verify_only,main/activate_customer/low/57,main,activate_customer,low,57,supported,verify_only,1,0,0,0,0,1,1,0,0,0,1,1,0,1,2,2,1,8,4d0b7da2cbed17634587a341834a1e18117fa6d07dcd7ba1689d7cd4b8942e0e
main/activate_customer/low/57/supported/paper_literal,main/activate_customer/low/57,main,activate_customer,low,57,supported,paper_literal,1,0,0,0,0,1,1,0,0,0,1,1,0,1,2,2,1,8,4d0b7da2cbed17634587a341834a1e18117fa6d07dcd7ba1689d7cd4b8942e0e
main/activate_customer/low/57/supported/engineering,main/activate_customer/low/57,main,activate_customer,low,57,supported,engineering,1,1,1,1,1,0,0,0,0,0,0,2,1,2,3,3,1,8,4d0b7da2cbed17634587a341834a1e18117fa6d07dcd7ba1689d7cd4b8942e0e
main/activate_customer/low/57/unsupported/retry_only,main/activate_customer/low/57,main,activate_customer,low,57,unsupported,retry_only,1,1,1,1,1,0,0,0,0,0,0,2,1,0,5,5,0,8,4d0b7da2cbed17634587a341834a1e18117fa6d07dcd7ba1689d7cd4b8942e0e
main/activate_customer/low/57/unsupported/verify_only,main/activate_customer/low/57,main,activate_customer,low,57,unsupported,verify_only,1,0,0,0,0,1,1,0,0,0,1,1,0,1,2,2,1,8,4d0b7da2cbed17634587a341834a1e18117fa6d07dcd7ba1689d7cd4b8942e0e
main/activate_customer/low/57/unsupported/paper_literal,main/activate_customer/low/57,main,activate_customer,low,57,unsupported,paper_literal,1,0,0,0,0,1,1,0,0,0,1,1,0,1,2,2,1,8,4d0b7da2cbed17634587a341834a1e18117fa6d07dcd7ba1689d7cd4b8942e0e
main/activate_customer/low/57/unsupported/engineering,main/activate_customer/low/57,main,activate_customer,low,57,unsupported,engineering,1,1,1,1,1,0,0,0,0,0,0,2,1,2,5,5,1,8,4d0b7da2cbed17634587a341834a1e18117fa6d07dcd7ba1689d7cd4b8942e0e
main/activate_customer/low/58/supported/retry_only,main/activate_customer/low/58,main,activate_customer,low,58,supported,retry_only,1,1,1,1,1,0,0,0,0,0,0,1,0,0,3,3,0,8,74d70921f4178ec06dd364bdc57fc93e5f60510940b47e42f7a5a50b2d772390
main/activate_customer/low/58/supported/verify_only,main/activate_customer/low/58,main,activate_customer,low,58,supported,verify_only,1,1,1,1,1,0,0,0,0,0,0,1,0,0,3,3,0,8,74d70921f4178ec06dd364bdc57fc93e5f60510940b47e42f7a5a50b2d772390
main/activate_customer/low/58/supported/paper_literal,main/activate_customer/low/58,main,activate_customer,low,58,supported,paper_literal,1,1,1,1,1,0,0,0,0,0,0,1,0,0,3,3,0,8,74d70921f4178ec06dd364bdc57fc93e5f60510940b47e42f7a5a50b2d772390
main/activate_customer/low/58/supported/engineering,main/activate_customer/low/58,main,activate_customer,low,58,supported,engineering,1,1,1,1,1,0,0,0,0,0,0,1,0,1,3,3,0,8,74d70921f4178ec06dd364bdc57fc93e5f60510940b47e42f7a5a50b2d772390
main/activate_customer/low/58/unsupported/retry_only,main/activate_customer/low/58,main,activate_customer,low,58,unsupported,retry_only,1,1,1,1,1,0,0,0,0,0,0,1,0,0,3,3,0,8,74d70921f4178ec06dd364bdc57fc93e5f60510940b47e42f7a5a50b2d772390
main/activate_customer/low/58/unsupported/verify_only,main/activate_customer/low/58,main,activate_customer,low,58,unsupported,verify_only,1,1,1,1,1,0,0,0,0,0,0,1,0,0,3,3,0,8,74d70921f4178ec06dd364bdc57fc93e5f60510940b47e42f7a5a50b2d772390
main/activate_customer/low/58/unsupported/paper_literal,main/activate_customer/low/58,main,activate_customer,low,58,unsupported,paper_literal,1,1,1,1,1,0,0,0,0,0,0,1,0,0,3,3,0,8,74d70921f4178ec06dd364bdc57fc93e5f60510940b47e42f7a5a50b2d772390
main/activate_customer/low/58/unsupported/engineering,main/activate_customer/low/58,main,activate_customer,low,58,unsupported,engineering,1,1,1,1,1,0,0,0,0,0,0,1,0,1,3,3,0,8,74d70921f4178ec06dd364bdc57fc93e5f60510940b47e42f7a5a50b2d772390
main/activate_customer/low/59/supported/retry_only,main/activate_customer/low/59,main,activate_customer,low,59,supported,retry_only,1,1,1,1,1,0,0,0,0,0,0,1,0,0,3,3,0,8,6db4be7b1182c8e4ab7e6ddabd5aa9a1fc637986de418574bf1befb6a615f406
main/activate_customer/low/59/supported/verify_only,main/activate_customer/low/59,main,activate_customer,low,59,supported,verify_only,1,1,1,1,1,0,0,0,0,0,0,1,0,0,3,3,0,8,6db4be7b1182c8e4ab7e6ddabd5aa9a1fc637986de418574bf1befb6a615f406
main/activate_customer/low/59/supported/paper_literal,main/activate_customer/low/59,main,activate_customer,low,59,supported,paper_literal,1,1,1,1,1,0,0,0,0,0,0,1,0,0,3,3,0,8,6db4be7b1182c8e4ab7e6ddabd5aa9a1fc637986de418574bf1befb6a615f406
main/activate_customer/low/59/supported/engineering,main/activate_customer/low/59,main,activate_customer,low,59,supported,engineering,1,1,1,1,1,0,0,0,0,0,0,1,0,1,3,3,0,8,6db4be7b1182c8e4ab7e6ddabd5aa9a1fc637986de418574bf1befb6a615f406
main/activate_customer/low/59/unsupported/retry_only,main/activate_customer/low/59,main,activate_customer,low,59,unsupported,retry_only,1,1,1,1,1,0,0,0,0,0,0,1,0,0,3,3,0,8,6db4be7b1182c8e4ab7e6ddabd5aa9a1fc637986de418574bf1befb6a615f406
main/activate_customer/low/59/unsupported/verify_only,main/activate_customer/low/59,main,activate_customer,low,59,unsupported,verify_only,1,1,1,1,1,0,0,0,0,0,0,1,0,0,3,3,0,8,6db4be7b1182c8e4ab7e6ddabd5aa9a1fc637986de418574bf1befb6a615f406
main/activate_customer/low/59/unsupported/paper_literal,main/activate_customer/low/59,main,activate_customer,low,59,unsupported,paper_literal,1,1,1,1,1,0,0,0,0,0,0,1,0,0,3,3,0,8,6db4be7b1182c8e4ab7e6ddabd5aa9a1fc637986de418574bf1befb6a615f406
main/activate_customer/low/59/unsupported/engineering,main/activate_customer/low/59,main,activate_customer,low,59,unsupported,engineering,1,1,1,1,1,0,0,0,0,0,0,1,0,1,3,3,0,8,6db4be7b1182c8e4ab7e6ddabd5aa9a1fc637986de418574bf1befb6a615f406
main/activate_customer/low/60/supported/retry_only,main/activate_customer/low/60,main,activate_customer,low,60,supported,retry_only,1,1,1,1,1,0,0,0,0,0,0,1,0,0,3,3,0,8,5a6361ab8b52d9fb451e680d640338f01e67fd40e3c1be973b8b22d085b1bba4
main/activate_customer/low/60/supported/verify_only,main/activate_customer/low/60,main,activate_customer,low,60,supported,verify_only,1,1,1,1,1,0,0,0,0,0,0,1,0,0,3,3,0,8,5a6361ab8b52d9fb451e680d640338f01e67fd40e3c1be973b8b22d085b1bba4
main/activate_customer/low/60/supported/paper_literal,main/activate_customer/low/60,main,activate_customer,low,60,supported,paper_literal,1,1,1,1,1,0,0,0,0,0,0,1,0,0,3,3,0,8,5a6361ab8b52d9fb451e680d640338f01e67fd40e3c1be973b8b22d085b1bba4
main/activate_customer/low/60/supported/engineering,main/activate_customer/low/60,main,activate_customer,low,60,supported,engineering,1,1,1,1,1,0,0,0,0,0,0,1,0,1,3,3,0,8,5a6361ab8b52d9fb451e680d640338f01e67fd40e3c1be973b8b22d085b1bba4
main/activate_customer/low/60/unsupported/retry_only,main/activate_customer/low/60,main,activate_customer,low,60,unsupported,retry_only,1,1,1,1,1,0,0,0,0,0,0,1,0,0,3,3,0,8,5a6361ab8b52d9fb451e680d640338f01e67fd40e3c1be973b8b22d085b1bba4
main/activate_customer/low/60/unsupported/verify_only,main/activate_customer/low/60,main,activate_customer,low,60,unsupported,verify_only,1,1,1,1,1,0,0,0,0,0,0,1,0,0,3,3,0,8,5a6361ab8b52d9fb451e680d640338f01e67fd40e3c1be973b8b22d085b1bba4
main/activate_customer/low/60/unsupported/paper_literal,main/activate_customer/low/60,main,activate_customer,low,60,unsupported,paper_literal,1,1,1,1,1,0,0,0,0,0,0,1,0,0,3,3,0,8,5a6361ab8b52d9fb451e680d640338f01e67fd40e3c1be973b8b22d085b1bba4
main/activate_customer/low/60/unsupported/engineering,main/activate_customer/low/60,main,activate_customer,low,60,unsupported,engineering,1,1,1,1,1,0,0,0,0,0,0,1,0,1,3,3,0,8,5a6361ab8b52d9fb451e680d640338f01e67fd40e3c1be973b8b22d085b1bba4
main/activate_customer/low/61/supported/retry_only,main/activate_customer/low/61,main,activate_customer,low,61,supported,retry_only,1,1,1,1,1,0,0,0,0,0,0,1,0,0,3,3,0,8,a6e8ae12d5ef169d785d49bce36754879a002d504090f04218e174c14aae784d
main/activate_customer/low/61/supported/verify_only,main/activate_customer/low/61,main,activate_customer,low,61,supported,verify_only,1,1,1,1,1,0,0,0,0,0,0,1,0,0,3,3,0,8,a6e8ae12d5ef169d785d49bce36754879a002d504090f04218e174c14aae784d
main/activate_customer/low/61/supported/paper_literal,main/activate_customer/low/61,main,activate_customer,low,61,supported,paper_literal,1,1,1,1,1,0,0,0,0,0,0,1,0,0,3,3,0,8,a6e8ae12d5ef169d785d49bce36754879a002d504090f04218e174c14aae784d
main/activate_customer/low/61/supported/engineering,main/activate_customer/low/61,main,activate_customer,low,61,supported,engineering,1,1,1,1,1,0,0,0,0,0,0,1,0,1,3,3,0,8,a6e8ae12d5ef169d785d49bce36754879a002d504090f04218e174c14aae784d
main/activate_customer/low/61/unsupported/retry_only,main/activate_customer/low/61,main,activate_customer,low,61,unsupported,retry_only,1,1,1,1,1,0,0,0,0,0,0,1,0,0,3,3,0,8,a6e8ae12d5ef169d785d49bce36754879a002d504090f04218e174c14aae784d
main/activate_customer/low/61/unsupported/verify_only,main/activate_customer/low/61,main,activate_customer,low,61,unsupported,verify_only,1,1,1,1,1,0,0,0,0,0,0,1,0,0,3,3,0,8,a6e8ae12d5ef169d785d49bce36754879a002d504090f04218e174c14aae784d
main/activate_customer/low/61/unsupported/paper_literal,main/activate_customer/low/61,main,activate_customer,low,61,unsupported,paper_literal,1,1,1,1,1,0,0,0,0,0,0,1,0,0,3,3,0,8,a6e8ae12d5ef169d785d49bce36754879a002d504090f04218e174c14aae784d
main/activate_customer/low/61/unsupported/engineering,main/activate_customer/low/61,main,activate_customer,low,61,unsupported,engineering,1,1,1,1,1,0,0,0,0,0,0,1,0,1,3,3,0,8,a6e8ae12d5ef169d785d49bce36754879a002d504090f04218e174c14aae784d
main/activate_customer/low/62/supported/retry_only,main/activate_customer/low/62,main,activate_customer,low,62,supported,retry_only,1,1,1,1,1,0,0,0,0,0,0,1,0,0,3,3,0,8,f12e5ee03015d76e42126127cb9c3c21cc8782042cdd1c09974979633b2a6b80
main/activate_customer/low/62/supported/verify_only,main/activate_customer/low/62,main,activate_customer,low,62,supported,verify_only,1,1,1,1,1,0,0,0,0,0,0,1,0,0,3,3,0,8,f12e5ee03015d76e42126127cb9c3c21cc8782042cdd1c09974979633b2a6b80
main/activate_customer/low/62/supported/paper_literal,main/activate_customer/low/62,main,activate_customer,low,62,supported,paper_literal,1,1,1,1,1,0,0,0,0,0,0,1,0,0,3,3,0,8,f12e5ee03015d76e42126127cb9c3c21cc8782042cdd1c09974979633b2a6b80
main/activate_customer/low/62/supported/engineering,main/activate_customer/low/62,main,activate_customer,low,62,supported,engineering,1,1,1,1,1,0,0,0,0,0,0,1,0,1,3,3,0,8,f12e5ee03015d76e42126127cb9c3c21cc8782042cdd1c09974979633b2a6b80
main/activate_customer/low/62/unsupported/retry_only,main/activate_customer/low/62,main,activate_customer,low,62,unsupported,retry_only,1,1,1,1,1,0,0,0,0,0,0,1,0,0,3,3,0,8,f12e5ee03015d76e42126127cb9c3c21cc8782042cdd1c09974979633b2a6b80
main/activate_customer/low/62/unsupported/verify_only,main/activate_customer/low/62,main,activate_customer,low,62,unsupported,verify_only,1,1,1,1,1,0,0,0,0,0,0,1,0,0,3,3,0,8,f12e5ee03015d76e42126127cb9c3c21cc8782042cdd1c09974979633b2a6b80
main/activate_customer/low/62/unsupported/paper_literal,main/activate_customer/low/62,main,activate_customer,low,62,unsupported,paper_literal,1,1,1,1,1,0,0,0,0,0,0,1,0,0,3,3,0,8,f12e5ee03015d76e42126127cb9c3c21cc8782042cdd1c09974979633b2a6b80
main/activate_customer/low/62/unsupported/engineering,main/activate_customer/low/62,main,activate_customer,low,62,unsupported,engineering,1,1,1,1,1,0,0,0,0,0,0,1,0,1,3,3,0,8,f12e5ee03015d76e42126127cb9c3c21cc8782042cdd1c09974979633b2a6b80
main/activate_customer/low/63/supported/retry_only,main/activate_customer/low/63,main,activate_customer,low,63,supported,retry_only,1,1,1,1,1,0,0,0,0,0,0,1,0,0,3,3,0,8,e99ae684b107869d300d2a2ccc495f81970b06c6cb76d31e58e0386ce143e9d5
main/activate_customer/low/63/supported/verify_only,main/activate_customer/low/63,main,activate_customer,low,63,supported,verify_only,1,1,1,1,1,0,0,0,0,0,0,1,0,0,3,3,0,8,e99ae684b107869d300d2a2ccc495f81970b06c6cb76d31e58e0386ce143e9d5
main/activate_customer/low/63/supported/paper_literal,main/activate_customer/low/63,main,activate_customer,low,63,supported,paper_literal,1,1,1,1,1,0,0,0,0,0,0,1,0,0,3,3,0,8,e99ae684b107869d300d2a2ccc495f81970b06c6cb76d31e58e0386ce143e9d5
main/activate_customer/low/63/supported/engineering,main/activate_customer/low/63,main,activate_customer,low,63,supported,engineering,1,1,1,1,1,0,0,0,0,0,0,1,0,1,3,3,0,8,e99ae684b107869d300d2a2ccc495f81970b06c6cb76d31e58e0386ce143e9d5
main/activate_customer/low/63/unsupported/retry_only,main/activate_customer/low/63,main,activate_customer,low,63,unsupported,retry_only,1,1,1,1,1,0,0,0,0,0,0,1,0,0,3,3,0,8,e99ae684b107869d300d2a2ccc495f81970b06c6cb76d31e58e0386ce143e9d5
main/activate_customer/low/63/unsupported/verify_only,main/activate_customer/low/63,main,activate_customer,low,63,unsupported,verify_only,1,1,1,1,1,0,0,0,0,0,0,1,0,0,3,3,0,8,e99ae684b107869d300d2a2ccc495f81970b06c6cb76d31e58e0386ce143e9d5
main/activate_customer/low/63/unsupported/paper_literal,main/activate_customer/low/63,main,activate_customer,low,63,unsupported,paper_literal,1,1,1,1,1,0,0,0,0,0,0,1,0,0,3,3,0,8,e99ae684b107869d300d2a2ccc495f81970b06c6cb76d31e58e0386ce143e9d5
main/activate_customer/low/63/unsupported/engineering,main/activate_customer/low/63,main,activate_customer,low,63,unsupported,engineering,1,1,1,1,1,0,0,0,0,0,0,1,0,1,3,3,0,8,e99ae684b107869d300d2a2ccc495f81970b06c6cb76d31e58e0386ce143e9d5
main/activate_customer/low/64/supported/retry_only,main/activate_customer/low/64,main,activate_customer,low,64,supported,retry_only,1,1,1,1,1,0,0,0,0,0,0,1,0,0,3,3,0,8,d08046fc7dd5aafa3711464624331417712e858216c8e35986cecbf51fc00a6b
main/activate_customer/low/64/supported/verify_only,main/activate_customer/low/64,main,activate_customer,low,64,supported,verify_only,1,1,1,1,1,0,0,0,0,0,0,1,0,0,3,3,0,8,d08046fc7dd5aafa3711464624331417712e858216c8e35986cecbf51fc00a6b
main/activate_customer/low/64/supported/paper_literal,main/activate_customer/low/64,main,activate_customer,low,64,supported,paper_literal,1,1,1,1,1,0,0,0,0,0,0,1,0,0,3,3,0,8,d08046fc7dd5aafa3711464624331417712e858216c8e35986cecbf51fc00a6b
main/activate_customer/low/64/supported/engineering,main/activate_customer/low/64,main,activate_customer,low,64,supported,engineering,1,1,1,1,1,0,0,0,0,0,0,1,0,1,3,3,0,8,d08046fc7dd5aafa3711464624331417712e858216c8e35986cecbf51fc00a6b
main/activate_customer/low/64/unsupported/retry_only,main/activate_customer/low/64,main,activate_customer,low,64,unsupported,retry_only,1,1,1,1,1,0,0,0,0,0,0,1,0,0,3,3,0,8,d08046fc7dd5aafa3711464624331417712e858216c8e35986cecbf51fc00a6b
main/activate_customer/low/64/unsupported/verify_only,main/activate_customer/low/64,main,activate_customer,low,64,unsupported,verify_only,1,1,1,1,1,0,0,0,0,0,0,1,0,0,3,3,0,8,d08046fc7dd5aafa3711464624331417712e858216c8e35986cecbf51fc00a6b
main/activate_customer/low/64/unsupported/paper_literal,main/activate_customer/low/64,main,activate_customer,low,64,unsupported,paper_literal,1,1,1,1,1,0,0,0,0,0,0,1,0,0,3,3,0,8,d08046fc7dd5aafa3711464624331417712e858216c8e35986cecbf51fc00a6b
main/activate_customer/low/64/unsupported/engineering,main/activate_customer/low/64,main,activate_customer,low,64,unsupported,engineering,1,1,1,1,1,0,0,0,0,0,0,1,0,1,3,3,0,8,d08046fc7dd5aafa3711464624331417712e858216c8e35986cecbf51fc00a6b
main/activate_customer/low/65/supported/retry_only,main/activate_customer/low/65,main,activate_customer,low,65,supported,retry_only,1,1,1,1,1,0,0,0,0,0,0,1,0,0,3,3,0,8,3ef664ec9e9677b6f90e1ca7e221c251a79416d1098d4df07f19cd278102329d
main/activate_customer/low/65/supported/verify_only,main/activate_customer/low/65,main,activate_customer,low,65,supported,verify_only,1,1,1,1,1,0,0,0,0,0,0,1,0,0,3,3,0,8,3ef664ec9e9677b6f90e1ca7e221c251a79416d1098d4df07f19cd278102329d
main/activate_customer/low/65/supported/paper_literal,main/activate_customer/low/65,main,activate_customer,low,65,supported,paper_literal,1,1,1,1,1,0,0,0,0,0,0,1,0,0,3,3,0,8,3ef664ec9e9677b6f90e1ca7e221c251a79416d1098d4df07f19cd278102329d
main/activate_customer/low/65/supported/engineering,main/activate_customer/low/65,main,activate_customer,low,65,supported,engineering,1,1,1,1,1,0,0,0,0,0,0,1,0,1,3,3,0,8,3ef664ec9e9677b6f90e1ca7e221c251a79416d1098d4df07f19cd278102329d
main/activate_customer/low/65/unsupported/retry_only,main/activate_customer/low/65,main,activate_customer,low,65,unsupported,retry_only,1,1,1,1,1,0,0,0,0,0,0,1,0,0,3,3,0,8,3ef664ec9e9677b6f90e1ca7e221c251a79416d1098d4df07f19cd278102329d
main/activate_customer/low/65/unsupported/verify_only,main/activate_customer/low/65,main,activate_customer,low,65,unsupported,verify_only,1,1,1,1,1,0,0,0,0,0,0,1,0,0,3,3,0,8,3ef664ec9e9677b6f90e1ca7e221c251a79416d1098d4df07f19cd278102329d
main/activate_customer/low/65/unsupported/paper_literal,main/activate_customer/low/65,main,activate_customer,low,65,unsupported,paper_literal,1,1,1,1,1,0,0,0,0,0,0,1,0,0,3,3,0,8,3ef664ec9e9677b6f90e1ca7e221c251a79416d1098d4df07f19cd278102329d
main/activate_customer/low/65/unsupported/engineering,main/activate_customer/low/65,main,activate_customer,low,65,unsupported,engineering,1,1,1,1,1,0,0,0,0,0,0,1,0,1,3,3,0,8,3ef664ec9e9677b6f90e1ca7e221c251a79416d1098d4df07f19cd278102329d
main/activate_customer/low/66/supported/retry_only,main/activate_customer/low/66,main,activate_customer,low,66,supported,retry_only,1,1,1,1,1,0,0,0,0,0,0,1,0,0,3,3,0,8,1bd59857c6d12747fd69224adce13cc19879f0badcc3e57d2b8d756f986a4b28
main/activate_customer/low/66/supported/verify_only,main/activate_customer/low/66,main,activate_customer,low,66,supported,verify_only,1,1,1,1,1,0,0,0,0,0,0,1,0,0,3,3,0,8,1bd59857c6d12747fd69224adce13cc19879f0badcc3e57d2b8d756f986a4b28
main/activate_customer/low/66/supported/paper_literal,main/activate_customer/low/66,main,activate_customer,low,66,supported,paper_literal,1,1,1,1,1,0,0,0,0,0,0,1,0,0,3,3,0,8,1bd59857c6d12747fd69224adce13cc19879f0badcc3e57d2b8d756f986a4b28
main/activate_customer/low/66/supported/engineering,main/activate_customer/low/66,main,activate_customer,low,66,supported,engineering,1,1,1,1,1,0,0,0,0,0,0,1,0,1,3,3,0,8,1bd59857c6d12747fd69224adce13cc19879f0badcc3e57d2b8d756f986a4b28
main/activate_customer/low/66/unsupported/retry_only,main/activate_customer/low/66,main,activate_customer,low,66,unsupported,retry_only,1,1,1,1,1,0,0,0,0,0,0,1,0,0,3,3,0,8,1bd59857c6d12747fd69224adce13cc19879f0badcc3e57d2b8d756f986a4b28
main/activate_customer/low/66/unsupported/verify_only,main/activate_customer/low/66,main,activate_customer,low,66,unsupported,verify_only,1,1,1,1,1,0,0,0,0,0,0,1,0,0,3,3,0,8,1bd59857c6d12747fd69224adce13cc19879f0badcc3e57d2b8d756f986a4b28
main/activate_customer/low/66/unsupported/paper_literal,main/activate_customer/low/66,main,activate_customer,low,66,unsupported,paper_literal,1,1,1,1,1,0,0,0,0,0,0,1,0,0,3,3,0,8,1bd59857c6d12747fd69224adce13cc19879f0badcc3e57d2b8d756f986a4b28
main/activate_customer/low/66/unsupported/engineering,main/activate_customer/low/66,main,activate_customer,low,66,unsupported,engineering,1,1,1,1,1,0,0,0,0,0,0,1,0,1,3,3,0,8,1bd59857c6d12747fd69224adce13cc19879f0badcc3e57d2b8d756f986a4b28
main/activate_customer/medium/42/supported/retry_only,main/activate_customer/medium/42,main,activate_customer,medium,42,supported,retry_only,1,0,0,0,0,1,1,0,0,1,0,2,1,0,6,6,0,8,c824e7b91be59f01045c311425c61f9612f488eafe1f5fdf56b4ac80ea8108fe
main/activate_customer/medium/42/supported/verify_only,main/activate_customer/medium/42,main,activate_customer,medium,42,supported,verify_only,0,1,1,1,1,0,0,1,1,0,0,1,0,1,3,3,1,8,c824e7b91be59f01045c311425c61f9612f488eafe1f5fdf56b4ac80ea8108fe
main/activate_customer/medium/42/supported/paper_literal,main/activate_customer/medium/42,main,activate_customer,medium,42,supported,paper_literal,0,1,1,1,1,0,0,1,1,0,0,2,1,1,3,3,1,8,c824e7b91be59f01045c311425c61f9612f488eafe1f5fdf56b4ac80ea8108fe
main/activate_customer/medium/42/supported/engineering,main/activate_customer/medium/42,main,activate_customer,medium,42,supported,engineering,1,1,1,1,1,0,0,0,0,0,0,2,1,3,3,3,2,8,c824e7b91be59f01045c311425c61f9612f488eafe1f5fdf56b4ac80ea8108fe
main/activate_customer/medium/42/unsupported/retry_only,main/activate_customer/medium/42,main,activate_customer,medium,42,unsupported,retry_only,1,0,0,0,0,1,1,0,0,1,0,2,1,0,6,6,0,8,c824e7b91be59f01045c311425c61f9612f488eafe1f5fdf56b4ac80ea8108fe
main/activate_customer/medium/42/unsupported/verify_only,main/activate_customer/medium/42,main,activate_customer,medium,42,unsupported,verify_only,0,1,1,1,1,0,0,1,1,0,0,1,0,1,3,3,1,8,c824e7b91be59f01045c311425c61f9612f488eafe1f5fdf56b4ac80ea8108fe
main/activate_customer/medium/42/unsupported/paper_literal,main/activate_customer/medium/42,main,activate_customer,medium,42,unsupported,paper_literal,0,0,0,0,0,0,0,0,0,1,0,2,1,1,6,6,1,8,c824e7b91be59f01045c311425c61f9612f488eafe1f5fdf56b4ac80ea8108fe
main/activate_customer/medium/42/unsupported/engineering,main/activate_customer/medium/42,main,activate_customer,medium,42,unsupported,engineering,0,0,0,0,0,0,0,0,0,1,0,2,1,3,6,6,2,8,c824e7b91be59f01045c311425c61f9612f488eafe1f5fdf56b4ac80ea8108fe
main/activate_customer/medium/43/supported/retry_only,main/activate_customer/medium/43,main,activate_customer,medium,43,supported,retry_only,1,0,0,0,0,1,1,0,0,1,0,2,1,0,6,6,0,8,c629570eb3c41d46026d5e28f7a9789d422608c777b88776bfbd3b927f9f26ef
main/activate_customer/medium/43/supported/verify_only,main/activate_customer/medium/43,main,activate_customer,medium,43,supported,verify_only,1,1,1,1,1,0,0,0,0,0,0,1,0,1,3,3,1,8,c629570eb3c41d46026d5e28f7a9789d422608c777b88776bfbd3b927f9f26ef
main/activate_customer/medium/43/supported/paper_literal,main/activate_customer/medium/43,main,activate_customer,medium,43,supported,paper_literal,1,1,1,1,1,0,0,0,0,0,0,1,0,1,3,3,1,8,c629570eb3c41d46026d5e28f7a9789d422608c777b88776bfbd3b927f9f26ef
main/activate_customer/medium/43/supported/engineering,main/activate_customer/medium/43,main,activate_customer,medium,43,supported,engineering,1,1,1,1,1,0,0,0,0,0,0,1,0,1,3,3,1,8,c629570eb3c41d46026d5e28f7a9789d422608c777b88776bfbd3b927f9f26ef
main/activate_customer/medium/43/unsupported/retry_only,main/activate_customer/medium/43,main,activate_customer,medium,43,unsupported,retry_only,1,0,0,0,0,1,1,0,0,1,0,2,1,0,6,6,0,8,c629570eb3c41d46026d5e28f7a9789d422608c777b88776bfbd3b927f9f26ef
main/activate_customer/medium/43/unsupported/verify_only,main/activate_customer/medium/43,main,activate_customer,medium,43,unsupported,verify_only,1,1,1,1,1,0,0,0,0,0,0,1,0,1,3,3,1,8,c629570eb3c41d46026d5e28f7a9789d422608c777b88776bfbd3b927f9f26ef
main/activate_customer/medium/43/unsupported/paper_literal,main/activate_customer/medium/43,main,activate_customer,medium,43,unsupported,paper_literal,1,1,1,1,1,0,0,0,0,0,0,1,0,1,3,3,1,8,c629570eb3c41d46026d5e28f7a9789d422608c777b88776bfbd3b927f9f26ef
main/activate_customer/medium/43/unsupported/engineering,main/activate_customer/medium/43,main,activate_customer,medium,43,unsupported,engineering,1,1,1,1,1,0,0,0,0,0,0,1,0,1,3,3,1,8,c629570eb3c41d46026d5e28f7a9789d422608c777b88776bfbd3b927f9f26ef
main/activate_customer/medium/44/supported/retry_only,main/activate_customer/medium/44,main,activate_customer,medium,44,supported,retry_only,1,1,1,1,1,0,0,0,0,0,0,1,0,0,3,3,0,8,bec41c019ed505a1ba53204132e714954225cae9dbb180c22c2c7f2fc8da76b8
main/activate_customer/medium/44/supported/verify_only,main/activate_customer/medium/44,main,activate_customer,medium,44,supported,verify_only,1,1,1,1,1,0,0,0,0,0,0,1,0,0,3,3,0,8,bec41c019ed505a1ba53204132e714954225cae9dbb180c22c2c7f2fc8da76b8
main/activate_customer/medium/44/supported/paper_literal,main/activate_customer/medium/44,main,activate_customer,medium,44,supported,paper_literal,1,1,1,1,1,0,0,0,0,0,0,1,0,0,3,3,0,8,bec41c019ed505a1ba53204132e714954225cae9dbb180c22c2c7f2fc8da76b8
main/activate_customer/medium/44/supported/engineering,main/activate_customer/medium/44,main,activate_customer,medium,44,supported,engineering,1,1,1,1,1,0,0,0,0,0,0,1,0,1,3,3,0,8,bec41c019ed505a1ba53204132e714954225cae9dbb180c22c2c7f2fc8da76b8
main/activate_customer/medium/44/unsupported/retry_only,main/activate_customer/medium/44,main,activate_customer,medium,44,unsupported,retry_only,1,1,1,1,1,0,0,0,0,0,0,1,0,0,3,3,0,8,bec41c019ed505a1ba53204132e714954225cae9dbb180c22c2c7f2fc8da76b8
main/activate_customer/medium/44/unsupported/verify_only,main/activate_customer/medium/44,main,activate_customer,medium,44,unsupported,verify_only,1,1,1,1,1,0,0,0,0,0,0,1,0,0,3,3,0,8,bec41c019ed505a1ba53204132e714954225cae9dbb180c22c2c7f2fc8da76b8
main/activate_customer/medium/44/unsupported/paper_literal,main/activate_customer/medium/44,main,activate_customer,medium,44,unsupported,paper_literal,1,1,1,1,1,0,0,0,0,0,0,1,0,0,3,3,0,8,bec41c019ed505a1ba53204132e714954225cae9dbb180c22c2c7f2fc8da76b8
main/activate_customer/medium/44/unsupported/engineering,main/activate_customer/medium/44,main,activate_customer,medium,44,unsupported,engineering,1,1,1,1,1,0,0,0,0,0,0,1,0,1,3,3,0,8,bec41c019ed505a1ba53204132e714954225cae9dbb180c22c2c7f2fc8da76b8
main/activate_customer/medium/45/supported/retry_only,main/activate_customer/medium/45,main,activate_customer,medium,45,supported,retry_only,1,0,0,0,0,1,1,0,0,0,1,1,0,0,2,2,0,8,fae47693e401b27e7aff5653cfe7185d98658463135e6a8070c7ffa5c9f24773
main/activate_customer/medium/45/supported/verify_only,main/activate_customer/medium/45,main,activate_customer,medium,45,supported,verify_only,1,0,0,0,0,1,1,0,0,0,1,1,0,0,2,2,0,8,fae47693e401b27e7aff5653cfe7185d98658463135e6a8070c7ffa5c9f24773
main/activate_customer/medium/45/supported/paper_literal,main/activate_customer/medium/45,main,activate_customer,medium,45,supported,paper_literal,1,0,0,0,0,1,1,0,0,0,1,1,0,0,2,2,0,8,fae47693e401b27e7aff5653cfe7185d98658463135e6a8070c7ffa5c9f24773
main/activate_customer/medium/45/supported/engineering,main/activate_customer/medium/45,main,activate_customer,medium,45,supported,engineering,1,1,1,1,1,0,0,0,0,0,0,2,1,3,3,3,2,8,fae47693e401b27e7aff5653cfe7185d98658463135e6a8070c7ffa5c9f24773
main/activate_customer/medium/45/unsupported/retry_only,main/activate_customer/medium/45,main,activate_customer,medium,45,unsupported,retry_only,1,0,0,0,0,1,1,0,0,0,1,1,0,0,2,2,0,8,fae47693e401b27e7aff5653cfe7185d98658463135e6a8070c7ffa5c9f24773
main/activate_customer/medium/45/unsupported/verify_only,main/activate_customer/medium/45,main,activate_customer,medium,45,unsupported,verify_only,1,0,0,0,0,1,1,0,0,0,1,1,0,0,2,2,0,8,fae47693e401b27e7aff5653cfe7185d98658463135e6a8070c7ffa5c9f24773
main/activate_customer/medium/45/unsupported/paper_literal,main/activate_customer/medium/45,main,activate_customer,medium,45,unsupported,paper_literal,1,0,0,0,0,1,1,0,0,0,1,1,0,0,2,2,0,8,fae47693e401b27e7aff5653cfe7185d98658463135e6a8070c7ffa5c9f24773
main/activate_customer/medium/45/unsupported/engineering,main/activate_customer/medium/45,main,activate_customer,medium,45,unsupported,engineering,1,1,1,1,1,0,0,0,0,0,0,2,1,3,5,5,2,8,fae47693e401b27e7aff5653cfe7185d98658463135e6a8070c7ffa5c9f24773
main/activate_customer/medium/46/supported/retry_only,main/activate_customer/medium/46,main,activate_customer,medium,46,supported,retry_only,1,1,1,1,1,0,0,0,0,0,0,1,0,0,3,3,0,8,d7fc54c012efa9ca54e5f8ba1ff4e511e1f3228c1a5cf78d7cc50542cc3e35d1
main/activate_customer/medium/46/supported/verify_only,main/activate_customer/medium/46,main,activate_customer,medium,46,supported,verify_only,1,1,1,1,1,0,0,0,0,0,0,1,0,0,3,3,0,8,d7fc54c012efa9ca54e5f8ba1ff4e511e1f3228c1a5cf78d7cc50542cc3e35d1
main/activate_customer/medium/46/supported/paper_literal,main/activate_customer/medium/46,main,activate_customer,medium,46,supported,paper_literal,1,1,1,1,1,0,0,0,0,0,0,1,0,0,3,3,0,8,d7fc54c012efa9ca54e5f8ba1ff4e511e1f3228c1a5cf78d7cc50542cc3e35d1
main/activate_customer/medium/46/supported/engineering,main/activate_customer/medium/46,main,activate_customer,medium,46,supported,engineering,1,1,1,1,1,0,0,0,0,0,0,1,0,1,3,3,0,8,d7fc54c012efa9ca54e5f8ba1ff4e511e1f3228c1a5cf78d7cc50542cc3e35d1
main/activate_customer/medium/46/unsupported/retry_only,main/activate_customer/medium/46,main,activate_customer,medium,46,unsupported,retry_only,1,1,1,1,1,0,0,0,0,0,0,1,0,0,3,3,0,8,d7fc54c012efa9ca54e5f8ba1ff4e511e1f3228c1a5cf78d7cc50542cc3e35d1
main/activate_customer/medium/46/unsupported/verify_only,main/activate_customer/medium/46,main,activate_customer,medium,46,unsupported,verify_only,1,1,1,1,1,0,0,0,0,0,0,1,0,0,3,3,0,8,d7fc54c012efa9ca54e5f8ba1ff4e511e1f3228c1a5cf78d7cc50542cc3e35d1
main/activate_customer/medium/46/unsupported/paper_literal,main/activate_customer/medium/46,main,activate_customer,medium,46,unsupported,paper_literal,1,1,1,1,1,0,0,0,0,0,0,1,0,0,3,3,0,8,d7fc54c012efa9ca54e5f8ba1ff4e511e1f3228c1a5cf78d7cc50542cc3e35d1
main/activate_customer/medium/46/unsupported/engineering,main/activate_customer/medium/46,main,activate_customer,medium,46,unsupported,engineering,1,1,1,1,1,0,0,0,0,0,0,1,0,1,3,3,0,8,d7fc54c012efa9ca54e5f8ba1ff4e511e1f3228c1a5cf78d7cc50542cc3e35d1
main/activate_customer/medium/47/supported/retry_only,main/activate_customer/medium/47,main,activate_customer,medium,47,supported,retry_only,1,1,1,1,1,0,0,0,0,0,0,1,0,0,3,3,0,8,f601d984e0e77a5d9881eb2878a620a308152da3a838d83adb19bfd26ae4a3da
main/activate_customer/medium/47/supported/verify_only,main/activate_customer/medium/47,main,activate_customer,medium,47,supported,verify_only,1,1,1,1,1,0,0,0,0,0,0,1,0,0,3,3,0,8,f601d984e0e77a5d9881eb2878a620a308152da3a838d83adb19bfd26ae4a3da
main/activate_customer/medium/47/supported/paper_literal,main/activate_customer/medium/47,main,activate_customer,medium,47,supported,paper_literal,1,1,1,1,1,0,0,0,0,0,0,1,0,0,3,3,0,8,f601d984e0e77a5d9881eb2878a620a308152da3a838d83adb19bfd26ae4a3da
main/activate_customer/medium/47/supported/engineering,main/activate_customer/medium/47,main,activate_customer,medium,47,supported,engineering,1,1,1,1,1,0,0,0,0,0,0,1,0,1,3,3,0,8,f601d984e0e77a5d9881eb2878a620a308152da3a838d83adb19bfd26ae4a3da
main/activate_customer/medium/47/unsupported/retry_only,main/activate_customer/medium/47,main,activate_customer,medium,47,unsupported,retry_only,1,1,1,1,1,0,0,0,0,0,0,1,0,0,3,3,0,8,f601d984e0e77a5d9881eb2878a620a308152da3a838d83adb19bfd26ae4a3da
main/activate_customer/medium/47/unsupported/verify_only,main/activate_customer/medium/47,main,activate_customer,medium,47,unsupported,verify_only,1,1,1,1,1,0,0,0,0,0,0,1,0,0,3,3,0,8,f601d984e0e77a5d9881eb2878a620a308152da3a838d83adb19bfd26ae4a3da
main/activate_customer/medium/47/unsupported/paper_literal,main/activate_customer/medium/47,main,activate_customer,medium,47,unsupported,paper_literal,1,1,1,1,1,0,0,0,0,0,0,1,0,0,3,3,0,8,f601d984e0e77a5d9881eb2878a620a308152da3a838d83adb19bfd26ae4a3da
main/activate_customer/medium/47/unsupported/engineering,main/activate_customer/medium/47,main,activate_customer,medium,47,unsupported,engineering,1,1,1,1,1,0,0,0,0,0,0,1,0,1,3,3,0,8,f601d984e0e77a5d9881eb2878a620a308152da3a838d83adb19bfd26ae4a3da
main/activate_customer/medium/48/supported/retry_only,main/activate_customer/medium/48,main,activate_customer,medium,48,supported,retry_only,1,0,0,0,0,1,1,0,0,1,0,2,1,0,6,6,0,8,a34e7efd0c6aa86ecb27fdbae41fa5cf0adde74f1c0e423aaedd2439bd1adbd7
main/activate_customer/medium/48/supported/verify_only,main/activate_customer/medium/48,main,activate_customer,medium,48,supported,verify_only,0,1,1,1,1,0,0,1,1,0,0,1,0,1,3,3,1,8,a34e7efd0c6aa86ecb27fdbae41fa5cf0adde74f1c0e423aaedd2439bd1adbd7
main/activate_customer/medium/48/supported/paper_literal,main/activate_customer/medium/48,main,activate_customer,medium,48,supported,paper_literal,0,1,1,1,1,0,0,1,1,0,0,2,1,1,3,3,1,8,a34e7efd0c6aa86ecb27fdbae41fa5cf0adde74f1c0e423aaedd2439bd1adbd7
main/activate_customer/medium/48/supported/engineering,main/activate_customer/medium/48,main,activate_customer,medium,48,supported,engineering,1,1,1,1,1,0,0,0,0,0,0,2,1,3,3,3,2,8,a34e7efd0c6aa86ecb27fdbae41fa5cf0adde74f1c0e423aaedd2439bd1adbd7
main/activate_customer/medium/48/unsupported/retry_only,main/activate_customer/medium/48,main,activate_customer,medium,48,unsupported,retry_only,1,0,0,0,0,1,1,0,0,1,0,2,1,0,6,6,0,8,a34e7efd0c6aa86ecb27fdbae41fa5cf0adde74f1c0e423aaedd2439bd1adbd7
main/activate_customer/medium/48/unsupported/verify_only,main/activate_customer/medium/48,main,activate_customer,medium,48,unsupported,verify_only,0,1,1,1,1,0,0,1,1,0,0,1,0,1,3,3,1,8,a34e7efd0c6aa86ecb27fdbae41fa5cf0adde74f1c0e423aaedd2439bd1adbd7
main/activate_customer/medium/48/unsupported/paper_literal,main/activate_customer/medium/48,main,activate_customer,medium,48,unsupported,paper_literal,0,0,0,0,0,0,0,0,0,1,0,2,1,1,6,6,1,8,a34e7efd0c6aa86ecb27fdbae41fa5cf0adde74f1c0e423aaedd2439bd1adbd7
main/activate_customer/medium/48/unsupported/engineering,main/activate_customer/medium/48,main,activate_customer,medium,48,unsupported,engineering,0,0,0,0,0,0,0,0,0,1,0,2,1,3,6,6,2,8,a34e7efd0c6aa86ecb27fdbae41fa5cf0adde74f1c0e423aaedd2439bd1adbd7
main/activate_customer/medium/49/supported/retry_only,main/activate_customer/medium/49,main,activate_customer,medium,49,supported,retry_only,0,1,1,1,1,0,0,1,1,0,0,2,1,0,5,5,0,8,008df761a9a3ba2e9651004ea1e4cd614e32fb737327d369eb8dc9c6a9555477
main/activate_customer/medium/49/supported/verify_only,main/activate_customer/medium/49,main,activate_customer,medium,49,supported,verify_only,1,1,1,1,1,0,0,0,0,0,0,1,0,1,3,3,1,8,008df761a9a3ba2e9651004ea1e4cd614e32fb737327d369eb8dc9c6a9555477
main/activate_customer/medium/49/supported/paper_literal,main/activate_customer/medium/49,main,activate_customer,medium,49,supported,paper_literal,1,1,1,1,1,0,0,0,0,0,0,1,0,1,3,3,1,8,008df761a9a3ba2e9651004ea1e4cd614e32fb737327d369eb8dc9c6a9555477
main/activate_customer/medium/49/supported/engineering,main/activate_customer/medium/49,main,activate_customer,medium,49,supported,engineering,1,1,1,1,1,0,0,0,0,0,0,1,0,1,3,3,1,8,008df761a9a3ba2e9651004ea1e4cd614e32fb737327d369eb8dc9c6a9555477
main/activate_customer/medium/49/unsupported/retry_only,main/activate_customer/medium/49,main,activate_customer,medium,49,unsupported,retry_only,0,1,1,1,1,0,0,1,1,0,0,2,1,0,5,5,0,8,008df761a9a3ba2e9651004ea1e4cd614e32fb737327d369eb8dc9c6a9555477
main/activate_customer/medium/49/unsupported/verify_only,main/activate_customer/medium/49,main,activate_customer,medium,49,unsupported,verify_only,1,1,1,1,1,0,0,0,0,0,0,1,0,1,3,3,1,8,008df761a9a3ba2e9651004ea1e4cd614e32fb737327d369eb8dc9c6a9555477
main/activate_customer/medium/49/unsupported/paper_literal,main/activate_customer/medium/49,main,activate_customer,medium,49,unsupported,paper_literal,1,1,1,1,1,0,0,0,0,0,0,1,0,1,3,3,1,8,008df761a9a3ba2e9651004ea1e4cd614e32fb737327d369eb8dc9c6a9555477
main/activate_customer/medium/49/unsupported/engineering,main/activate_customer/medium/49,main,activate_customer,medium,49,unsupported,engineering,1,1,1,1,1,0,0,0,0,0,0,1,0,1,3,3,1,8,008df761a9a3ba2e9651004ea1e4cd614e32fb737327d369eb8dc9c6a9555477
main/activate_customer/medium/50/supported/retry_only,main/activate_customer/medium/50,main,activate_customer,medium,50,supported,retry_only,1,1,1,1,1,0,0,0,0,0,0,1,0,0,3,3,0,8,06658ea7475dd9ce5c66d6f36ecd464e868eed812dff2fa98c0bab18c36d2898
main/activate_customer/medium/50/supported/verify_only,main/activate_customer/medium/50,main,activate_customer,medium,50,supported,verify_only,1,1,1,1,1,0,0,0,0,0,0,1,0,0,3,3,0,8,06658ea7475dd9ce5c66d6f36ecd464e868eed812dff2fa98c0bab18c36d2898
main/activate_customer/medium/50/supported/paper_literal,main/activate_customer/medium/50,main,activate_customer,medium,50,supported,paper_literal,1,1,1,1,1,0,0,0,0,0,0,1,0,0,3,3,0,8,06658ea7475dd9ce5c66d6f36ecd464e868eed812dff2fa98c0bab18c36d2898
main/activate_customer/medium/50/supported/engineering,main/activate_customer/medium/50,main,activate_customer,medium,50,supported,engineering,1,1,1,1,1,0,0,0,0,0,0,1,0,1,3,3,0,8,06658ea7475dd9ce5c66d6f36ecd464e868eed812dff2fa98c0bab18c36d2898
main/activate_customer/medium/50/unsupported/retry_only,main/activate_customer/medium/50,main,activate_customer,medium,50,unsupported,retry_only,1,1,1,1,1,0,0,0,0,0,0,1,0,0,3,3,0,8,06658ea7475dd9ce5c66d6f36ecd464e868eed812dff2fa98c0bab18c36d2898
main/activate_customer/medium/50/unsupported/verify_only,main/activate_customer/medium/50,main,activate_customer,medium,50,unsupported,verify_only,1,1,1,1,1,0,0,0,0,0,0,1,0,0,3,3,0,8,06658ea7475dd9ce5c66d6f36ecd464e868eed812dff2fa98c0bab18c36d2898
main/activate_customer/medium/50/unsupported/paper_literal,main/activate_customer/medium/50,main,activate_customer,medium,50,unsupported,paper_literal,1,1,1,1,1,0,0,0,0,0,0,1,0,0,3,3,0,8,06658ea7475dd9ce5c66d6f36ecd464e868eed812dff2fa98c0bab18c36d2898
main/activate_customer/medium/50/unsupported/engineering,main/activate_customer/medium/50,main,activate_customer,medium,50,unsupported,engineering,1,1,1,1,1,0,0,0,0,0,0,1,0,1,3,3,0,8,06658ea7475dd9ce5c66d6f36ecd464e868eed812dff2fa98c0bab18c36d2898
main/activate_customer/medium/51/supported/retry_only,main/activate_customer/medium/51,main,activate_customer,medium,51,supported,retry_only,1,1,1,1,1,0,0,0,0,0,0,1,0,0,3,3,0,8,8399b4a899dadb782cf9d198534b251d2efd587e408fb626ddaffde0c236f9dd
main/activate_customer/medium/51/supported/verify_only,main/activate_customer/medium/51,main,activate_customer,medium,51,supported,verify_only,1,1,1,1,1,0,0,0,0,0,0,1,0,0,3,3,0,8,8399b4a899dadb782cf9d198534b251d2efd587e408fb626ddaffde0c236f9dd
main/activate_customer/medium/51/supported/paper_literal,main/activate_customer/medium/51,main,activate_customer,medium,51,supported,paper_literal,1,1,1,1,1,0,0,0,0,0,0,1,0,0,3,3,0,8,8399b4a899dadb782cf9d198534b251d2efd587e408fb626ddaffde0c236f9dd
main/activate_customer/medium/51/supported/engineering,main/activate_customer/medium/51,main,activate_customer,medium,51,supported,engineering,1,1,1,1,1,0,0,0,0,0,0,1,0,1,3,3,0,8,8399b4a899dadb782cf9d198534b251d2efd587e408fb626ddaffde0c236f9dd
main/activate_customer/medium/51/unsupported/retry_only,main/activate_customer/medium/51,main,activate_customer,medium,51,unsupported,retry_only,1,1,1,1,1,0,0,0,0,0,0,1,0,0,3,3,0,8,8399b4a899dadb782cf9d198534b251d2efd587e408fb626ddaffde0c236f9dd
main/activate_customer/medium/51/unsupported/verify_only,main/activate_customer/medium/51,main,activate_customer,medium,51,unsupported,verify_only,1,1,1,1,1,0,0,0,0,0,0,1,0,0,3,3,0,8,8399b4a899dadb782cf9d198534b251d2efd587e408fb626ddaffde0c236f9dd
main/activate_customer/medium/51/unsupported/paper_literal,main/activate_customer/medium/51,main,activate_customer,medium,51,unsupported,paper_literal,1,1,1,1,1,0,0,0,0,0,0,1,0,0,3,3,0,8,8399b4a899dadb782cf9d198534b251d2efd587e408fb626ddaffde0c236f9dd
main/activate_customer/medium/51/unsupported/engineering,main/activate_customer/medium/51,main,activate_customer,medium,51,unsupported,engineering,1,1,1,1,1,0,0,0,0,0,0,1,0,1,3,3,0,8,8399b4a899dadb782cf9d198534b251d2efd587e408fb626ddaffde0c236f9dd
main/activate_customer/medium/52/supported/retry_only,main/activate_customer/medium/52,main,activate_customer,medium,52,supported,retry_only,1,0,0,0,0,1,1,0,0,1,0,2,1,0,6,6,0,8,b5ac42503ef515f407cada76ccd4e916f0a7bdec2974b401175dbdb81392506e
main/activate_customer/medium/52/supported/verify_only,main/activate_customer/medium/52,main,activate_customer,medium,52,supported,verify_only,0,1,1,1,1,0,0,1,1,0,0,1,0,1,3,3,1,8,b5ac42503ef515f407cada76ccd4e916f0a7bdec2974b401175dbdb81392506e
main/activate_customer/medium/52/supported/paper_literal,main/activate_customer/medium/52,main,activate_customer,medium,52,supported,paper_literal,0,1,1,1,1,0,0,1,1,0,0,2,1,1,3,3,1,8,b5ac42503ef515f407cada76ccd4e916f0a7bdec2974b401175dbdb81392506e
main/activate_customer/medium/52/supported/engineering,main/activate_customer/medium/52,main,activate_customer,medium,52,supported,engineering,1,1,1,1,1,0,0,0,0,0,0,2,1,3,3,3,2,8,b5ac42503ef515f407cada76ccd4e916f0a7bdec2974b401175dbdb81392506e
main/activate_customer/medium/52/unsupported/retry_only,main/activate_customer/medium/52,main,activate_customer,medium,52,unsupported,retry_only,1,0,0,0,0,1,1,0,0,1,0,2,1,0,6,6,0,8,b5ac42503ef515f407cada76ccd4e916f0a7bdec2974b401175dbdb81392506e
main/activate_customer/medium/52/unsupported/verify_only,main/activate_customer/medium/52,main,activate_customer,medium,52,unsupported,verify_only,0,1,1,1,1,0,0,1,1,0,0,1,0,1,3,3,1,8,b5ac42503ef515f407cada76ccd4e916f0a7bdec2974b401175dbdb81392506e
main/activate_customer/medium/52/unsupported/paper_literal,main/activate_customer/medium/52,main,activate_customer,medium,52,unsupported,paper_literal,0,0,0,0,0,0,0,0,0,1,0,2,1,1,6,6,1,8,b5ac42503ef515f407cada76ccd4e916f0a7bdec2974b401175dbdb81392506e
main/activate_customer/medium/52/unsupported/engineering,main/activate_customer/medium/52,main,activate_customer,medium,52,unsupported,engineering,0,0,0,0,0,0,0,0,0,1,0,2,1,3,6,6,2,8,b5ac42503ef515f407cada76ccd4e916f0a7bdec2974b401175dbdb81392506e
main/activate_customer/medium/53/supported/retry_only,main/activate_customer/medium/53,main,activate_customer,medium,53,supported,retry_only,1,1,1,1,1,0,0,0,0,0,0,1,0,0,3,3,0,8,95ac3cd2db085508b09f788969f872dfa2baca1f4f185d0a5d5733604a968b8a
main/activate_customer/medium/53/supported/verify_only,main/activate_customer/medium/53,main,activate_customer,medium,53,supported,verify_only,1,1,1,1,1,0,0,0,0,0,0,1,0,0,3,3,0,8,95ac3cd2db085508b09f788969f872dfa2baca1f4f185d0a5d5733604a968b8a
main/activate_customer/medium/53/supported/paper_literal,main/activate_customer/medium/53,main,activate_customer,medium,53,supported,paper_literal,1,1,1,1,1,0,0,0,0,0,0,1,0,0,3,3,0,8,95ac3cd2db085508b09f788969f872dfa2baca1f4f185d0a5d5733604a968b8a
main/activate_customer/medium/53/supported/engineering,main/activate_customer/medium/53,main,activate_customer,medium,53,supported,engineering,1,1,1,1,1,0,0,0,0,0,0,1,0,1,3,3,0,8,95ac3cd2db085508b09f788969f872dfa2baca1f4f185d0a5d5733604a968b8a
main/activate_customer/medium/53/unsupported/retry_only,main/activate_customer/medium/53,main,activate_customer,medium,53,unsupported,retry_only,1,1,1,1,1,0,0,0,0,0,0,1,0,0,3,3,0,8,95ac3cd2db085508b09f788969f872dfa2baca1f4f185d0a5d5733604a968b8a
main/activate_customer/medium/53/unsupported/verify_only,main/activate_customer/medium/53,main,activate_customer,medium,53,unsupported,verify_only,1,1,1,1,1,0,0,0,0,0,0,1,0,0,3,3,0,8,95ac3cd2db085508b09f788969f872dfa2baca1f4f185d0a5d5733604a968b8a
main/activate_customer/medium/53/unsupported/paper_literal,main/activate_customer/medium/53,main,activate_customer,medium,53,unsupported,paper_literal,1,1,1,1,1,0,0,0,0,0,0,1,0,0,3,3,0,8,95ac3cd2db085508b09f788969f872dfa2baca1f4f185d0a5d5733604a968b8a
main/activate_customer/medium/53/unsupported/engineering,main/activate_customer/medium/53,main,activate_customer,medium,53,unsupported,engineering,1,1,1,1,1,0,0,0,0,0,0,1,0,1,3,3,0,8,95ac3cd2db085508b09f788969f872dfa2baca1f4f185d0a5d5733604a968b8a
main/activate_customer/medium/54/supported/retry_only,main/activate_customer/medium/54,main,activate_customer,medium,54,supported,retry_only,1,0,0,0,0,1,1,0,0,1,0,2,1,0,6,6,0,8,9c5a973374f81dc0b5676f12346e015875b2b1777deb62ed51ab19310602b837
main/activate_customer/medium/54/supported/verify_only,main/activate_customer/medium/54,main,activate_customer,medium,54,supported,verify_only,0,1,1,1,1,0,0,1,1,0,0,1,0,1,3,3,1,8,9c5a973374f81dc0b5676f12346e015875b2b1777deb62ed51ab19310602b837
main/activate_customer/medium/54/supported/paper_literal,main/activate_customer/medium/54,main,activate_customer,medium,54,supported,paper_literal,0,1,1,1,1,0,0,1,1,0,0,2,1,1,3,3,1,8,9c5a973374f81dc0b5676f12346e015875b2b1777deb62ed51ab19310602b837
main/activate_customer/medium/54/supported/engineering,main/activate_customer/medium/54,main,activate_customer,medium,54,supported,engineering,1,1,1,1,1,0,0,0,0,0,0,2,1,3,3,3,2,8,9c5a973374f81dc0b5676f12346e015875b2b1777deb62ed51ab19310602b837
main/activate_customer/medium/54/unsupported/retry_only,main/activate_customer/medium/54,main,activate_customer,medium,54,unsupported,retry_only,1,0,0,0,0,1,1,0,0,1,0,2,1,0,6,6,0,8,9c5a973374f81dc0b5676f12346e015875b2b1777deb62ed51ab19310602b837
main/activate_customer/medium/54/unsupported/verify_only,main/activate_customer/medium/54,main,activate_customer,medium,54,unsupported,verify_only,0,1,1,1,1,0,0,1,1,0,0,1,0,1,3,3,1,8,9c5a973374f81dc0b5676f12346e015875b2b1777deb62ed51ab19310602b837
main/activate_customer/medium/54/unsupported/paper_literal,main/activate_customer/medium/54,main,activate_customer,medium,54,unsupported,paper_literal,0,0,0,0,0,0,0,0,0,1,0,2,1,1,6,6,1,8,9c5a973374f81dc0b5676f12346e015875b2b1777deb62ed51ab19310602b837
main/activate_customer/medium/54/unsupported/engineering,main/activate_customer/medium/54,main,activate_customer,medium,54,unsupported,engineering,0,0,0,0,0,0,0,0,0,1,0,2,1,3,6,6,2,8,9c5a973374f81dc0b5676f12346e015875b2b1777deb62ed51ab19310602b837
main/activate_customer/medium/55/supported/retry_only,main/activate_customer/medium/55,main,activate_customer,medium,55,supported,retry_only,1,0,0,0,0,1,1,0,0,1,0,2,1,0,6,6,0,8,38569799b22ce62cc1084e7af8ab2ac94093ae1929d33725b9e6381f1683c6bb
main/activate_customer/medium/55/supported/verify_only,main/activate_customer/medium/55,main,activate_customer,medium,55,supported,verify_only,1,1,1,1,1,0,0,0,0,0,0,1,0,1,3,3,1,8,38569799b22ce62cc1084e7af8ab2ac94093ae1929d33725b9e6381f1683c6bb
main/activate_customer/medium/55/supported/paper_literal,main/activate_customer/medium/55,main,activate_customer,medium,55,supported,paper_literal,1,1,1,1,1,0,0,0,0,0,0,1,0,1,3,3,1,8,38569799b22ce62cc1084e7af8ab2ac94093ae1929d33725b9e6381f1683c6bb
main/activate_customer/medium/55/supported/engineering,main/activate_customer/medium/55,main,activate_customer,medium,55,supported,engineering,1,1,1,1,1,0,0,0,0,0,0,1,0,1,3,3,1,8,38569799b22ce62cc1084e7af8ab2ac94093ae1929d33725b9e6381f1683c6bb
main/activate_customer/medium/55/unsupported/retry_only,main/activate_customer/medium/55,main,activate_customer,medium,55,unsupported,retry_only,1,0,0,0,0,1,1,0,0,1,0,2,1,0,6,6,0,8,38569799b22ce62cc1084e7af8ab2ac94093ae1929d33725b9e6381f1683c6bb
main/activate_customer/medium/55/unsupported/verify_only,main/activate_customer/medium/55,main,activate_customer,medium,55,unsupported,verify_only,1,1,1,1,1,0,0,0,0,0,0,1,0,1,3,3,1,8,38569799b22ce62cc1084e7af8ab2ac94093ae1929d33725b9e6381f1683c6bb
main/activate_customer/medium/55/unsupported/paper_literal,main/activate_customer/medium/55,main,activate_customer,medium,55,unsupported,paper_literal,1,1,1,1,1,0,0,0,0,0,0,1,0,1,3,3,1,8,38569799b22ce62cc1084e7af8ab2ac94093ae1929d33725b9e6381f1683c6bb
main/activate_customer/medium/55/unsupported/engineering,main/activate_customer/medium/55,main,activate_customer,medium,55,unsupported,engineering,1,1,1,1,1,0,0,0,0,0,0,1,0,1,3,3,1,8,38569799b22ce62cc1084e7af8ab2ac94093ae1929d33725b9e6381f1683c6bb
main/activate_customer/medium/56/supported/retry_only,main/activate_customer/medium/56,main,activate_customer,medium,56,supported,retry_only,1,1,1,1,1,0,0,0,0,0,0,1,0,0,3,3,0,8,cd9f42ba1c4fc6873e9c4d0fd9c8865092585cb828d50bd83fa458a2e2c0784f
main/activate_customer/medium/56/supported/verify_only,main/activate_customer/medium/56,main,activate_customer,medium,56,supported,verify_only,1,1,1,1,1,0,0,0,0,0,0,1,0,0,3,3,0,8,cd9f42ba1c4fc6873e9c4d0fd9c8865092585cb828d50bd83fa458a2e2c0784f
main/activate_customer/medium/56/supported/paper_literal,main/activate_customer/medium/56,main,activate_customer,medium,56,supported,paper_literal,1,1,1,1,1,0,0,0,0,0,0,1,0,0,3,3,0,8,cd9f42ba1c4fc6873e9c4d0fd9c8865092585cb828d50bd83fa458a2e2c0784f
main/activate_customer/medium/56/supported/engineering,main/activate_customer/medium/56,main,activate_customer,medium,56,supported,engineering,1,1,1,1,1,0,0,0,0,0,0,1,0,1,3,3,0,8,cd9f42ba1c4fc6873e9c4d0fd9c8865092585cb828d50bd83fa458a2e2c0784f
main/activate_customer/medium/56/unsupported/retry_only,main/activate_customer/medium/56,main,activate_customer,medium,56,unsupported,retry_only,1,1,1,1,1,0,0,0,0,0,0,1,0,0,3,3,0,8,cd9f42ba1c4fc6873e9c4d0fd9c8865092585cb828d50bd83fa458a2e2c0784f
main/activate_customer/medium/56/unsupported/verify_only,main/activate_customer/medium/56,main,activate_customer,medium,56,unsupported,verify_only,1,1,1,1,1,0,0,0,0,0,0,1,0,0,3,3,0,8,cd9f42ba1c4fc6873e9c4d0fd9c8865092585cb828d50bd83fa458a2e2c0784f
main/activate_customer/medium/56/unsupported/paper_literal,main/activate_customer/medium/56,main,activate_customer,medium,56,unsupported,paper_literal,1,1,1,1,1,0,0,0,0,0,0,1,0,0,3,3,0,8,cd9f42ba1c4fc6873e9c4d0fd9c8865092585cb828d50bd83fa458a2e2c0784f
main/activate_customer/medium/56/unsupported/engineering,main/activate_customer/medium/56,main,activate_customer,medium,56,unsupported,engineering,1,1,1,1,1,0,0,0,0,0,0,1,0,1,3,3,0,8,cd9f42ba1c4fc6873e9c4d0fd9c8865092585cb828d50bd83fa458a2e2c0784f
main/activate_customer/medium/57/supported/retry_only,main/activate_customer/medium/57,main,activate_customer,medium,57,supported,retry_only,1,1,1,1,1,0,0,0,0,0,0,2,1,0,5,5,0,8,4d0b7da2cbed17634587a341834a1e18117fa6d07dcd7ba1689d7cd4b8942e0e
main/activate_customer/medium/57/supported/verify_only,main/activate_customer/medium/57,main,activate_customer,medium,57,supported,verify_only,1,0,0,0,0,1,1,0,0,0,1,1,0,1,2,2,1,8,4d0b7da2cbed17634587a341834a1e18117fa6d07dcd7ba1689d7cd4b8942e0e
main/activate_customer/medium/57/supported/paper_literal,main/activate_customer/medium/57,main,activate_customer,medium,57,supported,paper_literal,1,0,0,0,0,1,1,0,0,0,1,1,0,1,2,2,1,8,4d0b7da2cbed17634587a341834a1e18117fa6d07dcd7ba1689d7cd4b8942e0e
main/activate_customer/medium/57/supported/engineering,main/activate_customer/medium/57,main,activate_customer,medium,57,supported,engineering,1,1,1,1,1,0,0,0,0,0,0,2,1,2,3,3,1,8,4d0b7da2cbed17634587a341834a1e18117fa6d07dcd7ba1689d7cd4b8942e0e
main/activate_customer/medium/57/unsupported/retry_only,main/activate_customer/medium/57,main,activate_customer,medium,57,unsupported,retry_only,1,1,1,1,1,0,0,0,0,0,0,2,1,0,5,5,0,8,4d0b7da2cbed17634587a341834a1e18117fa6d07dcd7ba1689d7cd4b8942e0e
main/activate_customer/medium/57/unsupported/verify_only,main/activate_customer/medium/57,main,activate_customer,medium,57,unsupported,verify_only,1,0,0,0,0,1,1,0,0,0,1,1,0,1,2,2,1,8,4d0b7da2cbed17634587a341834a1e18117fa6d07dcd7ba1689d7cd4b8942e0e
main/activate_customer/medium/57/unsupported/paper_literal,main/activate_customer/medium/57,main,activate_customer,medium,57,unsupported,paper_literal,1,0,0,0,0,1,1,0,0,0,1,1,0,1,2,2,1,8,4d0b7da2cbed17634587a341834a1e18117fa6d07dcd7ba1689d7cd4b8942e0e
main/activate_customer/medium/57/unsupported/engineering,main/activate_customer/medium/57,main,activate_customer,medium,57,unsupported,engineering,1,1,1,1,1,0,0,0,0,0,0,2,1,2,5,5,1,8,4d0b7da2cbed17634587a341834a1e18117fa6d07dcd7ba1689d7cd4b8942e0e
main/activate_customer/medium/58/supported/retry_only,main/activate_customer/medium/58,main,activate_customer,medium,58,supported,retry_only,1,1,1,1,1,0,0,0,0,0,0,1,0,0,3,3,0,8,74d70921f4178ec06dd364bdc57fc93e5f60510940b47e42f7a5a50b2d772390
main/activate_customer/medium/58/supported/verify_only,main/activate_customer/medium/58,main,activate_customer,medium,58,supported,verify_only,1,1,1,1,1,0,0,0,0,0,0,1,0,0,3,3,0,8,74d70921f4178ec06dd364bdc57fc93e5f60510940b47e42f7a5a50b2d772390
main/activate_customer/medium/58/supported/paper_literal,main/activate_customer/medium/58,main,activate_customer,medium,58,supported,paper_literal,1,1,1,1,1,0,0,0,0,0,0,1,0,0,3,3,0,8,74d70921f4178ec06dd364bdc57fc93e5f60510940b47e42f7a5a50b2d772390
main/activate_customer/medium/58/supported/engineering,main/activate_customer/medium/58,main,activate_customer,medium,58,supported,engineering,1,1,1,1,1,0,0,0,0,0,0,1,0,1,3,3,0,8,74d70921f4178ec06dd364bdc57fc93e5f60510940b47e42f7a5a50b2d772390
main/activate_customer/medium/58/unsupported/retry_only,main/activate_customer/medium/58,main,activate_customer,medium,58,unsupported,retry_only,1,1,1,1,1,0,0,0,0,0,0,1,0,0,3,3,0,8,74d70921f4178ec06dd364bdc57fc93e5f60510940b47e42f7a5a50b2d772390
main/activate_customer/medium/58/unsupported/verify_only,main/activate_customer/medium/58,main,activate_customer,medium,58,unsupported,verify_only,1,1,1,1,1,0,0,0,0,0,0,1,0,0,3,3,0,8,74d70921f4178ec06dd364bdc57fc93e5f60510940b47e42f7a5a50b2d772390
main/activate_customer/medium/58/unsupported/paper_literal,main/activate_customer/medium/58,main,activate_customer,medium,58,unsupported,paper_literal,1,1,1,1,1,0,0,0,0,0,0,1,0,0,3,3,0,8,74d70921f4178ec06dd364bdc57fc93e5f60510940b47e42f7a5a50b2d772390
main/activate_customer/medium/58/unsupported/engineering,main/activate_customer/medium/58,main,activate_customer,medium,58,unsupported,engineering,1,1,1,1,1,0,0,0,0,0,0,1,0,1,3,3,0,8,74d70921f4178ec06dd364bdc57fc93e5f60510940b47e42f7a5a50b2d772390
main/activate_customer/medium/59/supported/retry_only,main/activate_customer/medium/59,main,activate_customer,medium,59,supported,retry_only,0,0,0,0,0,0,0,0,0,0,3,2,1,0,0,0,0,8,7b97eb23e87b4072c058b142e6926e104e58781ae31fd2fb66dc9b0b542344a9
main/activate_customer/medium/59/supported/verify_only,main/activate_customer/medium/59,main,activate_customer,medium,59,supported,verify_only,0,0,0,0,0,0,0,0,0,0,3,1,0,0,0,0,0,8,7b97eb23e87b4072c058b142e6926e104e58781ae31fd2fb66dc9b0b542344a9
main/activate_customer/medium/59/supported/paper_literal,main/activate_customer/medium/59,main,activate_customer,medium,59,supported,paper_literal,0,0,0,0,0,0,0,0,0,0,3,1,0,0,0,0,0,8,7b97eb23e87b4072c058b142e6926e104e58781ae31fd2fb66dc9b0b542344a9
main/activate_customer/medium/59/supported/engineering,main/activate_customer/medium/59,main,activate_customer,medium,59,supported,engineering,0,0,0,0,0,0,0,0,0,0,3,1,0,0,0,0,0,8,7b97eb23e87b4072c058b142e6926e104e58781ae31fd2fb66dc9b0b542344a9
main/activate_customer/medium/59/unsupported/retry_only,main/activate_customer/medium/59,main,activate_customer,medium,59,unsupported,retry_only,0,0,0,0,0,0,0,0,0,0,3,2,1,0,0,0,0,8,7b97eb23e87b4072c058b142e6926e104e58781ae31fd2fb66dc9b0b542344a9
main/activate_customer/medium/59/unsupported/verify_only,main/activate_customer/medium/59,main,activate_customer,medium,59,unsupported,verify_only,0,0,0,0,0,0,0,0,0,0,3,1,0,0,0,0,0,8,7b97eb23e87b4072c058b142e6926e104e58781ae31fd2fb66dc9b0b542344a9
main/activate_customer/medium/59/unsupported/paper_literal,main/activate_customer/medium/59,main,activate_customer,medium,59,unsupported,paper_literal,0,0,0,0,0,0,0,0,0,0,3,1,0,0,0,0,0,8,7b97eb23e87b4072c058b142e6926e104e58781ae31fd2fb66dc9b0b542344a9
main/activate_customer/medium/59/unsupported/engineering,main/activate_customer/medium/59,main,activate_customer,medium,59,unsupported,engineering,0,0,0,0,0,0,0,0,0,0,3,1,0,0,0,0,0,8,7b97eb23e87b4072c058b142e6926e104e58781ae31fd2fb66dc9b0b542344a9
main/activate_customer/medium/60/supported/retry_only,main/activate_customer/medium/60,main,activate_customer,medium,60,supported,retry_only,1,1,1,1,1,0,0,0,0,0,0,1,0,0,3,3,0,8,5a6361ab8b52d9fb451e680d640338f01e67fd40e3c1be973b8b22d085b1bba4
main/activate_customer/medium/60/supported/verify_only,main/activate_customer/medium/60,main,activate_customer,medium,60,supported,verify_only,1,1,1,1,1,0,0,0,0,0,0,1,0,0,3,3,0,8,5a6361ab8b52d9fb451e680d640338f01e67fd40e3c1be973b8b22d085b1bba4
main/activate_customer/medium/60/supported/paper_literal,main/activate_customer/medium/60,main,activate_customer,medium,60,supported,paper_literal,1,1,1,1,1,0,0,0,0,0,0,1,0,0,3,3,0,8,5a6361ab8b52d9fb451e680d640338f01e67fd40e3c1be973b8b22d085b1bba4
main/activate_customer/medium/60/supported/engineering,main/activate_customer/medium/60,main,activate_customer,medium,60,supported,engineering,1,1,1,1,1,0,0,0,0,0,0,1,0,1,3,3,0,8,5a6361ab8b52d9fb451e680d640338f01e67fd40e3c1be973b8b22d085b1bba4
main/activate_customer/medium/60/unsupported/retry_only,main/activate_customer/medium/60,main,activate_customer,medium,60,unsupported,retry_only,1,1,1,1,1,0,0,0,0,0,0,1,0,0,3,3,0,8,5a6361ab8b52d9fb451e680d640338f01e67fd40e3c1be973b8b22d085b1bba4
main/activate_customer/medium/60/unsupported/verify_only,main/activate_customer/medium/60,main,activate_customer,medium,60,unsupported,verify_only,1,1,1,1,1,0,0,0,0,0,0,1,0,0,3,3,0,8,5a6361ab8b52d9fb451e680d640338f01e67fd40e3c1be973b8b22d085b1bba4
main/activate_customer/medium/60/unsupported/paper_literal,main/activate_customer/medium/60,main,activate_customer,medium,60,unsupported,paper_literal,1,1,1,1,1,0,0,0,0,0,0,1,0,0,3,3,0,8,5a6361ab8b52d9fb451e680d640338f01e67fd40e3c1be973b8b22d085b1bba4
main/activate_customer/medium/60/unsupported/engineering,main/activate_customer/medium/60,main,activate_customer,medium,60,unsupported,engineering,1,1,1,1,1,0,0,0,0,0,0,1,0,1,3,3,0,8,5a6361ab8b52d9fb451e680d640338f01e67fd40e3c1be973b8b22d085b1bba4
main/activate_customer/medium/61/supported/retry_only,main/activate_customer/medium/61,main,activate_customer,medium,61,supported,retry_only,1,1,1,1,1,0,0,0,0,0,0,1,0,0,3,3,0,8,a6e8ae12d5ef169d785d49bce36754879a002d504090f04218e174c14aae784d
main/activate_customer/medium/61/supported/verify_only,main/activate_customer/medium/61,main,activate_customer,medium,61,supported,verify_only,1,1,1,1,1,0,0,0,0,0,0,1,0,0,3,3,0,8,a6e8ae12d5ef169d785d49bce36754879a002d504090f04218e174c14aae784d
main/activate_customer/medium/61/supported/paper_literal,main/activate_customer/medium/61,main,activate_customer,medium,61,supported,paper_literal,1,1,1,1,1,0,0,0,0,0,0,1,0,0,3,3,0,8,a6e8ae12d5ef169d785d49bce36754879a002d504090f04218e174c14aae784d
main/activate_customer/medium/61/supported/engineering,main/activate_customer/medium/61,main,activate_customer,medium,61,supported,engineering,1,1,1,1,1,0,0,0,0,0,0,1,0,1,3,3,0,8,a6e8ae12d5ef169d785d49bce36754879a002d504090f04218e174c14aae784d
main/activate_customer/medium/61/unsupported/retry_only,main/activate_customer/medium/61,main,activate_customer,medium,61,unsupported,retry_only,1,1,1,1,1,0,0,0,0,0,0,1,0,0,3,3,0,8,a6e8ae12d5ef169d785d49bce36754879a002d504090f04218e174c14aae784d
main/activate_customer/medium/61/unsupported/verify_only,main/activate_customer/medium/61,main,activate_customer,medium,61,unsupported,verify_only,1,1,1,1,1,0,0,0,0,0,0,1,0,0,3,3,0,8,a6e8ae12d5ef169d785d49bce36754879a002d504090f04218e174c14aae784d
main/activate_customer/medium/61/unsupported/paper_literal,main/activate_customer/medium/61,main,activate_customer,medium,61,unsupported,paper_literal,1,1,1,1,1,0,0,0,0,0,0,1,0,0,3,3,0,8,a6e8ae12d5ef169d785d49bce36754879a002d504090f04218e174c14aae784d
main/activate_customer/medium/61/unsupported/engineering,main/activate_customer/medium/61,main,activate_customer,medium,61,unsupported,engineering,1,1,1,1,1,0,0,0,0,0,0,1,0,1,3,3,0,8,a6e8ae12d5ef169d785d49bce36754879a002d504090f04218e174c14aae784d
main/activate_customer/medium/62/supported/retry_only,main/activate_customer/medium/62,main,activate_customer,medium,62,supported,retry_only,1,1,1,1,1,0,0,0,0,0,0,1,0,0,3,3,0,8,f12e5ee03015d76e42126127cb9c3c21cc8782042cdd1c09974979633b2a6b80
main/activate_customer/medium/62/supported/verify_only,main/activate_customer/medium/62,main,activate_customer,medium,62,supported,verify_only,1,1,1,1,1,0,0,0,0,0,0,1,0,0,3,3,0,8,f12e5ee03015d76e42126127cb9c3c21cc8782042cdd1c09974979633b2a6b80
main/activate_customer/medium/62/supported/paper_literal,main/activate_customer/medium/62,main,activate_customer,medium,62,supported,paper_literal,1,1,1,1,1,0,0,0,0,0,0,1,0,0,3,3,0,8,f12e5ee03015d76e42126127cb9c3c21cc8782042cdd1c09974979633b2a6b80
main/activate_customer/medium/62/supported/engineering,main/activate_customer/medium/62,main,activate_customer,medium,62,supported,engineering,1,1,1,1,1,0,0,0,0,0,0,1,0,1,3,3,0,8,f12e5ee03015d76e42126127cb9c3c21cc8782042cdd1c09974979633b2a6b80
main/activate_customer/medium/62/unsupported/retry_only,main/activate_customer/medium/62,main,activate_customer,medium,62,unsupported,retry_only,1,1,1,1,1,0,0,0,0,0,0,1,0,0,3,3,0,8,f12e5ee03015d76e42126127cb9c3c21cc8782042cdd1c09974979633b2a6b80
main/activate_customer/medium/62/unsupported/verify_only,main/activate_customer/medium/62,main,activate_customer,medium,62,unsupported,verify_only,1,1,1,1,1,0,0,0,0,0,0,1,0,0,3,3,0,8,f12e5ee03015d76e42126127cb9c3c21cc8782042cdd1c09974979633b2a6b80
main/activate_customer/medium/62/unsupported/paper_literal,main/activate_customer/medium/62,main,activate_customer,medium,62,unsupported,paper_literal,1,1,1,1,1,0,0,0,0,0,0,1,0,0,3,3,0,8,f12e5ee03015d76e42126127cb9c3c21cc8782042cdd1c09974979633b2a6b80
main/activate_customer/medium/62/unsupported/engineering,main/activate_customer/medium/62,main,activate_customer,medium,62,unsupported,engineering,1,1,1,1,1,0,0,0,0,0,0,1,0,1,3,3,0,8,f12e5ee03015d76e42126127cb9c3c21cc8782042cdd1c09974979633b2a6b80
main/activate_customer/medium/63/supported/retry_only,main/activate_customer/medium/63,main,activate_customer,medium,63,supported,retry_only,1,1,1,1,1,0,0,0,0,0,0,1,0,0,3,3,0,8,cc3f076b964230657f8b9816be21846a714787e8c8d106cd3ad6febe6b115e15
main/activate_customer/medium/63/supported/verify_only,main/activate_customer/medium/63,main,activate_customer,medium,63,supported,verify_only,1,1,1,1,1,0,0,0,0,0,0,1,0,0,3,3,0,8,cc3f076b964230657f8b9816be21846a714787e8c8d106cd3ad6febe6b115e15
main/activate_customer/medium/63/supported/paper_literal,main/activate_customer/medium/63,main,activate_customer,medium,63,supported,paper_literal,1,1,1,1,1,0,0,0,0,0,0,1,0,0,3,3,0,8,cc3f076b964230657f8b9816be21846a714787e8c8d106cd3ad6febe6b115e15
main/activate_customer/medium/63/supported/engineering,main/activate_customer/medium/63,main,activate_customer,medium,63,supported,engineering,1,1,1,1,1,0,0,0,0,0,0,1,0,1,3,3,0,8,cc3f076b964230657f8b9816be21846a714787e8c8d106cd3ad6febe6b115e15
main/activate_customer/medium/63/unsupported/retry_only,main/activate_customer/medium/63,main,activate_customer,medium,63,unsupported,retry_only,1,1,1,1,1,0,0,0,0,0,0,1,0,0,3,3,0,8,cc3f076b964230657f8b9816be21846a714787e8c8d106cd3ad6febe6b115e15
main/activate_customer/medium/63/unsupported/verify_only,main/activate_customer/medium/63,main,activate_customer,medium,63,unsupported,verify_only,1,1,1,1,1,0,0,0,0,0,0,1,0,0,3,3,0,8,cc3f076b964230657f8b9816be21846a714787e8c8d106cd3ad6febe6b115e15
main/activate_customer/medium/63/unsupported/paper_literal,main/activate_customer/medium/63,main,activate_customer,medium,63,unsupported,paper_literal,1,1,1,1,1,0,0,0,0,0,0,1,0,0,3,3,0,8,cc3f076b964230657f8b9816be21846a714787e8c8d106cd3ad6febe6b115e15
main/activate_customer/medium/63/unsupported/engineering,main/activate_customer/medium/63,main,activate_customer,medium,63,unsupported,engineering,1,1,1,1,1,0,0,0,0,0,0,1,0,1,3,3,0,8,cc3f076b964230657f8b9816be21846a714787e8c8d106cd3ad6febe6b115e15
main/activate_customer/medium/64/supported/retry_only,main/activate_customer/medium/64,main,activate_customer,medium,64,supported,retry_only,1,1,1,1,1,0,0,0,0,0,0,1,0,0,3,3,0,8,d08046fc7dd5aafa3711464624331417712e858216c8e35986cecbf51fc00a6b
main/activate_customer/medium/64/supported/verify_only,main/activate_customer/medium/64,main,activate_customer,medium,64,supported,verify_only,1,1,1,1,1,0,0,0,0,0,0,1,0,0,3,3,0,8,d08046fc7dd5aafa3711464624331417712e858216c8e35986cecbf51fc00a6b
main/activate_customer/medium/64/supported/paper_literal,main/activate_customer/medium/64,main,activate_customer,medium,64,supported,paper_literal,1,1,1,1,1,0,0,0,0,0,0,1,0,0,3,3,0,8,d08046fc7dd5aafa3711464624331417712e858216c8e35986cecbf51fc00a6b
main/activate_customer/medium/64/supported/engineering,main/activate_customer/medium/64,main,activate_customer,medium,64,supported,engineering,1,1,1,1,1,0,0,0,0,0,0,1,0,1,3,3,0,8,d08046fc7dd5aafa3711464624331417712e858216c8e35986cecbf51fc00a6b
main/activate_customer/medium/64/unsupported/retry_only,main/activate_customer/medium/64,main,activate_customer,medium,64,unsupported,retry_only,1,1,1,1,1,0,0,0,0,0,0,1,0,0,3,3,0,8,d08046fc7dd5aafa3711464624331417712e858216c8e35986cecbf51fc00a6b
main/activate_customer/medium/64/unsupported/verify_only,main/activate_customer/medium/64,main,activate_customer,medium,64,unsupported,verify_only,1,1,1,1,1,0,0,0,0,0,0,1,0,0,3,3,0,8,d08046fc7dd5aafa3711464624331417712e858216c8e35986cecbf51fc00a6b
main/activate_customer/medium/64/unsupported/paper_literal,main/activate_customer/medium/64,main,activate_customer,medium,64,unsupported,paper_literal,1,1,1,1,1,0,0,0,0,0,0,1,0,0,3,3,0,8,d08046fc7dd5aafa3711464624331417712e858216c8e35986cecbf51fc00a6b
main/activate_customer/medium/64/unsupported/engineering,main/activate_customer/medium/64,main,activate_customer,medium,64,unsupported,engineering,1,1,1,1,1,0,0,0,0,0,0,1,0,1,3,3,0,8,d08046fc7dd5aafa3711464624331417712e858216c8e35986cecbf51fc00a6b
main/activate_customer/medium/65/supported/retry_only,main/activate_customer/medium/65,main,activate_customer,medium,65,supported,retry_only,1,1,1,1,1,0,0,0,0,0,0,1,0,0,3,3,0,8,3ef664ec9e9677b6f90e1ca7e221c251a79416d1098d4df07f19cd278102329d
main/activate_customer/medium/65/supported/verify_only,main/activate_customer/medium/65,main,activate_customer,medium,65,supported,verify_only,1,1,1,1,1,0,0,0,0,0,0,1,0,0,3,3,0,8,3ef664ec9e9677b6f90e1ca7e221c251a79416d1098d4df07f19cd278102329d
main/activate_customer/medium/65/supported/paper_literal,main/activate_customer/medium/65,main,activate_customer,medium,65,supported,paper_literal,1,1,1,1,1,0,0,0,0,0,0,1,0,0,3,3,0,8,3ef664ec9e9677b6f90e1ca7e221c251a79416d1098d4df07f19cd278102329d
main/activate_customer/medium/65/supported/engineering,main/activate_customer/medium/65,main,activate_customer,medium,65,supported,engineering,1,1,1,1,1,0,0,0,0,0,0,1,0,1,3,3,0,8,3ef664ec9e9677b6f90e1ca7e221c251a79416d1098d4df07f19cd278102329d
main/activate_customer/medium/65/unsupported/retry_only,main/activate_customer/medium/65,main,activate_customer,medium,65,unsupported,retry_only,1,1,1,1,1,0,0,0,0,0,0,1,0,0,3,3,0,8,3ef664ec9e9677b6f90e1ca7e221c251a79416d1098d4df07f19cd278102329d
main/activate_customer/medium/65/unsupported/verify_only,main/activate_customer/medium/65,main,activate_customer,medium,65,unsupported,verify_only,1,1,1,1,1,0,0,0,0,0,0,1,0,0,3,3,0,8,3ef664ec9e9677b6f90e1ca7e221c251a79416d1098d4df07f19cd278102329d
main/activate_customer/medium/65/unsupported/paper_literal,main/activate_customer/medium/65,main,activate_customer,medium,65,unsupported,paper_literal,1,1,1,1,1,0,0,0,0,0,0,1,0,0,3,3,0,8,3ef664ec9e9677b6f90e1ca7e221c251a79416d1098d4df07f19cd278102329d
main/activate_customer/medium/65/unsupported/engineering,main/activate_customer/medium/65,main,activate_customer,medium,65,unsupported,engineering,1,1,1,1,1,0,0,0,0,0,0,1,0,1,3,3,0,8,3ef664ec9e9677b6f90e1ca7e221c251a79416d1098d4df07f19cd278102329d
main/activate_customer/medium/66/supported/retry_only,main/activate_customer/medium/66,main,activate_customer,medium,66,supported,retry_only,1,0,0,0,0,1,1,0,0,1,0,2,1,0,6,6,0,8,6f785450625c3f7df2553124d4db2c62619819a3b3398d6396a47e6fd7b48cef
main/activate_customer/medium/66/supported/verify_only,main/activate_customer/medium/66,main,activate_customer,medium,66,supported,verify_only,1,1,1,1,1,0,0,0,0,0,0,1,0,1,3,3,1,8,6f785450625c3f7df2553124d4db2c62619819a3b3398d6396a47e6fd7b48cef
main/activate_customer/medium/66/supported/paper_literal,main/activate_customer/medium/66,main,activate_customer,medium,66,supported,paper_literal,1,1,1,1,1,0,0,0,0,0,0,1,0,1,3,3,1,8,6f785450625c3f7df2553124d4db2c62619819a3b3398d6396a47e6fd7b48cef
main/activate_customer/medium/66/supported/engineering,main/activate_customer/medium/66,main,activate_customer,medium,66,supported,engineering,1,1,1,1,1,0,0,0,0,0,0,1,0,1,3,3,1,8,6f785450625c3f7df2553124d4db2c62619819a3b3398d6396a47e6fd7b48cef
main/activate_customer/medium/66/unsupported/retry_only,main/activate_customer/medium/66,main,activate_customer,medium,66,unsupported,retry_only,1,0,0,0,0,1,1,0,0,1,0,2,1,0,6,6,0,8,6f785450625c3f7df2553124d4db2c62619819a3b3398d6396a47e6fd7b48cef
main/activate_customer/medium/66/unsupported/verify_only,main/activate_customer/medium/66,main,activate_customer,medium,66,unsupported,verify_only,1,1,1,1,1,0,0,0,0,0,0,1,0,1,3,3,1,8,6f785450625c3f7df2553124d4db2c62619819a3b3398d6396a47e6fd7b48cef
main/activate_customer/medium/66/unsupported/paper_literal,main/activate_customer/medium/66,main,activate_customer,medium,66,unsupported,paper_literal,1,1,1,1,1,0,0,0,0,0,0,1,0,1,3,3,1,8,6f785450625c3f7df2553124d4db2c62619819a3b3398d6396a47e6fd7b48cef
main/activate_customer/medium/66/unsupported/engineering,main/activate_customer/medium/66,main,activate_customer,medium,66,unsupported,engineering,1,1,1,1,1,0,0,0,0,0,0,1,0,1,3,3,1,8,6f785450625c3f7df2553124d4db2c62619819a3b3398d6396a47e6fd7b48cef
main/activate_customer/high/42/supported/retry_only,main/activate_customer/high/42,main,activate_customer,high,42,supported,retry_only,0,1,1,1,1,0,0,1,1,0,0,2,1,0,3,3,0,8,4272470648153ebadc771fe08876053310653c748b66d9217b717384d5507e80
main/activate_customer/high/42/supported/verify_only,main/activate_customer/high/42,main,activate_customer,high,42,supported,verify_only,0,1,1,1,1,0,0,1,1,0,0,1,0,1,3,3,1,8,4272470648153ebadc771fe08876053310653c748b66d9217b717384d5507e80
main/activate_customer/high/42/supported/paper_literal,main/activate_customer/high/42,main,activate_customer,high,42,supported,paper_literal,0,1,1,1,1,0,0,1,1,0,0,2,1,1,3,3,1,8,4272470648153ebadc771fe08876053310653c748b66d9217b717384d5507e80
main/activate_customer/high/42/supported/engineering,main/activate_customer/high/42,main,activate_customer,high,42,supported,engineering,0,1,1,1,1,0,0,1,1,0,0,2,1,1,3,3,1,8,4272470648153ebadc771fe08876053310653c748b66d9217b717384d5507e80
main/activate_customer/high/42/unsupported/retry_only,main/activate_customer/high/42,main,activate_customer,high,42,unsupported,retry_only,0,1,1,1,1,0,0,1,1,0,0,2,1,0,3,3,0,8,4272470648153ebadc771fe08876053310653c748b66d9217b717384d5507e80
main/activate_customer/high/42/unsupported/verify_only,main/activate_customer/high/42,main,activate_customer,high,42,unsupported,verify_only,0,1,1,1,1,0,0,1,1,0,0,1,0,1,3,3,1,8,4272470648153ebadc771fe08876053310653c748b66d9217b717384d5507e80
main/activate_customer/high/42/unsupported/paper_literal,main/activate_customer/high/42,main,activate_customer,high,42,unsupported,paper_literal,0,1,1,1,1,0,0,1,1,0,0,2,1,1,3,3,1,8,4272470648153ebadc771fe08876053310653c748b66d9217b717384d5507e80
main/activate_customer/high/42/unsupported/engineering,main/activate_customer/high/42,main,activate_customer,high,42,unsupported,engineering,0,1,1,1,1,0,0,1,1,0,0,2,1,1,3,3,1,8,4272470648153ebadc771fe08876053310653c748b66d9217b717384d5507e80
main/activate_customer/high/43/supported/retry_only,main/activate_customer/high/43,main,activate_customer,high,43,supported,retry_only,1,1,1,1,1,0,0,0,0,0,0,2,1,0,5,5,0,8,aea41de26929b127e36f0bebf3f38946da8b7e5f04f846aa854aca859914e896
main/activate_customer/high/43/supported/verify_only,main/activate_customer/high/43,main,activate_customer,high,43,supported,verify_only,1,0,0,0,0,1,1,0,0,0,1,1,0,1,2,2,1,8,aea41de26929b127e36f0bebf3f38946da8b7e5f04f846aa854aca859914e896
main/activate_customer/high/43/supported/paper_literal,main/activate_customer/high/43,main,activate_customer,high,43,supported,paper_literal,1,0,0,0,0,1,1,0,0,0,1,1,0,1,2,2,1,8,aea41de26929b127e36f0bebf3f38946da8b7e5f04f846aa854aca859914e896
main/activate_customer/high/43/supported/engineering,main/activate_customer/high/43,main,activate_customer,high,43,supported,engineering,1,1,1,1,1,0,0,0,0,0,0,2,1,2,3,3,1,8,aea41de26929b127e36f0bebf3f38946da8b7e5f04f846aa854aca859914e896
main/activate_customer/high/43/unsupported/retry_only,main/activate_customer/high/43,main,activate_customer,high,43,unsupported,retry_only,1,1,1,1,1,0,0,0,0,0,0,2,1,0,5,5,0,8,aea41de26929b127e36f0bebf3f38946da8b7e5f04f846aa854aca859914e896
main/activate_customer/high/43/unsupported/verify_only,main/activate_customer/high/43,main,activate_customer,high,43,unsupported,verify_only,1,0,0,0,0,1,1,0,0,0,1,1,0,1,2,2,1,8,aea41de26929b127e36f0bebf3f38946da8b7e5f04f846aa854aca859914e896
main/activate_customer/high/43/unsupported/paper_literal,main/activate_customer/high/43,main,activate_customer,high,43,unsupported,paper_literal,1,0,0,0,0,1,1,0,0,0,1,1,0,1,2,2,1,8,aea41de26929b127e36f0bebf3f38946da8b7e5f04f846aa854aca859914e896
main/activate_customer/high/43/unsupported/engineering,main/activate_customer/high/43,main,activate_customer,high,43,unsupported,engineering,1,1,1,1,1,0,0,0,0,0,0,2,1,2,5,5,1,8,aea41de26929b127e36f0bebf3f38946da8b7e5f04f846aa854aca859914e896
main/activate_customer/high/44/supported/retry_only,main/activate_customer/high/44,main,activate_customer,high,44,supported,retry_only,1,1,1,1,1,0,0,0,0,0,0,1,0,0,3,3,0,8,cf9a1542a0cf09c18a89c81a5800aab4f90439cbffd7f1e21d9780349dc290cb
main/activate_customer/high/44/supported/verify_only,main/activate_customer/high/44,main,activate_customer,high,44,supported,verify_only,1,1,1,1,1,0,0,0,0,0,0,1,0,0,3,3,0,8,cf9a1542a0cf09c18a89c81a5800aab4f90439cbffd7f1e21d9780349dc290cb
main/activate_customer/high/44/supported/paper_literal,main/activate_customer/high/44,main,activate_customer,high,44,supported,paper_literal,1,1,1,1,1,0,0,0,0,0,0,1,0,0,3,3,0,8,cf9a1542a0cf09c18a89c81a5800aab4f90439cbffd7f1e21d9780349dc290cb
main/activate_customer/high/44/supported/engineering,main/activate_customer/high/44,main,activate_customer,high,44,supported,engineering,1,1,1,1,1,0,0,0,0,0,0,1,0,1,3,3,0,8,cf9a1542a0cf09c18a89c81a5800aab4f90439cbffd7f1e21d9780349dc290cb
main/activate_customer/high/44/unsupported/retry_only,main/activate_customer/high/44,main,activate_customer,high,44,unsupported,retry_only,1,1,1,1,1,0,0,0,0,0,0,1,0,0,3,3,0,8,cf9a1542a0cf09c18a89c81a5800aab4f90439cbffd7f1e21d9780349dc290cb
main/activate_customer/high/44/unsupported/verify_only,main/activate_customer/high/44,main,activate_customer,high,44,unsupported,verify_only,1,1,1,1,1,0,0,0,0,0,0,1,0,0,3,3,0,8,cf9a1542a0cf09c18a89c81a5800aab4f90439cbffd7f1e21d9780349dc290cb
main/activate_customer/high/44/unsupported/paper_literal,main/activate_customer/high/44,main,activate_customer,high,44,unsupported,paper_literal,1,1,1,1,1,0,0,0,0,0,0,1,0,0,3,3,0,8,cf9a1542a0cf09c18a89c81a5800aab4f90439cbffd7f1e21d9780349dc290cb
main/activate_customer/high/44/unsupported/engineering,main/activate_customer/high/44,main,activate_customer,high,44,unsupported,engineering,1,1,1,1,1,0,0,0,0,0,0,1,0,1,3,3,0,8,cf9a1542a0cf09c18a89c81a5800aab4f90439cbffd7f1e21d9780349dc290cb
main/activate_customer/high/45/supported/retry_only,main/activate_customer/high/45,main,activate_customer,high,45,supported,retry_only,0,1,1,1,1,0,0,1,1,0,0,2,1,0,5,5,0,8,cbb12c828abef9c0f2ca98704c8a92b04abe8cdd745c8c9538d28d44054f5e65
main/activate_customer/high/45/supported/verify_only,main/activate_customer/high/45,main,activate_customer,high,45,supported,verify_only,1,0,0,0,0,1,1,0,0,0,1,1,0,1,2,2,1,8,cbb12c828abef9c0f2ca98704c8a92b04abe8cdd745c8c9538d28d44054f5e65
main/activate_customer/high/45/supported/paper_literal,main/activate_customer/high/45,main,activate_customer,high,45,supported,paper_literal,1,0,0,0,0,1,1,0,0,0,1,1,0,1,2,2,1,8,cbb12c828abef9c0f2ca98704c8a92b04abe8cdd745c8c9538d28d44054f5e65
main/activate_customer/high/45/supported/engineering,main/activate_customer/high/45,main,activate_customer,high,45,supported,engineering,1,1,1,1,1,0,0,0,0,0,0,2,1,3,3,3,3,8,cbb12c828abef9c0f2ca98704c8a92b04abe8cdd745c8c9538d28d44054f5e65
main/activate_customer/high/45/unsupported/retry_only,main/activate_customer/high/45,main,activate_customer,high,45,unsupported,retry_only,0,1,1,1,1,0,0,1,1,0,0,2,1,0,5,5,0,8,cbb12c828abef9c0f2ca98704c8a92b04abe8cdd745c8c9538d28d44054f5e65
main/activate_customer/high/45/unsupported/verify_only,main/activate_customer/high/45,main,activate_customer,high,45,unsupported,verify_only,1,0,0,0,0,1,1,0,0,0,1,1,0,1,2,2,1,8,cbb12c828abef9c0f2ca98704c8a92b04abe8cdd745c8c9538d28d44054f5e65
main/activate_customer/high/45/unsupported/paper_literal,main/activate_customer/high/45,main,activate_customer,high,45,unsupported,paper_literal,1,0,0,0,0,1,1,0,0,0,1,1,0,1,2,2,1,8,cbb12c828abef9c0f2ca98704c8a92b04abe8cdd745c8c9538d28d44054f5e65
main/activate_customer/high/45/unsupported/engineering,main/activate_customer/high/45,main,activate_customer,high,45,unsupported,engineering,1,1,1,1,1,0,0,0,0,0,0,2,1,3,5,5,3,8,cbb12c828abef9c0f2ca98704c8a92b04abe8cdd745c8c9538d28d44054f5e65
main/activate_customer/high/46/supported/retry_only,main/activate_customer/high/46,main,activate_customer,high,46,supported,retry_only,1,1,1,1,1,0,0,0,0,0,0,1,0,0,3,3,0,8,87cb49620de403ec66067386e837c69716d9bb66553a1aff452379912dbf9667
main/activate_customer/high/46/supported/verify_only,main/activate_customer/high/46,main,activate_customer,high,46,supported,verify_only,1,1,1,1,1,0,0,0,0,0,0,1,0,0,3,3,0,8,87cb49620de403ec66067386e837c69716d9bb66553a1aff452379912dbf9667
main/activate_customer/high/46/supported/paper_literal,main/activate_customer/high/46,main,activate_customer,high,46,supported,paper_literal,1,1,1,1,1,0,0,0,0,0,0,1,0,0,3,3,0,8,87cb49620de403ec66067386e837c69716d9bb66553a1aff452379912dbf9667
main/activate_customer/high/46/supported/engineering,main/activate_customer/high/46,main,activate_customer,high,46,supported,engineering,1,1,1,1,1,0,0,0,0,0,0,1,0,1,3,3,0,8,87cb49620de403ec66067386e837c69716d9bb66553a1aff452379912dbf9667
main/activate_customer/high/46/unsupported/retry_only,main/activate_customer/high/46,main,activate_customer,high,46,unsupported,retry_only,1,1,1,1,1,0,0,0,0,0,0,1,0,0,3,3,0,8,87cb49620de403ec66067386e837c69716d9bb66553a1aff452379912dbf9667
main/activate_customer/high/46/unsupported/verify_only,main/activate_customer/high/46,main,activate_customer,high,46,unsupported,verify_only,1,1,1,1,1,0,0,0,0,0,0,1,0,0,3,3,0,8,87cb49620de403ec66067386e837c69716d9bb66553a1aff452379912dbf9667
main/activate_customer/high/46/unsupported/paper_literal,main/activate_customer/high/46,main,activate_customer,high,46,unsupported,paper_literal,1,1,1,1,1,0,0,0,0,0,0,1,0,0,3,3,0,8,87cb49620de403ec66067386e837c69716d9bb66553a1aff452379912dbf9667
main/activate_customer/high/46/unsupported/engineering,main/activate_customer/high/46,main,activate_customer,high,46,unsupported,engineering,1,1,1,1,1,0,0,0,0,0,0,1,0,1,3,3,0,8,87cb49620de403ec66067386e837c69716d9bb66553a1aff452379912dbf9667
main/activate_customer/high/47/supported/retry_only,main/activate_customer/high/47,main,activate_customer,high,47,supported,retry_only,1,1,1,1,1,0,0,0,0,0,0,1,0,0,3,3,0,8,f601d984e0e77a5d9881eb2878a620a308152da3a838d83adb19bfd26ae4a3da
main/activate_customer/high/47/supported/verify_only,main/activate_customer/high/47,main,activate_customer,high,47,supported,verify_only,1,1,1,1,1,0,0,0,0,0,0,1,0,0,3,3,0,8,f601d984e0e77a5d9881eb2878a620a308152da3a838d83adb19bfd26ae4a3da
main/activate_customer/high/47/supported/paper_literal,main/activate_customer/high/47,main,activate_customer,high,47,supported,paper_literal,1,1,1,1,1,0,0,0,0,0,0,1,0,0,3,3,0,8,f601d984e0e77a5d9881eb2878a620a308152da3a838d83adb19bfd26ae4a3da
main/activate_customer/high/47/supported/engineering,main/activate_customer/high/47,main,activate_customer,high,47,supported,engineering,1,1,1,1,1,0,0,0,0,0,0,1,0,1,3,3,0,8,f601d984e0e77a5d9881eb2878a620a308152da3a838d83adb19bfd26ae4a3da
main/activate_customer/high/47/unsupported/retry_only,main/activate_customer/high/47,main,activate_customer,high,47,unsupported,retry_only,1,1,1,1,1,0,0,0,0,0,0,1,0,0,3,3,0,8,f601d984e0e77a5d9881eb2878a620a308152da3a838d83adb19bfd26ae4a3da
main/activate_customer/high/47/unsupported/verify_only,main/activate_customer/high/47,main,activate_customer,high,47,unsupported,verify_only,1,1,1,1,1,0,0,0,0,0,0,1,0,0,3,3,0,8,f601d984e0e77a5d9881eb2878a620a308152da3a838d83adb19bfd26ae4a3da
main/activate_customer/high/47/unsupported/paper_literal,main/activate_customer/high/47,main,activate_customer,high,47,unsupported,paper_literal,1,1,1,1,1,0,0,0,0,0,0,1,0,0,3,3,0,8,f601d984e0e77a5d9881eb2878a620a308152da3a838d83adb19bfd26ae4a3da
main/activate_customer/high/47/unsupported/engineering,main/activate_customer/high/47,main,activate_customer,high,47,unsupported,engineering,1,1,1,1,1,0,0,0,0,0,0,1,0,1,3,3,0,8,f601d984e0e77a5d9881eb2878a620a308152da3a838d83adb19bfd26ae4a3da
main/activate_customer/high/48/supported/retry_only,main/activate_customer/high/48,main,activate_customer,high,48,supported,retry_only,0,0,0,0,0,0,0,0,0,1,0,2,1,0,6,6,0,8,106cea0b7d8a00623710d80cad1bf9a7588d513fe19d33ac053cfb5458904a58
main/activate_customer/high/48/supported/verify_only,main/activate_customer/high/48,main,activate_customer,high,48,supported,verify_only,0,1,1,1,1,0,0,1,1,0,0,1,0,1,3,3,1,8,106cea0b7d8a00623710d80cad1bf9a7588d513fe19d33ac053cfb5458904a58
main/activate_customer/high/48/supported/paper_literal,main/activate_customer/high/48,main,activate_customer,high,48,supported,paper_literal,0,1,1,1,1,0,0,1,1,0,0,2,1,1,3,3,1,8,106cea0b7d8a00623710d80cad1bf9a7588d513fe19d33ac053cfb5458904a58
main/activate_customer/high/48/supported/engineering,main/activate_customer/high/48,main,activate_customer,high,48,supported,engineering,1,1,1,1,1,0,0,0,0,0,0,2,1,2,3,3,2,8,106cea0b7d8a00623710d80cad1bf9a7588d513fe19d33ac053cfb5458904a58
main/activate_customer/high/48/unsupported/retry_only,main/activate_customer/high/48,main,activate_customer,high,48,unsupported,retry_only,0,0,0,0,0,0,0,0,0,1,0,2,1,0,6,6,0,8,106cea0b7d8a00623710d80cad1bf9a7588d513fe19d33ac053cfb5458904a58
main/activate_customer/high/48/unsupported/verify_only,main/activate_customer/high/48,main,activate_customer,high,48,unsupported,verify_only,0,1,1,1,1,0,0,1,1,0,0,1,0,1,3,3,1,8,106cea0b7d8a00623710d80cad1bf9a7588d513fe19d33ac053cfb5458904a58
main/activate_customer/high/48/unsupported/paper_literal,main/activate_customer/high/48,main,activate_customer,high,48,unsupported,paper_literal,0,0,0,0,0,0,0,0,0,1,0,2,1,1,6,6,1,8,106cea0b7d8a00623710d80cad1bf9a7588d513fe19d33ac053cfb5458904a58
main/activate_customer/high/48/unsupported/engineering,main/activate_customer/high/48,main,activate_customer,high,48,unsupported,engineering,1,0,0,0,0,1,1,0,0,1,0,2,1,2,6,6,2,8,106cea0b7d8a00623710d80cad1bf9a7588d513fe19d33ac053cfb5458904a58
main/activate_customer/high/49/supported/retry_only,main/activate_customer/high/49,main,activate_customer,high,49,supported,retry_only,0,0,0,0,0,0,0,0,0,0,1,2,1,0,4,4,0,8,cb922f417f47168eb1fd2522b86d4487b2689619ef9b93c6b076e5d1d48dbca0
main/activate_customer/high/49/supported/verify_only,main/activate_customer/high/49,main,activate_customer,high,49,supported,verify_only,1,0,0,0,0,1,1,0,0,0,1,1,0,1,2,2,1,8,cb922f417f47168eb1fd2522b86d4487b2689619ef9b93c6b076e5d1d48dbca0
main/activate_customer/high/49/supported/paper_literal,main/activate_customer/high/49,main,activate_customer,high,49,supported,paper_literal,1,0,0,0,0,1,1,0,0,0,1,1,0,1,2,2,1,8,cb922f417f47168eb1fd2522b86d4487b2689619ef9b93c6b076e5d1d48dbca0
main/activate_customer/high/49/supported/engineering,main/activate_customer/high/49,main,activate_customer,high,49,supported,engineering,0,0,0,0,0,0,0,0,0,0,1,2,1,3,2,2,3,8,cb922f417f47168eb1fd2522b86d4487b2689619ef9b93c6b076e5d1d48dbca0
main/activate_customer/high/49/unsupported/retry_only,main/activate_customer/high/49,main,activate_customer,high,49,unsupported,retry_only,0,0,0,0,0,0,0,0,0,0,1,2,1,0,4,4,0,8,cb922f417f47168eb1fd2522b86d4487b2689619ef9b93c6b076e5d1d48dbca0
main/activate_customer/high/49/unsupported/verify_only,main/activate_customer/high/49,main,activate_customer,high,49,unsupported,verify_only,1,0,0,0,0,1,1,0,0,0,1,1,0,1,2,2,1,8,cb922f417f47168eb1fd2522b86d4487b2689619ef9b93c6b076e5d1d48dbca0
main/activate_customer/high/49/unsupported/paper_literal,main/activate_customer/high/49,main,activate_customer,high,49,unsupported,paper_literal,1,0,0,0,0,1,1,0,0,0,1,1,0,1,2,2,1,8,cb922f417f47168eb1fd2522b86d4487b2689619ef9b93c6b076e5d1d48dbca0
main/activate_customer/high/49/unsupported/engineering,main/activate_customer/high/49,main,activate_customer,high,49,unsupported,engineering,0,0,0,0,0,0,0,0,0,0,1,2,1,3,4,4,3,8,cb922f417f47168eb1fd2522b86d4487b2689619ef9b93c6b076e5d1d48dbca0
main/activate_customer/high/50/supported/retry_only,main/activate_customer/high/50,main,activate_customer,high,50,supported,retry_only,1,1,1,1,1,0,0,0,0,0,0,1,0,0,3,3,0,8,06658ea7475dd9ce5c66d6f36ecd464e868eed812dff2fa98c0bab18c36d2898
main/activate_customer/high/50/supported/verify_only,main/activate_customer/high/50,main,activate_customer,high,50,supported,verify_only,1,1,1,1,1,0,0,0,0,0,0,1,0,0,3,3,0,8,06658ea7475dd9ce5c66d6f36ecd464e868eed812dff2fa98c0bab18c36d2898
main/activate_customer/high/50/supported/paper_literal,main/activate_customer/high/50,main,activate_customer,high,50,supported,paper_literal,1,1,1,1,1,0,0,0,0,0,0,1,0,0,3,3,0,8,06658ea7475dd9ce5c66d6f36ecd464e868eed812dff2fa98c0bab18c36d2898
main/activate_customer/high/50/supported/engineering,main/activate_customer/high/50,main,activate_customer,high,50,supported,engineering,1,1,1,1,1,0,0,0,0,0,0,1,0,1,3,3,0,8,06658ea7475dd9ce5c66d6f36ecd464e868eed812dff2fa98c0bab18c36d2898
main/activate_customer/high/50/unsupported/retry_only,main/activate_customer/high/50,main,activate_customer,high,50,unsupported,retry_only,1,1,1,1,1,0,0,0,0,0,0,1,0,0,3,3,0,8,06658ea7475dd9ce5c66d6f36ecd464e868eed812dff2fa98c0bab18c36d2898
main/activate_customer/high/50/unsupported/verify_only,main/activate_customer/high/50,main,activate_customer,high,50,unsupported,verify_only,1,1,1,1,1,0,0,0,0,0,0,1,0,0,3,3,0,8,06658ea7475dd9ce5c66d6f36ecd464e868eed812dff2fa98c0bab18c36d2898
main/activate_customer/high/50/unsupported/paper_literal,main/activate_customer/high/50,main,activate_customer,high,50,unsupported,paper_literal,1,1,1,1,1,0,0,0,0,0,0,1,0,0,3,3,0,8,06658ea7475dd9ce5c66d6f36ecd464e868eed812dff2fa98c0bab18c36d2898
main/activate_customer/high/50/unsupported/engineering,main/activate_customer/high/50,main,activate_customer,high,50,unsupported,engineering,1,1,1,1,1,0,0,0,0,0,0,1,0,1,3,3,0,8,06658ea7475dd9ce5c66d6f36ecd464e868eed812dff2fa98c0bab18c36d2898
main/activate_customer/high/51/supported/retry_only,main/activate_customer/high/51,main,activate_customer,high,51,supported,retry_only,0,0,0,0,0,0,0,0,0,1,0,2,1,0,6,6,0,8,be71a4de049e9c1aa2640674284404e9d9527e0a14c5b2f8e82f27aa699ad68d
main/activate_customer/high/51/supported/verify_only,main/activate_customer/high/51,main,activate_customer,high,51,supported,verify_only,1,1,1,1,1,0,0,0,0,0,0,1,0,1,3,3,1,8,be71a4de049e9c1aa2640674284404e9d9527e0a14c5b2f8e82f27aa699ad68d
main/activate_customer/high/51/supported/paper_literal,main/activate_customer/high/51,main,activate_customer,high,51,supported,paper_literal,1,1,1,1,1,0,0,0,0,0,0,1,0,1,3,3,1,8,be71a4de049e9c1aa2640674284404e9d9527e0a14c5b2f8e82f27aa699ad68d
main/activate_customer/high/51/supported/engineering,main/activate_customer/high/51,main,activate_customer,high,51,supported,engineering,1,1,1,1,1,0,0,0,0,0,0,1,0,1,3,3,1,8,be71a4de049e9c1aa2640674284404e9d9527e0a14c5b2f8e82f27aa699ad68d
main/activate_customer/high/51/unsupported/retry_only,main/activate_customer/high/51,main,activate_customer,high,51,unsupported,retry_only,0,0,0,0,0,0,0,0,0,1,0,2,1,0,6,6,0,8,be71a4de049e9c1aa2640674284404e9d9527e0a14c5b2f8e82f27aa699ad68d
main/activate_customer/high/51/unsupported/verify_only,main/activate_customer/high/51,main,activate_customer,high,51,unsupported,verify_only,1,1,1,1,1,0,0,0,0,0,0,1,0,1,3,3,1,8,be71a4de049e9c1aa2640674284404e9d9527e0a14c5b2f8e82f27aa699ad68d
main/activate_customer/high/51/unsupported/paper_literal,main/activate_customer/high/51,main,activate_customer,high,51,unsupported,paper_literal,1,1,1,1,1,0,0,0,0,0,0,1,0,1,3,3,1,8,be71a4de049e9c1aa2640674284404e9d9527e0a14c5b2f8e82f27aa699ad68d
main/activate_customer/high/51/unsupported/engineering,main/activate_customer/high/51,main,activate_customer,high,51,unsupported,engineering,1,1,1,1,1,0,0,0,0,0,0,1,0,1,3,3,1,8,be71a4de049e9c1aa2640674284404e9d9527e0a14c5b2f8e82f27aa699ad68d
main/activate_customer/high/52/supported/retry_only,main/activate_customer/high/52,main,activate_customer,high,52,supported,retry_only,1,0,0,0,0,1,1,0,0,1,0,2,1,0,6,6,0,8,b5ac42503ef515f407cada76ccd4e916f0a7bdec2974b401175dbdb81392506e
main/activate_customer/high/52/supported/verify_only,main/activate_customer/high/52,main,activate_customer,high,52,supported,verify_only,0,1,1,1,1,0,0,1,1,0,0,1,0,1,3,3,1,8,b5ac42503ef515f407cada76ccd4e916f0a7bdec2974b401175dbdb81392506e
main/activate_customer/high/52/supported/paper_literal,main/activate_customer/high/52,main,activate_customer,high,52,supported,paper_literal,0,1,1,1,1,0,0,1,1,0,0,2,1,1,3,3,1,8,b5ac42503ef515f407cada76ccd4e916f0a7bdec2974b401175dbdb81392506e
main/activate_customer/high/52/supported/engineering,main/activate_customer/high/52,main,activate_customer,high,52,supported,engineering,1,1,1,1,1,0,0,0,0,0,0,2,1,3,3,3,2,8,b5ac42503ef515f407cada76ccd4e916f0a7bdec2974b401175dbdb81392506e
main/activate_customer/high/52/unsupported/retry_only,main/activate_customer/high/52,main,activate_customer,high,52,unsupported,retry_only,1,0,0,0,0,1,1,0,0,1,0,2,1,0,6,6,0,8,b5ac42503ef515f407cada76ccd4e916f0a7bdec2974b401175dbdb81392506e
main/activate_customer/high/52/unsupported/verify_only,main/activate_customer/high/52,main,activate_customer,high,52,unsupported,verify_only,0,1,1,1,1,0,0,1,1,0,0,1,0,1,3,3,1,8,b5ac42503ef515f407cada76ccd4e916f0a7bdec2974b401175dbdb81392506e
main/activate_customer/high/52/unsupported/paper_literal,main/activate_customer/high/52,main,activate_customer,high,52,unsupported,paper_literal,0,0,0,0,0,0,0,0,0,1,0,2,1,1,6,6,1,8,b5ac42503ef515f407cada76ccd4e916f0a7bdec2974b401175dbdb81392506e
main/activate_customer/high/52/unsupported/engineering,main/activate_customer/high/52,main,activate_customer,high,52,unsupported,engineering,0,0,0,0,0,0,0,0,0,1,0,2,1,3,6,6,2,8,b5ac42503ef515f407cada76ccd4e916f0a7bdec2974b401175dbdb81392506e
main/activate_customer/high/53/supported/retry_only,main/activate_customer/high/53,main,activate_customer,high,53,supported,retry_only,1,1,1,1,1,0,0,0,0,0,0,1,0,0,3,3,0,8,95ac3cd2db085508b09f788969f872dfa2baca1f4f185d0a5d5733604a968b8a
main/activate_customer/high/53/supported/verify_only,main/activate_customer/high/53,main,activate_customer,high,53,supported,verify_only,1,1,1,1,1,0,0,0,0,0,0,1,0,0,3,3,0,8,95ac3cd2db085508b09f788969f872dfa2baca1f4f185d0a5d5733604a968b8a
main/activate_customer/high/53/supported/paper_literal,main/activate_customer/high/53,main,activate_customer,high,53,supported,paper_literal,1,1,1,1,1,0,0,0,0,0,0,1,0,0,3,3,0,8,95ac3cd2db085508b09f788969f872dfa2baca1f4f185d0a5d5733604a968b8a
main/activate_customer/high/53/supported/engineering,main/activate_customer/high/53,main,activate_customer,high,53,supported,engineering,1,1,1,1,1,0,0,0,0,0,0,1,0,1,3,3,0,8,95ac3cd2db085508b09f788969f872dfa2baca1f4f185d0a5d5733604a968b8a
main/activate_customer/high/53/unsupported/retry_only,main/activate_customer/high/53,main,activate_customer,high,53,unsupported,retry_only,1,1,1,1,1,0,0,0,0,0,0,1,0,0,3,3,0,8,95ac3cd2db085508b09f788969f872dfa2baca1f4f185d0a5d5733604a968b8a
main/activate_customer/high/53/unsupported/verify_only,main/activate_customer/high/53,main,activate_customer,high,53,unsupported,verify_only,1,1,1,1,1,0,0,0,0,0,0,1,0,0,3,3,0,8,95ac3cd2db085508b09f788969f872dfa2baca1f4f185d0a5d5733604a968b8a
main/activate_customer/high/53/unsupported/paper_literal,main/activate_customer/high/53,main,activate_customer,high,53,unsupported,paper_literal,1,1,1,1,1,0,0,0,0,0,0,1,0,0,3,3,0,8,95ac3cd2db085508b09f788969f872dfa2baca1f4f185d0a5d5733604a968b8a
main/activate_customer/high/53/unsupported/engineering,main/activate_customer/high/53,main,activate_customer,high,53,unsupported,engineering,1,1,1,1,1,0,0,0,0,0,0,1,0,1,3,3,0,8,95ac3cd2db085508b09f788969f872dfa2baca1f4f185d0a5d5733604a968b8a
main/activate_customer/high/54/supported/retry_only,main/activate_customer/high/54,main,activate_customer,high,54,supported,retry_only,1,0,0,0,0,1,1,0,0,1,0,2,1,0,6,6,0,8,9c5a973374f81dc0b5676f12346e015875b2b1777deb62ed51ab19310602b837
main/activate_customer/high/54/supported/verify_only,main/activate_customer/high/54,main,activate_customer,high,54,supported,verify_only,0,1,1,1,1,0,0,1,1,0,0,1,0,1,3,3,1,8,9c5a973374f81dc0b5676f12346e015875b2b1777deb62ed51ab19310602b837
main/activate_customer/high/54/supported/paper_literal,main/activate_customer/high/54,main,activate_customer,high,54,supported,paper_literal,0,1,1,1,1,0,0,1,1,0,0,2,1,1,3,3,1,8,9c5a973374f81dc0b5676f12346e015875b2b1777deb62ed51ab19310602b837
main/activate_customer/high/54/supported/engineering,main/activate_customer/high/54,main,activate_customer,high,54,supported,engineering,1,1,1,1,1,0,0,0,0,0,0,2,1,3,3,3,2,8,9c5a973374f81dc0b5676f12346e015875b2b1777deb62ed51ab19310602b837
main/activate_customer/high/54/unsupported/retry_only,main/activate_customer/high/54,main,activate_customer,high,54,unsupported,retry_only,1,0,0,0,0,1,1,0,0,1,0,2,1,0,6,6,0,8,9c5a973374f81dc0b5676f12346e015875b2b1777deb62ed51ab19310602b837
main/activate_customer/high/54/unsupported/verify_only,main/activate_customer/high/54,main,activate_customer,high,54,unsupported,verify_only,0,1,1,1,1,0,0,1,1,0,0,1,0,1,3,3,1,8,9c5a973374f81dc0b5676f12346e015875b2b1777deb62ed51ab19310602b837
main/activate_customer/high/54/unsupported/paper_literal,main/activate_customer/high/54,main,activate_customer,high,54,unsupported,paper_literal,0,0,0,0,0,0,0,0,0,1,0,2,1,1,6,6,1,8,9c5a973374f81dc0b5676f12346e015875b2b1777deb62ed51ab19310602b837
main/activate_customer/high/54/unsupported/engineering,main/activate_customer/high/54,main,activate_customer,high,54,unsupported,engineering,0,0,0,0,0,0,0,0,0,1,0,2,1,3,6,6,2,8,9c5a973374f81dc0b5676f12346e015875b2b1777deb62ed51ab19310602b837
main/activate_customer/high/55/supported/retry_only,main/activate_customer/high/55,main,activate_customer,high,55,supported,retry_only,1,1,1,1,1,0,0,0,0,0,0,2,1,0,5,5,0,8,b0276d90885f9d41705b32129c6a39fdf7da1e507ec6976e7d321bd2a035c0cc
main/activate_customer/high/55/supported/verify_only,main/activate_customer/high/55,main,activate_customer,high,55,supported,verify_only,1,0,0,0,0,1,1,0,0,0,1,1,0,1,2,2,1,8,b0276d90885f9d41705b32129c6a39fdf7da1e507ec6976e7d321bd2a035c0cc
main/activate_customer/high/55/supported/paper_literal,main/activate_customer/high/55,main,activate_customer,high,55,supported,paper_literal,1,0,0,0,0,1,1,0,0,0,1,1,0,1,2,2,1,8,b0276d90885f9d41705b32129c6a39fdf7da1e507ec6976e7d321bd2a035c0cc
main/activate_customer/high/55/supported/engineering,main/activate_customer/high/55,main,activate_customer,high,55,supported,engineering,1,1,1,1,1,0,0,0,0,0,0,2,1,2,3,3,1,8,b0276d90885f9d41705b32129c6a39fdf7da1e507ec6976e7d321bd2a035c0cc
main/activate_customer/high/55/unsupported/retry_only,main/activate_customer/high/55,main,activate_customer,high,55,unsupported,retry_only,1,1,1,1,1,0,0,0,0,0,0,2,1,0,5,5,0,8,b0276d90885f9d41705b32129c6a39fdf7da1e507ec6976e7d321bd2a035c0cc
main/activate_customer/high/55/unsupported/verify_only,main/activate_customer/high/55,main,activate_customer,high,55,unsupported,verify_only,1,0,0,0,0,1,1,0,0,0,1,1,0,1,2,2,1,8,b0276d90885f9d41705b32129c6a39fdf7da1e507ec6976e7d321bd2a035c0cc
main/activate_customer/high/55/unsupported/paper_literal,main/activate_customer/high/55,main,activate_customer,high,55,unsupported,paper_literal,1,0,0,0,0,1,1,0,0,0,1,1,0,1,2,2,1,8,b0276d90885f9d41705b32129c6a39fdf7da1e507ec6976e7d321bd2a035c0cc
main/activate_customer/high/55/unsupported/engineering,main/activate_customer/high/55,main,activate_customer,high,55,unsupported,engineering,1,1,1,1,1,0,0,0,0,0,0,2,1,2,5,5,1,8,b0276d90885f9d41705b32129c6a39fdf7da1e507ec6976e7d321bd2a035c0cc
main/activate_customer/high/56/supported/retry_only,main/activate_customer/high/56,main,activate_customer,high,56,supported,retry_only,1,1,1,1,1,0,0,0,0,0,0,1,0,0,3,3,0,8,cd9f42ba1c4fc6873e9c4d0fd9c8865092585cb828d50bd83fa458a2e2c0784f
main/activate_customer/high/56/supported/verify_only,main/activate_customer/high/56,main,activate_customer,high,56,supported,verify_only,1,1,1,1,1,0,0,0,0,0,0,1,0,0,3,3,0,8,cd9f42ba1c4fc6873e9c4d0fd9c8865092585cb828d50bd83fa458a2e2c0784f
main/activate_customer/high/56/supported/paper_literal,main/activate_customer/high/56,main,activate_customer,high,56,supported,paper_literal,1,1,1,1,1,0,0,0,0,0,0,1,0,0,3,3,0,8,cd9f42ba1c4fc6873e9c4d0fd9c8865092585cb828d50bd83fa458a2e2c0784f
main/activate_customer/high/56/supported/engineering,main/activate_customer/high/56,main,activate_customer,high,56,supported,engineering,1,1,1,1,1,0,0,0,0,0,0,1,0,1,3,3,0,8,cd9f42ba1c4fc6873e9c4d0fd9c8865092585cb828d50bd83fa458a2e2c0784f
main/activate_customer/high/56/unsupported/retry_only,main/activate_customer/high/56,main,activate_customer,high,56,unsupported,retry_only,1,1,1,1,1,0,0,0,0,0,0,1,0,0,3,3,0,8,cd9f42ba1c4fc6873e9c4d0fd9c8865092585cb828d50bd83fa458a2e2c0784f
main/activate_customer/high/56/unsupported/verify_only,main/activate_customer/high/56,main,activate_customer,high,56,unsupported,verify_only,1,1,1,1,1,0,0,0,0,0,0,1,0,0,3,3,0,8,cd9f42ba1c4fc6873e9c4d0fd9c8865092585cb828d50bd83fa458a2e2c0784f
main/activate_customer/high/56/unsupported/paper_literal,main/activate_customer/high/56,main,activate_customer,high,56,unsupported,paper_literal,1,1,1,1,1,0,0,0,0,0,0,1,0,0,3,3,0,8,cd9f42ba1c4fc6873e9c4d0fd9c8865092585cb828d50bd83fa458a2e2c0784f
main/activate_customer/high/56/unsupported/engineering,main/activate_customer/high/56,main,activate_customer,high,56,unsupported,engineering,1,1,1,1,1,0,0,0,0,0,0,1,0,1,3,3,0,8,cd9f42ba1c4fc6873e9c4d0fd9c8865092585cb828d50bd83fa458a2e2c0784f
main/activate_customer/high/57/supported/retry_only,main/activate_customer/high/57,main,activate_customer,high,57,supported,retry_only,1,1,1,1,1,0,0,0,0,0,0,2,1,0,5,5,0,8,4d0b7da2cbed17634587a341834a1e18117fa6d07dcd7ba1689d7cd4b8942e0e
main/activate_customer/high/57/supported/verify_only,main/activate_customer/high/57,main,activate_customer,high,57,supported,verify_only,1,0,0,0,0,1,1,0,0,0,1,1,0,1,2,2,1,8,4d0b7da2cbed17634587a341834a1e18117fa6d07dcd7ba1689d7cd4b8942e0e
main/activate_customer/high/57/supported/paper_literal,main/activate_customer/high/57,main,activate_customer,high,57,supported,paper_literal,1,0,0,0,0,1,1,0,0,0,1,1,0,1,2,2,1,8,4d0b7da2cbed17634587a341834a1e18117fa6d07dcd7ba1689d7cd4b8942e0e
main/activate_customer/high/57/supported/engineering,main/activate_customer/high/57,main,activate_customer,high,57,supported,engineering,1,1,1,1,1,0,0,0,0,0,0,2,1,2,3,3,1,8,4d0b7da2cbed17634587a341834a1e18117fa6d07dcd7ba1689d7cd4b8942e0e
main/activate_customer/high/57/unsupported/retry_only,main/activate_customer/high/57,main,activate_customer,high,57,unsupported,retry_only,1,1,1,1,1,0,0,0,0,0,0,2,1,0,5,5,0,8,4d0b7da2cbed17634587a341834a1e18117fa6d07dcd7ba1689d7cd4b8942e0e
main/activate_customer/high/57/unsupported/verify_only,main/activate_customer/high/57,main,activate_customer,high,57,unsupported,verify_only,1,0,0,0,0,1,1,0,0,0,1,1,0,1,2,2,1,8,4d0b7da2cbed17634587a341834a1e18117fa6d07dcd7ba1689d7cd4b8942e0e
main/activate_customer/high/57/unsupported/paper_literal,main/activate_customer/high/57,main,activate_customer,high,57,unsupported,paper_literal,1,0,0,0,0,1,1,0,0,0,1,1,0,1,2,2,1,8,4d0b7da2cbed17634587a341834a1e18117fa6d07dcd7ba1689d7cd4b8942e0e
main/activate_customer/high/57/unsupported/engineering,main/activate_customer/high/57,main,activate_customer,high,57,unsupported,engineering,1,1,1,1,1,0,0,0,0,0,0,2,1,2,5,5,1,8,4d0b7da2cbed17634587a341834a1e18117fa6d07dcd7ba1689d7cd4b8942e0e
main/activate_customer/high/58/supported/retry_only,main/activate_customer/high/58,main,activate_customer,high,58,supported,retry_only,0,0,0,0,0,0,0,0,0,1,0,2,1,0,6,6,0,8,413f9cee91f6a958a9ea6f9e76fa9892ea01bc98a3e4e6e74e8fd8ce70425b1d
main/activate_customer/high/58/supported/verify_only,main/activate_customer/high/58,main,activate_customer,high,58,supported,verify_only,0,1,1,1,1,0,0,1,1,0,0,1,0,1,3,3,1,8,413f9cee91f6a958a9ea6f9e76fa9892ea01bc98a3e4e6e74e8fd8ce70425b1d
main/activate_customer/high/58/supported/paper_literal,main/activate_customer/high/58,main,activate_customer,high,58,supported,paper_literal,0,1,1,1,1,0,0,1,1,0,0,2,1,1,3,3,1,8,413f9cee91f6a958a9ea6f9e76fa9892ea01bc98a3e4e6e74e8fd8ce70425b1d
main/activate_customer/high/58/supported/engineering,main/activate_customer/high/58,main,activate_customer,high,58,supported,engineering,1,1,1,1,1,0,0,0,0,0,0,2,1,2,3,3,2,8,413f9cee91f6a958a9ea6f9e76fa9892ea01bc98a3e4e6e74e8fd8ce70425b1d
main/activate_customer/high/58/unsupported/retry_only,main/activate_customer/high/58,main,activate_customer,high,58,unsupported,retry_only,0,0,0,0,0,0,0,0,0,1,0,2,1,0,6,6,0,8,413f9cee91f6a958a9ea6f9e76fa9892ea01bc98a3e4e6e74e8fd8ce70425b1d
main/activate_customer/high/58/unsupported/verify_only,main/activate_customer/high/58,main,activate_customer,high,58,unsupported,verify_only,0,1,1,1,1,0,0,1,1,0,0,1,0,1,3,3,1,8,413f9cee91f6a958a9ea6f9e76fa9892ea01bc98a3e4e6e74e8fd8ce70425b1d
main/activate_customer/high/58/unsupported/paper_literal,main/activate_customer/high/58,main,activate_customer,high,58,unsupported,paper_literal,0,0,0,0,0,0,0,0,0,1,0,2,1,1,6,6,1,8,413f9cee91f6a958a9ea6f9e76fa9892ea01bc98a3e4e6e74e8fd8ce70425b1d
main/activate_customer/high/58/unsupported/engineering,main/activate_customer/high/58,main,activate_customer,high,58,unsupported,engineering,0,0,0,0,0,0,0,0,0,1,0,2,1,3,6,6,3,8,413f9cee91f6a958a9ea6f9e76fa9892ea01bc98a3e4e6e74e8fd8ce70425b1d
main/activate_customer/high/59/supported/retry_only,main/activate_customer/high/59,main,activate_customer,high,59,supported,retry_only,0,0,0,0,0,0,0,0,0,0,3,2,1,0,0,0,0,8,5c31f705e4495a6c6f1083c4407c034b0bc415f79cb515deb603bcf82d12d187
main/activate_customer/high/59/supported/verify_only,main/activate_customer/high/59,main,activate_customer,high,59,supported,verify_only,0,0,0,0,0,0,0,0,0,0,3,1,0,0,0,0,0,8,5c31f705e4495a6c6f1083c4407c034b0bc415f79cb515deb603bcf82d12d187
main/activate_customer/high/59/supported/paper_literal,main/activate_customer/high/59,main,activate_customer,high,59,supported,paper_literal,0,0,0,0,0,0,0,0,0,0,3,1,0,0,0,0,0,8,5c31f705e4495a6c6f1083c4407c034b0bc415f79cb515deb603bcf82d12d187
main/activate_customer/high/59/supported/engineering,main/activate_customer/high/59,main,activate_customer,high,59,supported,engineering,0,0,0,0,0,0,0,0,0,0,3,1,0,0,0,0,0,8,5c31f705e4495a6c6f1083c4407c034b0bc415f79cb515deb603bcf82d12d187
main/activate_customer/high/59/unsupported/retry_only,main/activate_customer/high/59,main,activate_customer,high,59,unsupported,retry_only,0,0,0,0,0,0,0,0,0,0,3,2,1,0,0,0,0,8,5c31f705e4495a6c6f1083c4407c034b0bc415f79cb515deb603bcf82d12d187
main/activate_customer/high/59/unsupported/verify_only,main/activate_customer/high/59,main,activate_customer,high,59,unsupported,verify_only,0,0,0,0,0,0,0,0,0,0,3,1,0,0,0,0,0,8,5c31f705e4495a6c6f1083c4407c034b0bc415f79cb515deb603bcf82d12d187
main/activate_customer/high/59/unsupported/paper_literal,main/activate_customer/high/59,main,activate_customer,high,59,unsupported,paper_literal,0,0,0,0,0,0,0,0,0,0,3,1,0,0,0,0,0,8,5c31f705e4495a6c6f1083c4407c034b0bc415f79cb515deb603bcf82d12d187
main/activate_customer/high/59/unsupported/engineering,main/activate_customer/high/59,main,activate_customer,high,59,unsupported,engineering,0,0,0,0,0,0,0,0,0,0,3,1,0,0,0,0,0,8,5c31f705e4495a6c6f1083c4407c034b0bc415f79cb515deb603bcf82d12d187
main/activate_customer/high/60/supported/retry_only,main/activate_customer/high/60,main,activate_customer,high,60,supported,retry_only,1,0,0,0,0,1,1,0,0,1,0,2,1,0,6,6,0,8,12b6c3a42391a106fa6c0fb200e72361f6d6e8cc3fefebf31990b1457044ba9e
main/activate_customer/high/60/supported/verify_only,main/activate_customer/high/60,main,activate_customer,high,60,supported,verify_only,1,1,1,1,1,0,0,0,0,0,0,1,0,1,3,3,1,8,12b6c3a42391a106fa6c0fb200e72361f6d6e8cc3fefebf31990b1457044ba9e
main/activate_customer/high/60/supported/paper_literal,main/activate_customer/high/60,main,activate_customer,high,60,supported,paper_literal,1,1,1,1,1,0,0,0,0,0,0,1,0,1,3,3,1,8,12b6c3a42391a106fa6c0fb200e72361f6d6e8cc3fefebf31990b1457044ba9e
main/activate_customer/high/60/supported/engineering,main/activate_customer/high/60,main,activate_customer,high,60,supported,engineering,1,1,1,1,1,0,0,0,0,0,0,1,0,1,3,3,1,8,12b6c3a42391a106fa6c0fb200e72361f6d6e8cc3fefebf31990b1457044ba9e
main/activate_customer/high/60/unsupported/retry_only,main/activate_customer/high/60,main,activate_customer,high,60,unsupported,retry_only,1,0,0,0,0,1,1,0,0,1,0,2,1,0,6,6,0,8,12b6c3a42391a106fa6c0fb200e72361f6d6e8cc3fefebf31990b1457044ba9e
main/activate_customer/high/60/unsupported/verify_only,main/activate_customer/high/60,main,activate_customer,high,60,unsupported,verify_only,1,1,1,1,1,0,0,0,0,0,0,1,0,1,3,3,1,8,12b6c3a42391a106fa6c0fb200e72361f6d6e8cc3fefebf31990b1457044ba9e
main/activate_customer/high/60/unsupported/paper_literal,main/activate_customer/high/60,main,activate_customer,high,60,unsupported,paper_literal,1,1,1,1,1,0,0,0,0,0,0,1,0,1,3,3,1,8,12b6c3a42391a106fa6c0fb200e72361f6d6e8cc3fefebf31990b1457044ba9e
main/activate_customer/high/60/unsupported/engineering,main/activate_customer/high/60,main,activate_customer,high,60,unsupported,engineering,1,1,1,1,1,0,0,0,0,0,0,1,0,1,3,3,1,8,12b6c3a42391a106fa6c0fb200e72361f6d6e8cc3fefebf31990b1457044ba9e
main/activate_customer/high/61/supported/retry_only,main/activate_customer/high/61,main,activate_customer,high,61,supported,retry_only,1,1,1,1,1,0,0,0,0,0,0,1,0,0,3,3,0,8,82757f3f5e6bd7795ff8076b8ac5ba91cc191bc8e7f26516b99a2de58e396f07
main/activate_customer/high/61/supported/verify_only,main/activate_customer/high/61,main,activate_customer,high,61,supported,verify_only,1,1,1,1,1,0,0,0,0,0,0,1,0,0,3,3,0,8,82757f3f5e6bd7795ff8076b8ac5ba91cc191bc8e7f26516b99a2de58e396f07
main/activate_customer/high/61/supported/paper_literal,main/activate_customer/high/61,main,activate_customer,high,61,supported,paper_literal,1,1,1,1,1,0,0,0,0,0,0,1,0,0,3,3,0,8,82757f3f5e6bd7795ff8076b8ac5ba91cc191bc8e7f26516b99a2de58e396f07
main/activate_customer/high/61/supported/engineering,main/activate_customer/high/61,main,activate_customer,high,61,supported,engineering,1,1,1,1,1,0,0,0,0,0,0,1,0,1,3,3,0,8,82757f3f5e6bd7795ff8076b8ac5ba91cc191bc8e7f26516b99a2de58e396f07
main/activate_customer/high/61/unsupported/retry_only,main/activate_customer/high/61,main,activate_customer,high,61,unsupported,retry_only,1,1,1,1,1,0,0,0,0,0,0,1,0,0,3,3,0,8,82757f3f5e6bd7795ff8076b8ac5ba91cc191bc8e7f26516b99a2de58e396f07
main/activate_customer/high/61/unsupported/verify_only,main/activate_customer/high/61,main,activate_customer,high,61,unsupported,verify_only,1,1,1,1,1,0,0,0,0,0,0,1,0,0,3,3,0,8,82757f3f5e6bd7795ff8076b8ac5ba91cc191bc8e7f26516b99a2de58e396f07
main/activate_customer/high/61/unsupported/paper_literal,main/activate_customer/high/61,main,activate_customer,high,61,unsupported,paper_literal,1,1,1,1,1,0,0,0,0,0,0,1,0,0,3,3,0,8,82757f3f5e6bd7795ff8076b8ac5ba91cc191bc8e7f26516b99a2de58e396f07
main/activate_customer/high/61/unsupported/engineering,main/activate_customer/high/61,main,activate_customer,high,61,unsupported,engineering,1,1,1,1,1,0,0,0,0,0,0,1,0,1,3,3,0,8,82757f3f5e6bd7795ff8076b8ac5ba91cc191bc8e7f26516b99a2de58e396f07
main/activate_customer/high/62/supported/retry_only,main/activate_customer/high/62,main,activate_customer,high,62,supported,retry_only,1,0,0,0,0,1,1,0,0,1,0,2,1,0,6,6,0,8,b9f12b94fb763110ee805a3fe5fab84888a7e574dc6234b48dfc776391611e5d
main/activate_customer/high/62/supported/verify_only,main/activate_customer/high/62,main,activate_customer,high,62,supported,verify_only,0,1,1,1,1,0,0,1,1,0,0,1,0,1,3,3,1,8,b9f12b94fb763110ee805a3fe5fab84888a7e574dc6234b48dfc776391611e5d
main/activate_customer/high/62/supported/paper_literal,main/activate_customer/high/62,main,activate_customer,high,62,supported,paper_literal,0,1,1,1,1,0,0,1,1,0,0,2,1,1,3,3,1,8,b9f12b94fb763110ee805a3fe5fab84888a7e574dc6234b48dfc776391611e5d
main/activate_customer/high/62/supported/engineering,main/activate_customer/high/62,main,activate_customer,high,62,supported,engineering,1,1,1,1,1,0,0,0,0,0,0,2,1,3,3,3,2,8,b9f12b94fb763110ee805a3fe5fab84888a7e574dc6234b48dfc776391611e5d
main/activate_customer/high/62/unsupported/retry_only,main/activate_customer/high/62,main,activate_customer,high,62,unsupported,retry_only,1,0,0,0,0,1,1,0,0,1,0,2,1,0,6,6,0,8,b9f12b94fb763110ee805a3fe5fab84888a7e574dc6234b48dfc776391611e5d
main/activate_customer/high/62/unsupported/verify_only,main/activate_customer/high/62,main,activate_customer,high,62,unsupported,verify_only,0,1,1,1,1,0,0,1,1,0,0,1,0,1,3,3,1,8,b9f12b94fb763110ee805a3fe5fab84888a7e574dc6234b48dfc776391611e5d
main/activate_customer/high/62/unsupported/paper_literal,main/activate_customer/high/62,main,activate_customer,high,62,unsupported,paper_literal,0,0,0,0,0,0,0,0,0,1,0,2,1,1,6,6,1,8,b9f12b94fb763110ee805a3fe5fab84888a7e574dc6234b48dfc776391611e5d
main/activate_customer/high/62/unsupported/engineering,main/activate_customer/high/62,main,activate_customer,high,62,unsupported,engineering,0,0,0,0,0,0,0,0,0,1,0,2,1,3,6,6,2,8,b9f12b94fb763110ee805a3fe5fab84888a7e574dc6234b48dfc776391611e5d
main/activate_customer/high/63/supported/retry_only,main/activate_customer/high/63,main,activate_customer,high,63,supported,retry_only,1,1,1,1,1,0,0,0,0,0,0,1,0,0,3,3,0,8,cc3f076b964230657f8b9816be21846a714787e8c8d106cd3ad6febe6b115e15
main/activate_customer/high/63/supported/verify_only,main/activate_customer/high/63,main,activate_customer,high,63,supported,verify_only,1,1,1,1,1,0,0,0,0,0,0,1,0,0,3,3,0,8,cc3f076b964230657f8b9816be21846a714787e8c8d106cd3ad6febe6b115e15
main/activate_customer/high/63/supported/paper_literal,main/activate_customer/high/63,main,activate_customer,high,63,supported,paper_literal,1,1,1,1,1,0,0,0,0,0,0,1,0,0,3,3,0,8,cc3f076b964230657f8b9816be21846a714787e8c8d106cd3ad6febe6b115e15
main/activate_customer/high/63/supported/engineering,main/activate_customer/high/63,main,activate_customer,high,63,supported,engineering,1,1,1,1,1,0,0,0,0,0,0,1,0,1,3,3,0,8,cc3f076b964230657f8b9816be21846a714787e8c8d106cd3ad6febe6b115e15
main/activate_customer/high/63/unsupported/retry_only,main/activate_customer/high/63,main,activate_customer,high,63,unsupported,retry_only,1,1,1,1,1,0,0,0,0,0,0,1,0,0,3,3,0,8,cc3f076b964230657f8b9816be21846a714787e8c8d106cd3ad6febe6b115e15
main/activate_customer/high/63/unsupported/verify_only,main/activate_customer/high/63,main,activate_customer,high,63,unsupported,verify_only,1,1,1,1,1,0,0,0,0,0,0,1,0,0,3,3,0,8,cc3f076b964230657f8b9816be21846a714787e8c8d106cd3ad6febe6b115e15
main/activate_customer/high/63/unsupported/paper_literal,main/activate_customer/high/63,main,activate_customer,high,63,unsupported,paper_literal,1,1,1,1,1,0,0,0,0,0,0,1,0,0,3,3,0,8,cc3f076b964230657f8b9816be21846a714787e8c8d106cd3ad6febe6b115e15
main/activate_customer/high/63/unsupported/engineering,main/activate_customer/high/63,main,activate_customer,high,63,unsupported,engineering,1,1,1,1,1,0,0,0,0,0,0,1,0,1,3,3,0,8,cc3f076b964230657f8b9816be21846a714787e8c8d106cd3ad6febe6b115e15
main/activate_customer/high/64/supported/retry_only,main/activate_customer/high/64,main,activate_customer,high,64,supported,retry_only,1,1,1,1,1,0,0,0,0,0,0,1,0,0,3,3,0,8,d08046fc7dd5aafa3711464624331417712e858216c8e35986cecbf51fc00a6b
main/activate_customer/high/64/supported/verify_only,main/activate_customer/high/64,main,activate_customer,high,64,supported,verify_only,1,1,1,1,1,0,0,0,0,0,0,1,0,0,3,3,0,8,d08046fc7dd5aafa3711464624331417712e858216c8e35986cecbf51fc00a6b
main/activate_customer/high/64/supported/paper_literal,main/activate_customer/high/64,main,activate_customer,high,64,supported,paper_literal,1,1,1,1,1,0,0,0,0,0,0,1,0,0,3,3,0,8,d08046fc7dd5aafa3711464624331417712e858216c8e35986cecbf51fc00a6b
main/activate_customer/high/64/supported/engineering,main/activate_customer/high/64,main,activate_customer,high,64,supported,engineering,1,1,1,1,1,0,0,0,0,0,0,1,0,1,3,3,0,8,d08046fc7dd5aafa3711464624331417712e858216c8e35986cecbf51fc00a6b
main/activate_customer/high/64/unsupported/retry_only,main/activate_customer/high/64,main,activate_customer,high,64,unsupported,retry_only,1,1,1,1,1,0,0,0,0,0,0,1,0,0,3,3,0,8,d08046fc7dd5aafa3711464624331417712e858216c8e35986cecbf51fc00a6b
main/activate_customer/high/64/unsupported/verify_only,main/activate_customer/high/64,main,activate_customer,high,64,unsupported,verify_only,1,1,1,1,1,0,0,0,0,0,0,1,0,0,3,3,0,8,d08046fc7dd5aafa3711464624331417712e858216c8e35986cecbf51fc00a6b
main/activate_customer/high/64/unsupported/paper_literal,main/activate_customer/high/64,main,activate_customer,high,64,unsupported,paper_literal,1,1,1,1,1,0,0,0,0,0,0,1,0,0,3,3,0,8,d08046fc7dd5aafa3711464624331417712e858216c8e35986cecbf51fc00a6b
main/activate_customer/high/64/unsupported/engineering,main/activate_customer/high/64,main,activate_customer,high,64,unsupported,engineering,1,1,1,1,1,0,0,0,0,0,0,1,0,1,3,3,0,8,d08046fc7dd5aafa3711464624331417712e858216c8e35986cecbf51fc00a6b
main/activate_customer/high/65/supported/retry_only,main/activate_customer/high/65,main,activate_customer,high,65,supported,retry_only,1,1,1,1,1,0,0,0,0,0,0,1,0,0,3,3,0,8,3ef664ec9e9677b6f90e1ca7e221c251a79416d1098d4df07f19cd278102329d
main/activate_customer/high/65/supported/verify_only,main/activate_customer/high/65,main,activate_customer,high,65,supported,verify_only,1,1,1,1,1,0,0,0,0,0,0,1,0,0,3,3,0,8,3ef664ec9e9677b6f90e1ca7e221c251a79416d1098d4df07f19cd278102329d
main/activate_customer/high/65/supported/paper_literal,main/activate_customer/high/65,main,activate_customer,high,65,supported,paper_literal,1,1,1,1,1,0,0,0,0,0,0,1,0,0,3,3,0,8,3ef664ec9e9677b6f90e1ca7e221c251a79416d1098d4df07f19cd278102329d
main/activate_customer/high/65/supported/engineering,main/activate_customer/high/65,main,activate_customer,high,65,supported,engineering,1,1,1,1,1,0,0,0,0,0,0,1,0,1,3,3,0,8,3ef664ec9e9677b6f90e1ca7e221c251a79416d1098d4df07f19cd278102329d
main/activate_customer/high/65/unsupported/retry_only,main/activate_customer/high/65,main,activate_customer,high,65,unsupported,retry_only,1,1,1,1,1,0,0,0,0,0,0,1,0,0,3,3,0,8,3ef664ec9e9677b6f90e1ca7e221c251a79416d1098d4df07f19cd278102329d
main/activate_customer/high/65/unsupported/verify_only,main/activate_customer/high/65,main,activate_customer,high,65,unsupported,verify_only,1,1,1,1,1,0,0,0,0,0,0,1,0,0,3,3,0,8,3ef664ec9e9677b6f90e1ca7e221c251a79416d1098d4df07f19cd278102329d
main/activate_customer/high/65/unsupported/paper_literal,main/activate_customer/high/65,main,activate_customer,high,65,unsupported,paper_literal,1,1,1,1,1,0,0,0,0,0,0,1,0,0,3,3,0,8,3ef664ec9e9677b6f90e1ca7e221c251a79416d1098d4df07f19cd278102329d
main/activate_customer/high/65/unsupported/engineering,main/activate_customer/high/65,main,activate_customer,high,65,unsupported,engineering,1,1,1,1,1,0,0,0,0,0,0,1,0,1,3,3,0,8,3ef664ec9e9677b6f90e1ca7e221c251a79416d1098d4df07f19cd278102329d
main/activate_customer/high/66/supported/retry_only,main/activate_customer/high/66,main,activate_customer,high,66,supported,retry_only,0,0,0,0,0,0,0,0,0,1,0,2,1,0,6,6,0,8,7da939bac31b19fdae9e64a71c309484466324cbf4376d75e56b3bed875a58cc
main/activate_customer/high/66/supported/verify_only,main/activate_customer/high/66,main,activate_customer,high,66,supported,verify_only,1,1,1,1,1,0,0,0,0,0,0,1,0,1,3,3,1,8,7da939bac31b19fdae9e64a71c309484466324cbf4376d75e56b3bed875a58cc
main/activate_customer/high/66/supported/paper_literal,main/activate_customer/high/66,main,activate_customer,high,66,supported,paper_literal,1,1,1,1,1,0,0,0,0,0,0,1,0,1,3,3,1,8,7da939bac31b19fdae9e64a71c309484466324cbf4376d75e56b3bed875a58cc
main/activate_customer/high/66/supported/engineering,main/activate_customer/high/66,main,activate_customer,high,66,supported,engineering,1,1,1,1,1,0,0,0,0,0,0,1,0,1,3,3,1,8,7da939bac31b19fdae9e64a71c309484466324cbf4376d75e56b3bed875a58cc
main/activate_customer/high/66/unsupported/retry_only,main/activate_customer/high/66,main,activate_customer,high,66,unsupported,retry_only,0,0,0,0,0,0,0,0,0,1,0,2,1,0,6,6,0,8,7da939bac31b19fdae9e64a71c309484466324cbf4376d75e56b3bed875a58cc
main/activate_customer/high/66/unsupported/verify_only,main/activate_customer/high/66,main,activate_customer,high,66,unsupported,verify_only,1,1,1,1,1,0,0,0,0,0,0,1,0,1,3,3,1,8,7da939bac31b19fdae9e64a71c309484466324cbf4376d75e56b3bed875a58cc
main/activate_customer/high/66/unsupported/paper_literal,main/activate_customer/high/66,main,activate_customer,high,66,unsupported,paper_literal,1,1,1,1,1,0,0,0,0,0,0,1,0,1,3,3,1,8,7da939bac31b19fdae9e64a71c309484466324cbf4376d75e56b3bed875a58cc
main/activate_customer/high/66/unsupported/engineering,main/activate_customer/high/66,main,activate_customer,high,66,unsupported,engineering,1,1,1,1,1,0,0,0,0,0,0,1,0,1,3,3,1,8,7da939bac31b19fdae9e64a71c309484466324cbf4376d75e56b3bed875a58cc
main/record_invoice/low/42/supported/retry_only,main/record_invoice/low/42,main,record_invoice,low,42,supported,retry_only,1,1,1,0,0,1,1,0,0,1,0,2,1,0,6,6,0,8,4f295b4216d9767fbf8277ab1d1e0a6c52478309122789718770b6b813ce7136
main/record_invoice/low/42/supported/verify_only,main/record_invoice/low/42,main,record_invoice,low,42,supported,verify_only,0,1,1,1,1,0,0,1,1,0,0,1,0,1,3,3,1,8,4f295b4216d9767fbf8277ab1d1e0a6c52478309122789718770b6b813ce7136
main/record_invoice/low/42/supported/paper_literal,main/record_invoice/low/42,main,record_invoice,low,42,supported,paper_literal,0,1,1,1,1,0,0,1,1,0,0,2,1,1,3,3,1,8,4f295b4216d9767fbf8277ab1d1e0a6c52478309122789718770b6b813ce7136
main/record_invoice/low/42/supported/engineering,main/record_invoice/low/42,main,record_invoice,low,42,supported,engineering,1,1,1,1,1,0,0,0,0,0,0,2,1,3,3,3,2,8,4f295b4216d9767fbf8277ab1d1e0a6c52478309122789718770b6b813ce7136
main/record_invoice/low/42/unsupported/retry_only,main/record_invoice/low/42,main,record_invoice,low,42,unsupported,retry_only,1,1,1,0,0,1,1,0,0,1,0,2,1,0,6,6,0,8,4f295b4216d9767fbf8277ab1d1e0a6c52478309122789718770b6b813ce7136
main/record_invoice/low/42/unsupported/verify_only,main/record_invoice/low/42,main,record_invoice,low,42,unsupported,verify_only,0,1,1,1,1,0,0,1,1,0,0,1,0,1,3,3,1,8,4f295b4216d9767fbf8277ab1d1e0a6c52478309122789718770b6b813ce7136
main/record_invoice/low/42/unsupported/paper_literal,main/record_invoice/low/42,main,record_invoice,low,42,unsupported,paper_literal,0,1,1,0,0,0,0,0,0,1,0,2,1,1,6,6,1,8,4f295b4216d9767fbf8277ab1d1e0a6c52478309122789718770b6b813ce7136
main/record_invoice/low/42/unsupported/engineering,main/record_invoice/low/42,main,record_invoice,low,42,unsupported,engineering,0,1,1,0,0,0,0,0,0,1,0,2,1,3,6,6,2,8,4f295b4216d9767fbf8277ab1d1e0a6c52478309122789718770b6b813ce7136
main/record_invoice/low/43/supported/retry_only,main/record_invoice/low/43,main,record_invoice,low,43,supported,retry_only,1,1,1,0,0,1,1,0,0,1,0,2,1,0,6,6,0,8,b0f2300315fcdd84c747ce9e612c49eb0809ca6fa1c1a9f6053b11f8bdf64311
main/record_invoice/low/43/supported/verify_only,main/record_invoice/low/43,main,record_invoice,low,43,supported,verify_only,1,1,1,1,1,0,0,0,0,0,0,1,0,1,3,3,1,8,b0f2300315fcdd84c747ce9e612c49eb0809ca6fa1c1a9f6053b11f8bdf64311
main/record_invoice/low/43/supported/paper_literal,main/record_invoice/low/43,main,record_invoice,low,43,supported,paper_literal,1,1,1,1,1,0,0,0,0,0,0,1,0,1,3,3,1,8,b0f2300315fcdd84c747ce9e612c49eb0809ca6fa1c1a9f6053b11f8bdf64311
main/record_invoice/low/43/supported/engineering,main/record_invoice/low/43,main,record_invoice,low,43,supported,engineering,1,1,1,1,1,0,0,0,0,0,0,1,0,1,3,3,1,8,b0f2300315fcdd84c747ce9e612c49eb0809ca6fa1c1a9f6053b11f8bdf64311
main/record_invoice/low/43/unsupported/retry_only,main/record_invoice/low/43,main,record_invoice,low,43,unsupported,retry_only,1,1,1,0,0,1,1,0,0,1,0,2,1,0,6,6,0,8,b0f2300315fcdd84c747ce9e612c49eb0809ca6fa1c1a9f6053b11f8bdf64311
main/record_invoice/low/43/unsupported/verify_only,main/record_invoice/low/43,main,record_invoice,low,43,unsupported,verify_only,1,1,1,1,1,0,0,0,0,0,0,1,0,1,3,3,1,8,b0f2300315fcdd84c747ce9e612c49eb0809ca6fa1c1a9f6053b11f8bdf64311
main/record_invoice/low/43/unsupported/paper_literal,main/record_invoice/low/43,main,record_invoice,low,43,unsupported,paper_literal,1,1,1,1,1,0,0,0,0,0,0,1,0,1,3,3,1,8,b0f2300315fcdd84c747ce9e612c49eb0809ca6fa1c1a9f6053b11f8bdf64311
main/record_invoice/low/43/unsupported/engineering,main/record_invoice/low/43,main,record_invoice,low,43,unsupported,engineering,1,1,1,1,1,0,0,0,0,0,0,1,0,1,3,3,1,8,b0f2300315fcdd84c747ce9e612c49eb0809ca6fa1c1a9f6053b11f8bdf64311
main/record_invoice/low/44/supported/retry_only,main/record_invoice/low/44,main,record_invoice,low,44,supported,retry_only,1,1,1,1,1,0,0,0,0,0,0,1,0,0,3,3,0,8,8e8da86a906996cb4695165a44838ad75cf20927e60e181515566d7563cbd158
main/record_invoice/low/44/supported/verify_only,main/record_invoice/low/44,main,record_invoice,low,44,supported,verify_only,1,1,1,1,1,0,0,0,0,0,0,1,0,0,3,3,0,8,8e8da86a906996cb4695165a44838ad75cf20927e60e181515566d7563cbd158
main/record_invoice/low/44/supported/paper_literal,main/record_invoice/low/44,main,record_invoice,low,44,supported,paper_literal,1,1,1,1,1,0,0,0,0,0,0,1,0,0,3,3,0,8,8e8da86a906996cb4695165a44838ad75cf20927e60e181515566d7563cbd158
main/record_invoice/low/44/supported/engineering,main/record_invoice/low/44,main,record_invoice,low,44,supported,engineering,1,1,1,1,1,0,0,0,0,0,0,1,0,1,3,3,0,8,8e8da86a906996cb4695165a44838ad75cf20927e60e181515566d7563cbd158
main/record_invoice/low/44/unsupported/retry_only,main/record_invoice/low/44,main,record_invoice,low,44,unsupported,retry_only,1,1,1,1,1,0,0,0,0,0,0,1,0,0,3,3,0,8,8e8da86a906996cb4695165a44838ad75cf20927e60e181515566d7563cbd158
main/record_invoice/low/44/unsupported/verify_only,main/record_invoice/low/44,main,record_invoice,low,44,unsupported,verify_only,1,1,1,1,1,0,0,0,0,0,0,1,0,0,3,3,0,8,8e8da86a906996cb4695165a44838ad75cf20927e60e181515566d7563cbd158
main/record_invoice/low/44/unsupported/paper_literal,main/record_invoice/low/44,main,record_invoice,low,44,unsupported,paper_literal,1,1,1,1,1,0,0,0,0,0,0,1,0,0,3,3,0,8,8e8da86a906996cb4695165a44838ad75cf20927e60e181515566d7563cbd158
main/record_invoice/low/44/unsupported/engineering,main/record_invoice/low/44,main,record_invoice,low,44,unsupported,engineering,1,1,1,1,1,0,0,0,0,0,0,1,0,1,3,3,0,8,8e8da86a906996cb4695165a44838ad75cf20927e60e181515566d7563cbd158
main/record_invoice/low/45/supported/retry_only,main/record_invoice/low/45,main,record_invoice,low,45,supported,retry_only,1,1,1,1,1,0,0,0,0,0,0,1,0,0,3,3,0,8,98e44b42b9ffe1ce49a15b1d0789ae59e593768ec9d7bc9c51b07f9387ec65ab
main/record_invoice/low/45/supported/verify_only,main/record_invoice/low/45,main,record_invoice,low,45,supported,verify_only,1,1,1,1,1,0,0,0,0,0,0,1,0,0,3,3,0,8,98e44b42b9ffe1ce49a15b1d0789ae59e593768ec9d7bc9c51b07f9387ec65ab
main/record_invoice/low/45/supported/paper_literal,main/record_invoice/low/45,main,record_invoice,low,45,supported,paper_literal,1,1,1,1,1,0,0,0,0,0,0,1,0,0,3,3,0,8,98e44b42b9ffe1ce49a15b1d0789ae59e593768ec9d7bc9c51b07f9387ec65ab
main/record_invoice/low/45/supported/engineering,main/record_invoice/low/45,main,record_invoice,low,45,supported,engineering,1,1,1,1,1,0,0,0,0,0,0,1,0,1,3,3,0,8,98e44b42b9ffe1ce49a15b1d0789ae59e593768ec9d7bc9c51b07f9387ec65ab
main/record_invoice/low/45/unsupported/retry_only,main/record_invoice/low/45,main,record_invoice,low,45,unsupported,retry_only,1,1,1,1,1,0,0,0,0,0,0,1,0,0,3,3,0,8,98e44b42b9ffe1ce49a15b1d0789ae59e593768ec9d7bc9c51b07f9387ec65ab
main/record_invoice/low/45/unsupported/verify_only,main/record_invoice/low/45,main,record_invoice,low,45,unsupported,verify_only,1,1,1,1,1,0,0,0,0,0,0,1,0,0,3,3,0,8,98e44b42b9ffe1ce49a15b1d0789ae59e593768ec9d7bc9c51b07f9387ec65ab
main/record_invoice/low/45/unsupported/paper_literal,main/record_invoice/low/45,main,record_invoice,low,45,unsupported,paper_literal,1,1,1,1,1,0,0,0,0,0,0,1,0,0,3,3,0,8,98e44b42b9ffe1ce49a15b1d0789ae59e593768ec9d7bc9c51b07f9387ec65ab
main/record_invoice/low/45/unsupported/engineering,main/record_invoice/low/45,main,record_invoice,low,45,unsupported,engineering,1,1,1,1,1,0,0,0,0,0,0,1,0,1,3,3,0,8,98e44b42b9ffe1ce49a15b1d0789ae59e593768ec9d7bc9c51b07f9387ec65ab
main/record_invoice/low/46/supported/retry_only,main/record_invoice/low/46,main,record_invoice,low,46,supported,retry_only,1,1,1,1,1,0,0,0,0,0,0,1,0,0,3,3,0,8,e8eb893ec5625dc5400023860cca124f194588b8df156266cddb3530d6a9d5a5
main/record_invoice/low/46/supported/verify_only,main/record_invoice/low/46,main,record_invoice,low,46,supported,verify_only,1,1,1,1,1,0,0,0,0,0,0,1,0,0,3,3,0,8,e8eb893ec5625dc5400023860cca124f194588b8df156266cddb3530d6a9d5a5
main/record_invoice/low/46/supported/paper_literal,main/record_invoice/low/46,main,record_invoice,low,46,supported,paper_literal,1,1,1,1,1,0,0,0,0,0,0,1,0,0,3,3,0,8,e8eb893ec5625dc5400023860cca124f194588b8df156266cddb3530d6a9d5a5
main/record_invoice/low/46/supported/engineering,main/record_invoice/low/46,main,record_invoice,low,46,supported,engineering,1,1,1,1,1,0,0,0,0,0,0,1,0,1,3,3,0,8,e8eb893ec5625dc5400023860cca124f194588b8df156266cddb3530d6a9d5a5
main/record_invoice/low/46/unsupported/retry_only,main/record_invoice/low/46,main,record_invoice,low,46,unsupported,retry_only,1,1,1,1,1,0,0,0,0,0,0,1,0,0,3,3,0,8,e8eb893ec5625dc5400023860cca124f194588b8df156266cddb3530d6a9d5a5
main/record_invoice/low/46/unsupported/verify_only,main/record_invoice/low/46,main,record_invoice,low,46,unsupported,verify_only,1,1,1,1,1,0,0,0,0,0,0,1,0,0,3,3,0,8,e8eb893ec5625dc5400023860cca124f194588b8df156266cddb3530d6a9d5a5
main/record_invoice/low/46/unsupported/paper_literal,main/record_invoice/low/46,main,record_invoice,low,46,unsupported,paper_literal,1,1,1,1,1,0,0,0,0,0,0,1,0,0,3,3,0,8,e8eb893ec5625dc5400023860cca124f194588b8df156266cddb3530d6a9d5a5
main/record_invoice/low/46/unsupported/engineering,main/record_invoice/low/46,main,record_invoice,low,46,unsupported,engineering,1,1,1,1,1,0,0,0,0,0,0,1,0,1,3,3,0,8,e8eb893ec5625dc5400023860cca124f194588b8df156266cddb3530d6a9d5a5
main/record_invoice/low/47/supported/retry_only,main/record_invoice/low/47,main,record_invoice,low,47,supported,retry_only,1,1,1,1,1,0,0,0,0,0,0,1,0,0,3,3,0,8,4fd9dc5207485776408e76263fa50f1d3307ef6de8cc4ea49657c96d45961885
main/record_invoice/low/47/supported/verify_only,main/record_invoice/low/47,main,record_invoice,low,47,supported,verify_only,1,1,1,1,1,0,0,0,0,0,0,1,0,0,3,3,0,8,4fd9dc5207485776408e76263fa50f1d3307ef6de8cc4ea49657c96d45961885
main/record_invoice/low/47/supported/paper_literal,main/record_invoice/low/47,main,record_invoice,low,47,supported,paper_literal,1,1,1,1,1,0,0,0,0,0,0,1,0,0,3,3,0,8,4fd9dc5207485776408e76263fa50f1d3307ef6de8cc4ea49657c96d45961885
main/record_invoice/low/47/supported/engineering,main/record_invoice/low/47,main,record_invoice,low,47,supported,engineering,1,1,1,1,1,0,0,0,0,0,0,1,0,1,3,3,0,8,4fd9dc5207485776408e76263fa50f1d3307ef6de8cc4ea49657c96d45961885
main/record_invoice/low/47/unsupported/retry_only,main/record_invoice/low/47,main,record_invoice,low,47,unsupported,retry_only,1,1,1,1,1,0,0,0,0,0,0,1,0,0,3,3,0,8,4fd9dc5207485776408e76263fa50f1d3307ef6de8cc4ea49657c96d45961885
main/record_invoice/low/47/unsupported/verify_only,main/record_invoice/low/47,main,record_invoice,low,47,unsupported,verify_only,1,1,1,1,1,0,0,0,0,0,0,1,0,0,3,3,0,8,4fd9dc5207485776408e76263fa50f1d3307ef6de8cc4ea49657c96d45961885
main/record_invoice/low/47/unsupported/paper_literal,main/record_invoice/low/47,main,record_invoice,low,47,unsupported,paper_literal,1,1,1,1,1,0,0,0,0,0,0,1,0,0,3,3,0,8,4fd9dc5207485776408e76263fa50f1d3307ef6de8cc4ea49657c96d45961885
main/record_invoice/low/47/unsupported/engineering,main/record_invoice/low/47,main,record_invoice,low,47,unsupported,engineering,1,1,1,1,1,0,0,0,0,0,0,1,0,1,3,3,0,8,4fd9dc5207485776408e76263fa50f1d3307ef6de8cc4ea49657c96d45961885
main/record_invoice/low/48/supported/retry_only,main/record_invoice/low/48,main,record_invoice,low,48,supported,retry_only,1,1,1,1,1,0,0,0,0,0,0,1,0,0,3,3,0,8,2033c96f1468ad4968f5ea9060f460e2ddb42a4628e948ede3be61f0eb099748
main/record_invoice/low/48/supported/verify_only,main/record_invoice/low/48,main,record_invoice,low,48,supported,verify_only,1,1,1,1,1,0,0,0,0,0,0,1,0,0,3,3,0,8,2033c96f1468ad4968f5ea9060f460e2ddb42a4628e948ede3be61f0eb099748
main/record_invoice/low/48/supported/paper_literal,main/record_invoice/low/48,main,record_invoice,low,48,supported,paper_literal,1,1,1,1,1,0,0,0,0,0,0,1,0,0,3,3,0,8,2033c96f1468ad4968f5ea9060f460e2ddb42a4628e948ede3be61f0eb099748
main/record_invoice/low/48/supported/engineering,main/record_invoice/low/48,main,record_invoice,low,48,supported,engineering,1,1,1,1,1,0,0,0,0,0,0,1,0,1,3,3,0,8,2033c96f1468ad4968f5ea9060f460e2ddb42a4628e948ede3be61f0eb099748
main/record_invoice/low/48/unsupported/retry_only,main/record_invoice/low/48,main,record_invoice,low,48,unsupported,retry_only,1,1,1,1,1,0,0,0,0,0,0,1,0,0,3,3,0,8,2033c96f1468ad4968f5ea9060f460e2ddb42a4628e948ede3be61f0eb099748
main/record_invoice/low/48/unsupported/verify_only,main/record_invoice/low/48,main,record_invoice,low,48,unsupported,verify_only,1,1,1,1,1,0,0,0,0,0,0,1,0,0,3,3,0,8,2033c96f1468ad4968f5ea9060f460e2ddb42a4628e948ede3be61f0eb099748
main/record_invoice/low/48/unsupported/paper_literal,main/record_invoice/low/48,main,record_invoice,low,48,unsupported,paper_literal,1,1,1,1,1,0,0,0,0,0,0,1,0,0,3,3,0,8,2033c96f1468ad4968f5ea9060f460e2ddb42a4628e948ede3be61f0eb099748
main/record_invoice/low/48/unsupported/engineering,main/record_invoice/low/48,main,record_invoice,low,48,unsupported,engineering,1,1,1,1,1,0,0,0,0,0,0,1,0,1,3,3,0,8,2033c96f1468ad4968f5ea9060f460e2ddb42a4628e948ede3be61f0eb099748
main/record_invoice/low/49/supported/retry_only,main/record_invoice/low/49,main,record_invoice,low,49,supported,retry_only,1,1,1,1,1,0,0,0,0,0,0,1,0,0,3,3,0,8,0656bcfb6692f95bb28e65cb997af160d16c7654d2af04268c964ffb57c96f0d
main/record_invoice/low/49/supported/verify_only,main/record_invoice/low/49,main,record_invoice,low,49,supported,verify_only,1,1,1,1,1,0,0,0,0,0,0,1,0,0,3,3,0,8,0656bcfb6692f95bb28e65cb997af160d16c7654d2af04268c964ffb57c96f0d
main/record_invoice/low/49/supported/paper_literal,main/record_invoice/low/49,main,record_invoice,low,49,supported,paper_literal,1,1,1,1,1,0,0,0,0,0,0,1,0,0,3,3,0,8,0656bcfb6692f95bb28e65cb997af160d16c7654d2af04268c964ffb57c96f0d
main/record_invoice/low/49/supported/engineering,main/record_invoice/low/49,main,record_invoice,low,49,supported,engineering,1,1,1,1,1,0,0,0,0,0,0,1,0,1,3,3,0,8,0656bcfb6692f95bb28e65cb997af160d16c7654d2af04268c964ffb57c96f0d
main/record_invoice/low/49/unsupported/retry_only,main/record_invoice/low/49,main,record_invoice,low,49,unsupported,retry_only,1,1,1,1,1,0,0,0,0,0,0,1,0,0,3,3,0,8,0656bcfb6692f95bb28e65cb997af160d16c7654d2af04268c964ffb57c96f0d
main/record_invoice/low/49/unsupported/verify_only,main/record_invoice/low/49,main,record_invoice,low,49,unsupported,verify_only,1,1,1,1,1,0,0,0,0,0,0,1,0,0,3,3,0,8,0656bcfb6692f95bb28e65cb997af160d16c7654d2af04268c964ffb57c96f0d
main/record_invoice/low/49/unsupported/paper_literal,main/record_invoice/low/49,main,record_invoice,low,49,unsupported,paper_literal,1,1,1,1,1,0,0,0,0,0,0,1,0,0,3,3,0,8,0656bcfb6692f95bb28e65cb997af160d16c7654d2af04268c964ffb57c96f0d
main/record_invoice/low/49/unsupported/engineering,main/record_invoice/low/49,main,record_invoice,low,49,unsupported,engineering,1,1,1,1,1,0,0,0,0,0,0,1,0,1,3,3,0,8,0656bcfb6692f95bb28e65cb997af160d16c7654d2af04268c964ffb57c96f0d
main/record_invoice/low/50/supported/retry_only,main/record_invoice/low/50,main,record_invoice,low,50,supported,retry_only,1,1,1,1,1,0,0,0,0,0,0,1,0,0,3,3,0,8,aad5abb213b302ff2cb6a2496a2619f2e5342115e5c091cdef5f5ec161e121d1
main/record_invoice/low/50/supported/verify_only,main/record_invoice/low/50,main,record_invoice,low,50,supported,verify_only,1,1,1,1,1,0,0,0,0,0,0,1,0,0,3,3,0,8,aad5abb213b302ff2cb6a2496a2619f2e5342115e5c091cdef5f5ec161e121d1
main/record_invoice/low/50/supported/paper_literal,main/record_invoice/low/50,main,record_invoice,low,50,supported,paper_literal,1,1,1,1,1,0,0,0,0,0,0,1,0,0,3,3,0,8,aad5abb213b302ff2cb6a2496a2619f2e5342115e5c091cdef5f5ec161e121d1
main/record_invoice/low/50/supported/engineering,main/record_invoice/low/50,main,record_invoice,low,50,supported,engineering,1,1,1,1,1,0,0,0,0,0,0,1,0,1,3,3,0,8,aad5abb213b302ff2cb6a2496a2619f2e5342115e5c091cdef5f5ec161e121d1
main/record_invoice/low/50/unsupported/retry_only,main/record_invoice/low/50,main,record_invoice,low,50,unsupported,retry_only,1,1,1,1,1,0,0,0,0,0,0,1,0,0,3,3,0,8,aad5abb213b302ff2cb6a2496a2619f2e5342115e5c091cdef5f5ec161e121d1
main/record_invoice/low/50/unsupported/verify_only,main/record_invoice/low/50,main,record_invoice,low,50,unsupported,verify_only,1,1,1,1,1,0,0,0,0,0,0,1,0,0,3,3,0,8,aad5abb213b302ff2cb6a2496a2619f2e5342115e5c091cdef5f5ec161e121d1
main/record_invoice/low/50/unsupported/paper_literal,main/record_invoice/low/50,main,record_invoice,low,50,unsupported,paper_literal,1,1,1,1,1,0,0,0,0,0,0,1,0,0,3,3,0,8,aad5abb213b302ff2cb6a2496a2619f2e5342115e5c091cdef5f5ec161e121d1
main/record_invoice/low/50/unsupported/engineering,main/record_invoice/low/50,main,record_invoice,low,50,unsupported,engineering,1,1,1,1,1,0,0,0,0,0,0,1,0,1,3,3,0,8,aad5abb213b302ff2cb6a2496a2619f2e5342115e5c091cdef5f5ec161e121d1
main/record_invoice/low/51/supported/retry_only,main/record_invoice/low/51,main,record_invoice,low,51,supported,retry_only,1,1,1,1,1,0,0,0,0,0,0,1,0,0,3,3,0,8,5c283e3abff46e4678670f219164eab3ff251d42a9bcc1159fd7a201c04c1cf3
main/record_invoice/low/51/supported/verify_only,main/record_invoice/low/51,main,record_invoice,low,51,supported,verify_only,1,1,1,1,1,0,0,0,0,0,0,1,0,0,3,3,0,8,5c283e3abff46e4678670f219164eab3ff251d42a9bcc1159fd7a201c04c1cf3
main/record_invoice/low/51/supported/paper_literal,main/record_invoice/low/51,main,record_invoice,low,51,supported,paper_literal,1,1,1,1,1,0,0,0,0,0,0,1,0,0,3,3,0,8,5c283e3abff46e4678670f219164eab3ff251d42a9bcc1159fd7a201c04c1cf3
main/record_invoice/low/51/supported/engineering,main/record_invoice/low/51,main,record_invoice,low,51,supported,engineering,1,1,1,1,1,0,0,0,0,0,0,1,0,1,3,3,0,8,5c283e3abff46e4678670f219164eab3ff251d42a9bcc1159fd7a201c04c1cf3
main/record_invoice/low/51/unsupported/retry_only,main/record_invoice/low/51,main,record_invoice,low,51,unsupported,retry_only,1,1,1,1,1,0,0,0,0,0,0,1,0,0,3,3,0,8,5c283e3abff46e4678670f219164eab3ff251d42a9bcc1159fd7a201c04c1cf3
main/record_invoice/low/51/unsupported/verify_only,main/record_invoice/low/51,main,record_invoice,low,51,unsupported,verify_only,1,1,1,1,1,0,0,0,0,0,0,1,0,0,3,3,0,8,5c283e3abff46e4678670f219164eab3ff251d42a9bcc1159fd7a201c04c1cf3
main/record_invoice/low/51/unsupported/paper_literal,main/record_invoice/low/51,main,record_invoice,low,51,unsupported,paper_literal,1,1,1,1,1,0,0,0,0,0,0,1,0,0,3,3,0,8,5c283e3abff46e4678670f219164eab3ff251d42a9bcc1159fd7a201c04c1cf3
main/record_invoice/low/51/unsupported/engineering,main/record_invoice/low/51,main,record_invoice,low,51,unsupported,engineering,1,1,1,1,1,0,0,0,0,0,0,1,0,1,3,3,0,8,5c283e3abff46e4678670f219164eab3ff251d42a9bcc1159fd7a201c04c1cf3
main/record_invoice/low/52/supported/retry_only,main/record_invoice/low/52,main,record_invoice,low,52,supported,retry_only,1,1,1,1,1,0,0,0,0,0,0,1,0,0,3,3,0,8,1dd311801155f8cf91bbb199ab9a6a05b5226b9b1b48207f30940a731301dc0d
main/record_invoice/low/52/supported/verify_only,main/record_invoice/low/52,main,record_invoice,low,52,supported,verify_only,1,1,1,1,1,0,0,0,0,0,0,1,0,0,3,3,0,8,1dd311801155f8cf91bbb199ab9a6a05b5226b9b1b48207f30940a731301dc0d
main/record_invoice/low/52/supported/paper_literal,main/record_invoice/low/52,main,record_invoice,low,52,supported,paper_literal,1,1,1,1,1,0,0,0,0,0,0,1,0,0,3,3,0,8,1dd311801155f8cf91bbb199ab9a6a05b5226b9b1b48207f30940a731301dc0d
main/record_invoice/low/52/supported/engineering,main/record_invoice/low/52,main,record_invoice,low,52,supported,engineering,1,1,1,1,1,0,0,0,0,0,0,1,0,1,3,3,0,8,1dd311801155f8cf91bbb199ab9a6a05b5226b9b1b48207f30940a731301dc0d
main/record_invoice/low/52/unsupported/retry_only,main/record_invoice/low/52,main,record_invoice,low,52,unsupported,retry_only,1,1,1,1,1,0,0,0,0,0,0,1,0,0,3,3,0,8,1dd311801155f8cf91bbb199ab9a6a05b5226b9b1b48207f30940a731301dc0d
main/record_invoice/low/52/unsupported/verify_only,main/record_invoice/low/52,main,record_invoice,low,52,unsupported,verify_only,1,1,1,1,1,0,0,0,0,0,0,1,0,0,3,3,0,8,1dd311801155f8cf91bbb199ab9a6a05b5226b9b1b48207f30940a731301dc0d
main/record_invoice/low/52/unsupported/paper_literal,main/record_invoice/low/52,main,record_invoice,low,52,unsupported,paper_literal,1,1,1,1,1,0,0,0,0,0,0,1,0,0,3,3,0,8,1dd311801155f8cf91bbb199ab9a6a05b5226b9b1b48207f30940a731301dc0d
main/record_invoice/low/52/unsupported/engineering,main/record_invoice/low/52,main,record_invoice,low,52,unsupported,engineering,1,1,1,1,1,0,0,0,0,0,0,1,0,1,3,3,0,8,1dd311801155f8cf91bbb199ab9a6a05b5226b9b1b48207f30940a731301dc0d
main/record_invoice/low/53/supported/retry_only,main/record_invoice/low/53,main,record_invoice,low,53,supported,retry_only,1,1,1,1,1,0,0,0,0,0,0,1,0,0,3,3,0,8,bc00b9685b85c75928768c48ca3f42b40c20851eef2c9c1f6a2e4c0a7ff0decc
main/record_invoice/low/53/supported/verify_only,main/record_invoice/low/53,main,record_invoice,low,53,supported,verify_only,1,1,1,1,1,0,0,0,0,0,0,1,0,0,3,3,0,8,bc00b9685b85c75928768c48ca3f42b40c20851eef2c9c1f6a2e4c0a7ff0decc
main/record_invoice/low/53/supported/paper_literal,main/record_invoice/low/53,main,record_invoice,low,53,supported,paper_literal,1,1,1,1,1,0,0,0,0,0,0,1,0,0,3,3,0,8,bc00b9685b85c75928768c48ca3f42b40c20851eef2c9c1f6a2e4c0a7ff0decc
main/record_invoice/low/53/supported/engineering,main/record_invoice/low/53,main,record_invoice,low,53,supported,engineering,1,1,1,1,1,0,0,0,0,0,0,1,0,1,3,3,0,8,bc00b9685b85c75928768c48ca3f42b40c20851eef2c9c1f6a2e4c0a7ff0decc
main/record_invoice/low/53/unsupported/retry_only,main/record_invoice/low/53,main,record_invoice,low,53,unsupported,retry_only,1,1,1,1,1,0,0,0,0,0,0,1,0,0,3,3,0,8,bc00b9685b85c75928768c48ca3f42b40c20851eef2c9c1f6a2e4c0a7ff0decc
main/record_invoice/low/53/unsupported/verify_only,main/record_invoice/low/53,main,record_invoice,low,53,unsupported,verify_only,1,1,1,1,1,0,0,0,0,0,0,1,0,0,3,3,0,8,bc00b9685b85c75928768c48ca3f42b40c20851eef2c9c1f6a2e4c0a7ff0decc
main/record_invoice/low/53/unsupported/paper_literal,main/record_invoice/low/53,main,record_invoice,low,53,unsupported,paper_literal,1,1,1,1,1,0,0,0,0,0,0,1,0,0,3,3,0,8,bc00b9685b85c75928768c48ca3f42b40c20851eef2c9c1f6a2e4c0a7ff0decc
main/record_invoice/low/53/unsupported/engineering,main/record_invoice/low/53,main,record_invoice,low,53,unsupported,engineering,1,1,1,1,1,0,0,0,0,0,0,1,0,1,3,3,0,8,bc00b9685b85c75928768c48ca3f42b40c20851eef2c9c1f6a2e4c0a7ff0decc
main/record_invoice/low/54/supported/retry_only,main/record_invoice/low/54,main,record_invoice,low,54,supported,retry_only,1,1,1,1,1,0,0,0,0,0,0,1,0,0,3,3,0,8,51b0e733223533bfe87ddb112687c7fecc9bbb08e5cb689be57aff443384ef92
main/record_invoice/low/54/supported/verify_only,main/record_invoice/low/54,main,record_invoice,low,54,supported,verify_only,1,1,1,1,1,0,0,0,0,0,0,1,0,0,3,3,0,8,51b0e733223533bfe87ddb112687c7fecc9bbb08e5cb689be57aff443384ef92
main/record_invoice/low/54/supported/paper_literal,main/record_invoice/low/54,main,record_invoice,low,54,supported,paper_literal,1,1,1,1,1,0,0,0,0,0,0,1,0,0,3,3,0,8,51b0e733223533bfe87ddb112687c7fecc9bbb08e5cb689be57aff443384ef92
main/record_invoice/low/54/supported/engineering,main/record_invoice/low/54,main,record_invoice,low,54,supported,engineering,1,1,1,1,1,0,0,0,0,0,0,1,0,1,3,3,0,8,51b0e733223533bfe87ddb112687c7fecc9bbb08e5cb689be57aff443384ef92
main/record_invoice/low/54/unsupported/retry_only,main/record_invoice/low/54,main,record_invoice,low,54,unsupported,retry_only,1,1,1,1,1,0,0,0,0,0,0,1,0,0,3,3,0,8,51b0e733223533bfe87ddb112687c7fecc9bbb08e5cb689be57aff443384ef92
main/record_invoice/low/54/unsupported/verify_only,main/record_invoice/low/54,main,record_invoice,low,54,unsupported,verify_only,1,1,1,1,1,0,0,0,0,0,0,1,0,0,3,3,0,8,51b0e733223533bfe87ddb112687c7fecc9bbb08e5cb689be57aff443384ef92
main/record_invoice/low/54/unsupported/paper_literal,main/record_invoice/low/54,main,record_invoice,low,54,unsupported,paper_literal,1,1,1,1,1,0,0,0,0,0,0,1,0,0,3,3,0,8,51b0e733223533bfe87ddb112687c7fecc9bbb08e5cb689be57aff443384ef92
main/record_invoice/low/54/unsupported/engineering,main/record_invoice/low/54,main,record_invoice,low,54,unsupported,engineering,1,1,1,1,1,0,0,0,0,0,0,1,0,1,3,3,0,8,51b0e733223533bfe87ddb112687c7fecc9bbb08e5cb689be57aff443384ef92
main/record_invoice/low/55/supported/retry_only,main/record_invoice/low/55,main,record_invoice,low,55,supported,retry_only,1,1,1,1,1,0,0,0,0,0,0,1,0,0,3,3,0,8,3356167d15759885299c178ad8c76e7f5b66bfebefed1d47681b3b48b3487709
main/record_invoice/low/55/supported/verify_only,main/record_invoice/low/55,main,record_invoice,low,55,supported,verify_only,1,1,1,1,1,0,0,0,0,0,0,1,0,0,3,3,0,8,3356167d15759885299c178ad8c76e7f5b66bfebefed1d47681b3b48b3487709
main/record_invoice/low/55/supported/paper_literal,main/record_invoice/low/55,main,record_invoice,low,55,supported,paper_literal,1,1,1,1,1,0,0,0,0,0,0,1,0,0,3,3,0,8,3356167d15759885299c178ad8c76e7f5b66bfebefed1d47681b3b48b3487709
main/record_invoice/low/55/supported/engineering,main/record_invoice/low/55,main,record_invoice,low,55,supported,engineering,1,1,1,1,1,0,0,0,0,0,0,1,0,1,3,3,0,8,3356167d15759885299c178ad8c76e7f5b66bfebefed1d47681b3b48b3487709
main/record_invoice/low/55/unsupported/retry_only,main/record_invoice/low/55,main,record_invoice,low,55,unsupported,retry_only,1,1,1,1,1,0,0,0,0,0,0,1,0,0,3,3,0,8,3356167d15759885299c178ad8c76e7f5b66bfebefed1d47681b3b48b3487709
main/record_invoice/low/55/unsupported/verify_only,main/record_invoice/low/55,main,record_invoice,low,55,unsupported,verify_only,1,1,1,1,1,0,0,0,0,0,0,1,0,0,3,3,0,8,3356167d15759885299c178ad8c76e7f5b66bfebefed1d47681b3b48b3487709
main/record_invoice/low/55/unsupported/paper_literal,main/record_invoice/low/55,main,record_invoice,low,55,unsupported,paper_literal,1,1,1,1,1,0,0,0,0,0,0,1,0,0,3,3,0,8,3356167d15759885299c178ad8c76e7f5b66bfebefed1d47681b3b48b3487709
main/record_invoice/low/55/unsupported/engineering,main/record_invoice/low/55,main,record_invoice,low,55,unsupported,engineering,1,1,1,1,1,0,0,0,0,0,0,1,0,1,3,3,0,8,3356167d15759885299c178ad8c76e7f5b66bfebefed1d47681b3b48b3487709
main/record_invoice/low/56/supported/retry_only,main/record_invoice/low/56,main,record_invoice,low,56,supported,retry_only,1,1,1,1,1,0,0,0,0,0,0,1,0,0,3,3,0,8,ebfa596ada4f79e8176da32acb16b043fc61da257dad0f5b51cfcc2cf7abe8ac
main/record_invoice/low/56/supported/verify_only,main/record_invoice/low/56,main,record_invoice,low,56,supported,verify_only,1,1,1,1,1,0,0,0,0,0,0,1,0,0,3,3,0,8,ebfa596ada4f79e8176da32acb16b043fc61da257dad0f5b51cfcc2cf7abe8ac
main/record_invoice/low/56/supported/paper_literal,main/record_invoice/low/56,main,record_invoice,low,56,supported,paper_literal,1,1,1,1,1,0,0,0,0,0,0,1,0,0,3,3,0,8,ebfa596ada4f79e8176da32acb16b043fc61da257dad0f5b51cfcc2cf7abe8ac
main/record_invoice/low/56/supported/engineering,main/record_invoice/low/56,main,record_invoice,low,56,supported,engineering,1,1,1,1,1,0,0,0,0,0,0,1,0,1,3,3,0,8,ebfa596ada4f79e8176da32acb16b043fc61da257dad0f5b51cfcc2cf7abe8ac
main/record_invoice/low/56/unsupported/retry_only,main/record_invoice/low/56,main,record_invoice,low,56,unsupported,retry_only,1,1,1,1,1,0,0,0,0,0,0,1,0,0,3,3,0,8,ebfa596ada4f79e8176da32acb16b043fc61da257dad0f5b51cfcc2cf7abe8ac
main/record_invoice/low/56/unsupported/verify_only,main/record_invoice/low/56,main,record_invoice,low,56,unsupported,verify_only,1,1,1,1,1,0,0,0,0,0,0,1,0,0,3,3,0,8,ebfa596ada4f79e8176da32acb16b043fc61da257dad0f5b51cfcc2cf7abe8ac
main/record_invoice/low/56/unsupported/paper_literal,main/record_invoice/low/56,main,record_invoice,low,56,unsupported,paper_literal,1,1,1,1,1,0,0,0,0,0,0,1,0,0,3,3,0,8,ebfa596ada4f79e8176da32acb16b043fc61da257dad0f5b51cfcc2cf7abe8ac
main/record_invoice/low/56/unsupported/engineering,main/record_invoice/low/56,main,record_invoice,low,56,unsupported,engineering,1,1,1,1,1,0,0,0,0,0,0,1,0,1,3,3,0,8,ebfa596ada4f79e8176da32acb16b043fc61da257dad0f5b51cfcc2cf7abe8ac
main/record_invoice/low/57/supported/retry_only,main/record_invoice/low/57,main,record_invoice,low,57,supported,retry_only,1,1,1,0,0,1,1,0,0,1,0,2,1,0,5,5,0,8,3d4baa66dda7b1024deeb76b907da483c40a1d22064ac19d69f8f947d984e336
main/record_invoice/low/57/supported/verify_only,main/record_invoice/low/57,main,record_invoice,low,57,supported,verify_only,1,0,0,0,0,1,1,0,0,0,1,1,0,1,2,2,1,8,3d4baa66dda7b1024deeb76b907da483c40a1d22064ac19d69f8f947d984e336
main/record_invoice/low/57/supported/paper_literal,main/record_invoice/low/57,main,record_invoice,low,57,supported,paper_literal,1,0,0,0,0,1,1,0,0,0,1,1,0,1,2,2,1,8,3d4baa66dda7b1024deeb76b907da483c40a1d22064ac19d69f8f947d984e336
main/record_invoice/low/57/supported/engineering,main/record_invoice/low/57,main,record_invoice,low,57,supported,engineering,1,1,1,1,1,0,0,0,0,0,0,2,1,2,3,3,1,8,3d4baa66dda7b1024deeb76b907da483c40a1d22064ac19d69f8f947d984e336
main/record_invoice/low/57/unsupported/retry_only,main/record_invoice/low/57,main,record_invoice,low,57,unsupported,retry_only,1,1,1,0,0,1,1,0,0,1,0,2,1,0,5,5,0,8,3d4baa66dda7b1024deeb76b907da483c40a1d22064ac19d69f8f947d984e336
main/record_invoice/low/57/unsupported/verify_only,main/record_invoice/low/57,main,record_invoice,low,57,unsupported,verify_only,1,0,0,0,0,1,1,0,0,0,1,1,0,1,2,2,1,8,3d4baa66dda7b1024deeb76b907da483c40a1d22064ac19d69f8f947d984e336
main/record_invoice/low/57/unsupported/paper_literal,main/record_invoice/low/57,main,record_invoice,low,57,unsupported,paper_literal,1,0,0,0,0,1,1,0,0,0,1,1,0,1,2,2,1,8,3d4baa66dda7b1024deeb76b907da483c40a1d22064ac19d69f8f947d984e336
main/record_invoice/low/57/unsupported/engineering,main/record_invoice/low/57,main,record_invoice,low,57,unsupported,engineering,0,1,1,0,0,0,0,0,0,1,0,2,1,3,5,5,2,8,3d4baa66dda7b1024deeb76b907da483c40a1d22064ac19d69f8f947d984e336
main/record_invoice/low/58/supported/retry_only,main/record_invoice/low/58,main,record_invoice,low,58,supported,retry_only,1,1,1,1,1,0,0,0,0,0,0,1,0,0,3,3,0,8,e617c9ce48e194e14ad24f99a07592f2a6b66341d89868f094dd7a25614fa0e0
main/record_invoice/low/58/supported/verify_only,main/record_invoice/low/58,main,record_invoice,low,58,supported,verify_only,1,1,1,1,1,0,0,0,0,0,0,1,0,0,3,3,0,8,e617c9ce48e194e14ad24f99a07592f2a6b66341d89868f094dd7a25614fa0e0
main/record_invoice/low/58/supported/paper_literal,main/record_invoice/low/58,main,record_invoice,low,58,supported,paper_literal,1,1,1,1,1,0,0,0,0,0,0,1,0,0,3,3,0,8,e617c9ce48e194e14ad24f99a07592f2a6b66341d89868f094dd7a25614fa0e0
main/record_invoice/low/58/supported/engineering,main/record_invoice/low/58,main,record_invoice,low,58,supported,engineering,1,1,1,1,1,0,0,0,0,0,0,1,0,1,3,3,0,8,e617c9ce48e194e14ad24f99a07592f2a6b66341d89868f094dd7a25614fa0e0
main/record_invoice/low/58/unsupported/retry_only,main/record_invoice/low/58,main,record_invoice,low,58,unsupported,retry_only,1,1,1,1,1,0,0,0,0,0,0,1,0,0,3,3,0,8,e617c9ce48e194e14ad24f99a07592f2a6b66341d89868f094dd7a25614fa0e0
main/record_invoice/low/58/unsupported/verify_only,main/record_invoice/low/58,main,record_invoice,low,58,unsupported,verify_only,1,1,1,1,1,0,0,0,0,0,0,1,0,0,3,3,0,8,e617c9ce48e194e14ad24f99a07592f2a6b66341d89868f094dd7a25614fa0e0
main/record_invoice/low/58/unsupported/paper_literal,main/record_invoice/low/58,main,record_invoice,low,58,unsupported,paper_literal,1,1,1,1,1,0,0,0,0,0,0,1,0,0,3,3,0,8,e617c9ce48e194e14ad24f99a07592f2a6b66341d89868f094dd7a25614fa0e0
main/record_invoice/low/58/unsupported/engineering,main/record_invoice/low/58,main,record_invoice,low,58,unsupported,engineering,1,1,1,1,1,0,0,0,0,0,0,1,0,1,3,3,0,8,e617c9ce48e194e14ad24f99a07592f2a6b66341d89868f094dd7a25614fa0e0
main/record_invoice/low/59/supported/retry_only,main/record_invoice/low/59,main,record_invoice,low,59,supported,retry_only,1,1,1,1,1,0,0,0,0,0,0,1,0,0,3,3,0,8,7856ecbb511b03f76a7492afa8dc38cf36209ef9ace099bbd4613ff42c568682
main/record_invoice/low/59/supported/verify_only,main/record_invoice/low/59,main,record_invoice,low,59,supported,verify_only,1,1,1,1,1,0,0,0,0,0,0,1,0,0,3,3,0,8,7856ecbb511b03f76a7492afa8dc38cf36209ef9ace099bbd4613ff42c568682
main/record_invoice/low/59/supported/paper_literal,main/record_invoice/low/59,main,record_invoice,low,59,supported,paper_literal,1,1,1,1,1,0,0,0,0,0,0,1,0,0,3,3,0,8,7856ecbb511b03f76a7492afa8dc38cf36209ef9ace099bbd4613ff42c568682
main/record_invoice/low/59/supported/engineering,main/record_invoice/low/59,main,record_invoice,low,59,supported,engineering,1,1,1,1,1,0,0,0,0,0,0,1,0,1,3,3,0,8,7856ecbb511b03f76a7492afa8dc38cf36209ef9ace099bbd4613ff42c568682
main/record_invoice/low/59/unsupported/retry_only,main/record_invoice/low/59,main,record_invoice,low,59,unsupported,retry_only,1,1,1,1,1,0,0,0,0,0,0,1,0,0,3,3,0,8,7856ecbb511b03f76a7492afa8dc38cf36209ef9ace099bbd4613ff42c568682
main/record_invoice/low/59/unsupported/verify_only,main/record_invoice/low/59,main,record_invoice,low,59,unsupported,verify_only,1,1,1,1,1,0,0,0,0,0,0,1,0,0,3,3,0,8,7856ecbb511b03f76a7492afa8dc38cf36209ef9ace099bbd4613ff42c568682
main/record_invoice/low/59/unsupported/paper_literal,main/record_invoice/low/59,main,record_invoice,low,59,unsupported,paper_literal,1,1,1,1,1,0,0,0,0,0,0,1,0,0,3,3,0,8,7856ecbb511b03f76a7492afa8dc38cf36209ef9ace099bbd4613ff42c568682
main/record_invoice/low/59/unsupported/engineering,main/record_invoice/low/59,main,record_invoice,low,59,unsupported,engineering,1,1,1,1,1,0,0,0,0,0,0,1,0,1,3,3,0,8,7856ecbb511b03f76a7492afa8dc38cf36209ef9ace099bbd4613ff42c568682
main/record_invoice/low/60/supported/retry_only,main/record_invoice/low/60,main,record_invoice,low,60,supported,retry_only,1,1,1,1,1,0,0,0,0,0,0,1,0,0,3,3,0,8,0ef8f5eebd46da4af08d99a315073be5af4cf005660d2e1503e2be92eb3d3d4d
main/record_invoice/low/60/supported/verify_only,main/record_invoice/low/60,main,record_invoice,low,60,supported,verify_only,1,1,1,1,1,0,0,0,0,0,0,1,0,0,3,3,0,8,0ef8f5eebd46da4af08d99a315073be5af4cf005660d2e1503e2be92eb3d3d4d
main/record_invoice/low/60/supported/paper_literal,main/record_invoice/low/60,main,record_invoice,low,60,supported,paper_literal,1,1,1,1,1,0,0,0,0,0,0,1,0,0,3,3,0,8,0ef8f5eebd46da4af08d99a315073be5af4cf005660d2e1503e2be92eb3d3d4d
main/record_invoice/low/60/supported/engineering,main/record_invoice/low/60,main,record_invoice,low,60,supported,engineering,1,1,1,1,1,0,0,0,0,0,0,1,0,1,3,3,0,8,0ef8f5eebd46da4af08d99a315073be5af4cf005660d2e1503e2be92eb3d3d4d
main/record_invoice/low/60/unsupported/retry_only,main/record_invoice/low/60,main,record_invoice,low,60,unsupported,retry_only,1,1,1,1,1,0,0,0,0,0,0,1,0,0,3,3,0,8,0ef8f5eebd46da4af08d99a315073be5af4cf005660d2e1503e2be92eb3d3d4d
main/record_invoice/low/60/unsupported/verify_only,main/record_invoice/low/60,main,record_invoice,low,60,unsupported,verify_only,1,1,1,1,1,0,0,0,0,0,0,1,0,0,3,3,0,8,0ef8f5eebd46da4af08d99a315073be5af4cf005660d2e1503e2be92eb3d3d4d
main/record_invoice/low/60/unsupported/paper_literal,main/record_invoice/low/60,main,record_invoice,low,60,unsupported,paper_literal,1,1,1,1,1,0,0,0,0,0,0,1,0,0,3,3,0,8,0ef8f5eebd46da4af08d99a315073be5af4cf005660d2e1503e2be92eb3d3d4d
main/record_invoice/low/60/unsupported/engineering,main/record_invoice/low/60,main,record_invoice,low,60,unsupported,engineering,1,1,1,1,1,0,0,0,0,0,0,1,0,1,3,3,0,8,0ef8f5eebd46da4af08d99a315073be5af4cf005660d2e1503e2be92eb3d3d4d
main/record_invoice/low/61/supported/retry_only,main/record_invoice/low/61,main,record_invoice,low,61,supported,retry_only,1,1,1,1,1,0,0,0,0,0,0,1,0,0,3,3,0,8,e3a220840d966d8a48485b5d0ee688ba2bf25387649c28a5d609eb74a552e3df
main/record_invoice/low/61/supported/verify_only,main/record_invoice/low/61,main,record_invoice,low,61,supported,verify_only,1,1,1,1,1,0,0,0,0,0,0,1,0,0,3,3,0,8,e3a220840d966d8a48485b5d0ee688ba2bf25387649c28a5d609eb74a552e3df
main/record_invoice/low/61/supported/paper_literal,main/record_invoice/low/61,main,record_invoice,low,61,supported,paper_literal,1,1,1,1,1,0,0,0,0,0,0,1,0,0,3,3,0,8,e3a220840d966d8a48485b5d0ee688ba2bf25387649c28a5d609eb74a552e3df
main/record_invoice/low/61/supported/engineering,main/record_invoice/low/61,main,record_invoice,low,61,supported,engineering,1,1,1,1,1,0,0,0,0,0,0,1,0,1,3,3,0,8,e3a220840d966d8a48485b5d0ee688ba2bf25387649c28a5d609eb74a552e3df
main/record_invoice/low/61/unsupported/retry_only,main/record_invoice/low/61,main,record_invoice,low,61,unsupported,retry_only,1,1,1,1,1,0,0,0,0,0,0,1,0,0,3,3,0,8,e3a220840d966d8a48485b5d0ee688ba2bf25387649c28a5d609eb74a552e3df
main/record_invoice/low/61/unsupported/verify_only,main/record_invoice/low/61,main,record_invoice,low,61,unsupported,verify_only,1,1,1,1,1,0,0,0,0,0,0,1,0,0,3,3,0,8,e3a220840d966d8a48485b5d0ee688ba2bf25387649c28a5d609eb74a552e3df
main/record_invoice/low/61/unsupported/paper_literal,main/record_invoice/low/61,main,record_invoice,low,61,unsupported,paper_literal,1,1,1,1,1,0,0,0,0,0,0,1,0,0,3,3,0,8,e3a220840d966d8a48485b5d0ee688ba2bf25387649c28a5d609eb74a552e3df
main/record_invoice/low/61/unsupported/engineering,main/record_invoice/low/61,main,record_invoice,low,61,unsupported,engineering,1,1,1,1,1,0,0,0,0,0,0,1,0,1,3,3,0,8,e3a220840d966d8a48485b5d0ee688ba2bf25387649c28a5d609eb74a552e3df
main/record_invoice/low/62/supported/retry_only,main/record_invoice/low/62,main,record_invoice,low,62,supported,retry_only,1,1,1,1,1,0,0,0,0,0,0,1,0,0,3,3,0,8,4c4130682fd490414cf92b94cfe9184fc9e3b139fa7b0a18fde4b3d4f9247b71
main/record_invoice/low/62/supported/verify_only,main/record_invoice/low/62,main,record_invoice,low,62,supported,verify_only,1,1,1,1,1,0,0,0,0,0,0,1,0,0,3,3,0,8,4c4130682fd490414cf92b94cfe9184fc9e3b139fa7b0a18fde4b3d4f9247b71
main/record_invoice/low/62/supported/paper_literal,main/record_invoice/low/62,main,record_invoice,low,62,supported,paper_literal,1,1,1,1,1,0,0,0,0,0,0,1,0,0,3,3,0,8,4c4130682fd490414cf92b94cfe9184fc9e3b139fa7b0a18fde4b3d4f9247b71
main/record_invoice/low/62/supported/engineering,main/record_invoice/low/62,main,record_invoice,low,62,supported,engineering,1,1,1,1,1,0,0,0,0,0,0,1,0,1,3,3,0,8,4c4130682fd490414cf92b94cfe9184fc9e3b139fa7b0a18fde4b3d4f9247b71
main/record_invoice/low/62/unsupported/retry_only,main/record_invoice/low/62,main,record_invoice,low,62,unsupported,retry_only,1,1,1,1,1,0,0,0,0,0,0,1,0,0,3,3,0,8,4c4130682fd490414cf92b94cfe9184fc9e3b139fa7b0a18fde4b3d4f9247b71
main/record_invoice/low/62/unsupported/verify_only,main/record_invoice/low/62,main,record_invoice,low,62,unsupported,verify_only,1,1,1,1,1,0,0,0,0,0,0,1,0,0,3,3,0,8,4c4130682fd490414cf92b94cfe9184fc9e3b139fa7b0a18fde4b3d4f9247b71
main/record_invoice/low/62/unsupported/paper_literal,main/record_invoice/low/62,main,record_invoice,low,62,unsupported,paper_literal,1,1,1,1,1,0,0,0,0,0,0,1,0,0,3,3,0,8,4c4130682fd490414cf92b94cfe9184fc9e3b139fa7b0a18fde4b3d4f9247b71
main/record_invoice/low/62/unsupported/engineering,main/record_invoice/low/62,main,record_invoice,low,62,unsupported,engineering,1,1,1,1,1,0,0,0,0,0,0,1,0,1,3,3,0,8,4c4130682fd490414cf92b94cfe9184fc9e3b139fa7b0a18fde4b3d4f9247b71
main/record_invoice/low/63/supported/retry_only,main/record_invoice/low/63,main,record_invoice,low,63,supported,retry_only,1,1,1,1,1,0,0,0,0,0,0,1,0,0,3,3,0,8,d99e832f4e8691476afd4a09cd294fd0003a135cd748918894e5787515a0237d
main/record_invoice/low/63/supported/verify_only,main/record_invoice/low/63,main,record_invoice,low,63,supported,verify_only,1,1,1,1,1,0,0,0,0,0,0,1,0,0,3,3,0,8,d99e832f4e8691476afd4a09cd294fd0003a135cd748918894e5787515a0237d
main/record_invoice/low/63/supported/paper_literal,main/record_invoice/low/63,main,record_invoice,low,63,supported,paper_literal,1,1,1,1,1,0,0,0,0,0,0,1,0,0,3,3,0,8,d99e832f4e8691476afd4a09cd294fd0003a135cd748918894e5787515a0237d
main/record_invoice/low/63/supported/engineering,main/record_invoice/low/63,main,record_invoice,low,63,supported,engineering,1,1,1,1,1,0,0,0,0,0,0,1,0,1,3,3,0,8,d99e832f4e8691476afd4a09cd294fd0003a135cd748918894e5787515a0237d
main/record_invoice/low/63/unsupported/retry_only,main/record_invoice/low/63,main,record_invoice,low,63,unsupported,retry_only,1,1,1,1,1,0,0,0,0,0,0,1,0,0,3,3,0,8,d99e832f4e8691476afd4a09cd294fd0003a135cd748918894e5787515a0237d
main/record_invoice/low/63/unsupported/verify_only,main/record_invoice/low/63,main,record_invoice,low,63,unsupported,verify_only,1,1,1,1,1,0,0,0,0,0,0,1,0,0,3,3,0,8,d99e832f4e8691476afd4a09cd294fd0003a135cd748918894e5787515a0237d
main/record_invoice/low/63/unsupported/paper_literal,main/record_invoice/low/63,main,record_invoice,low,63,unsupported,paper_literal,1,1,1,1,1,0,0,0,0,0,0,1,0,0,3,3,0,8,d99e832f4e8691476afd4a09cd294fd0003a135cd748918894e5787515a0237d
main/record_invoice/low/63/unsupported/engineering,main/record_invoice/low/63,main,record_invoice,low,63,unsupported,engineering,1,1,1,1,1,0,0,0,0,0,0,1,0,1,3,3,0,8,d99e832f4e8691476afd4a09cd294fd0003a135cd748918894e5787515a0237d
main/record_invoice/low/64/supported/retry_only,main/record_invoice/low/64,main,record_invoice,low,64,supported,retry_only,1,1,1,1,1,0,0,0,0,0,0,1,0,0,3,3,0,8,c5792d78402242c3141d98b36a380846a7068d9f482443f565d307e9b8c01fa0
main/record_invoice/low/64/supported/verify_only,main/record_invoice/low/64,main,record_invoice,low,64,supported,verify_only,1,1,1,1,1,0,0,0,0,0,0,1,0,0,3,3,0,8,c5792d78402242c3141d98b36a380846a7068d9f482443f565d307e9b8c01fa0
main/record_invoice/low/64/supported/paper_literal,main/record_invoice/low/64,main,record_invoice,low,64,supported,paper_literal,1,1,1,1,1,0,0,0,0,0,0,1,0,0,3,3,0,8,c5792d78402242c3141d98b36a380846a7068d9f482443f565d307e9b8c01fa0
main/record_invoice/low/64/supported/engineering,main/record_invoice/low/64,main,record_invoice,low,64,supported,engineering,1,1,1,1,1,0,0,0,0,0,0,1,0,1,3,3,0,8,c5792d78402242c3141d98b36a380846a7068d9f482443f565d307e9b8c01fa0
main/record_invoice/low/64/unsupported/retry_only,main/record_invoice/low/64,main,record_invoice,low,64,unsupported,retry_only,1,1,1,1,1,0,0,0,0,0,0,1,0,0,3,3,0,8,c5792d78402242c3141d98b36a380846a7068d9f482443f565d307e9b8c01fa0
main/record_invoice/low/64/unsupported/verify_only,main/record_invoice/low/64,main,record_invoice,low,64,unsupported,verify_only,1,1,1,1,1,0,0,0,0,0,0,1,0,0,3,3,0,8,c5792d78402242c3141d98b36a380846a7068d9f482443f565d307e9b8c01fa0
main/record_invoice/low/64/unsupported/paper_literal,main/record_invoice/low/64,main,record_invoice,low,64,unsupported,paper_literal,1,1,1,1,1,0,0,0,0,0,0,1,0,0,3,3,0,8,c5792d78402242c3141d98b36a380846a7068d9f482443f565d307e9b8c01fa0
main/record_invoice/low/64/unsupported/engineering,main/record_invoice/low/64,main,record_invoice,low,64,unsupported,engineering,1,1,1,1,1,0,0,0,0,0,0,1,0,1,3,3,0,8,c5792d78402242c3141d98b36a380846a7068d9f482443f565d307e9b8c01fa0
main/record_invoice/low/65/supported/retry_only,main/record_invoice/low/65,main,record_invoice,low,65,supported,retry_only,1,1,1,1,1,0,0,0,0,0,0,1,0,0,3,3,0,8,963c833791d82f959dfd42583fb183bf18a13f2cbafc256b72369d626f0f7612
main/record_invoice/low/65/supported/verify_only,main/record_invoice/low/65,main,record_invoice,low,65,supported,verify_only,1,1,1,1,1,0,0,0,0,0,0,1,0,0,3,3,0,8,963c833791d82f959dfd42583fb183bf18a13f2cbafc256b72369d626f0f7612
main/record_invoice/low/65/supported/paper_literal,main/record_invoice/low/65,main,record_invoice,low,65,supported,paper_literal,1,1,1,1,1,0,0,0,0,0,0,1,0,0,3,3,0,8,963c833791d82f959dfd42583fb183bf18a13f2cbafc256b72369d626f0f7612
main/record_invoice/low/65/supported/engineering,main/record_invoice/low/65,main,record_invoice,low,65,supported,engineering,1,1,1,1,1,0,0,0,0,0,0,1,0,1,3,3,0,8,963c833791d82f959dfd42583fb183bf18a13f2cbafc256b72369d626f0f7612
main/record_invoice/low/65/unsupported/retry_only,main/record_invoice/low/65,main,record_invoice,low,65,unsupported,retry_only,1,1,1,1,1,0,0,0,0,0,0,1,0,0,3,3,0,8,963c833791d82f959dfd42583fb183bf18a13f2cbafc256b72369d626f0f7612
main/record_invoice/low/65/unsupported/verify_only,main/record_invoice/low/65,main,record_invoice,low,65,unsupported,verify_only,1,1,1,1,1,0,0,0,0,0,0,1,0,0,3,3,0,8,963c833791d82f959dfd42583fb183bf18a13f2cbafc256b72369d626f0f7612
main/record_invoice/low/65/unsupported/paper_literal,main/record_invoice/low/65,main,record_invoice,low,65,unsupported,paper_literal,1,1,1,1,1,0,0,0,0,0,0,1,0,0,3,3,0,8,963c833791d82f959dfd42583fb183bf18a13f2cbafc256b72369d626f0f7612
main/record_invoice/low/65/unsupported/engineering,main/record_invoice/low/65,main,record_invoice,low,65,unsupported,engineering,1,1,1,1,1,0,0,0,0,0,0,1,0,1,3,3,0,8,963c833791d82f959dfd42583fb183bf18a13f2cbafc256b72369d626f0f7612
main/record_invoice/low/66/supported/retry_only,main/record_invoice/low/66,main,record_invoice,low,66,supported,retry_only,1,1,1,1,1,0,0,0,0,0,0,1,0,0,3,3,0,8,e695a88ff35138fd0396af2aaf4c86cb4e50edf5447d01e887f9317dd2a0b0bf
main/record_invoice/low/66/supported/verify_only,main/record_invoice/low/66,main,record_invoice,low,66,supported,verify_only,1,1,1,1,1,0,0,0,0,0,0,1,0,0,3,3,0,8,e695a88ff35138fd0396af2aaf4c86cb4e50edf5447d01e887f9317dd2a0b0bf
main/record_invoice/low/66/supported/paper_literal,main/record_invoice/low/66,main,record_invoice,low,66,supported,paper_literal,1,1,1,1,1,0,0,0,0,0,0,1,0,0,3,3,0,8,e695a88ff35138fd0396af2aaf4c86cb4e50edf5447d01e887f9317dd2a0b0bf
main/record_invoice/low/66/supported/engineering,main/record_invoice/low/66,main,record_invoice,low,66,supported,engineering,1,1,1,1,1,0,0,0,0,0,0,1,0,1,3,3,0,8,e695a88ff35138fd0396af2aaf4c86cb4e50edf5447d01e887f9317dd2a0b0bf
main/record_invoice/low/66/unsupported/retry_only,main/record_invoice/low/66,main,record_invoice,low,66,unsupported,retry_only,1,1,1,1,1,0,0,0,0,0,0,1,0,0,3,3,0,8,e695a88ff35138fd0396af2aaf4c86cb4e50edf5447d01e887f9317dd2a0b0bf
main/record_invoice/low/66/unsupported/verify_only,main/record_invoice/low/66,main,record_invoice,low,66,unsupported,verify_only,1,1,1,1,1,0,0,0,0,0,0,1,0,0,3,3,0,8,e695a88ff35138fd0396af2aaf4c86cb4e50edf5447d01e887f9317dd2a0b0bf
main/record_invoice/low/66/unsupported/paper_literal,main/record_invoice/low/66,main,record_invoice,low,66,unsupported,paper_literal,1,1,1,1,1,0,0,0,0,0,0,1,0,0,3,3,0,8,e695a88ff35138fd0396af2aaf4c86cb4e50edf5447d01e887f9317dd2a0b0bf
main/record_invoice/low/66/unsupported/engineering,main/record_invoice/low/66,main,record_invoice,low,66,unsupported,engineering,1,1,1,1,1,0,0,0,0,0,0,1,0,1,3,3,0,8,e695a88ff35138fd0396af2aaf4c86cb4e50edf5447d01e887f9317dd2a0b0bf
main/record_invoice/medium/42/supported/retry_only,main/record_invoice/medium/42,main,record_invoice,medium,42,supported,retry_only,1,1,1,0,0,1,1,0,0,1,0,2,1,0,6,6,0,8,4f295b4216d9767fbf8277ab1d1e0a6c52478309122789718770b6b813ce7136
main/record_invoice/medium/42/supported/verify_only,main/record_invoice/medium/42,main,record_invoice,medium,42,supported,verify_only,0,1,1,1,1,0,0,1,1,0,0,1,0,1,3,3,1,8,4f295b4216d9767fbf8277ab1d1e0a6c52478309122789718770b6b813ce7136
main/record_invoice/medium/42/supported/paper_literal,main/record_invoice/medium/42,main,record_invoice,medium,42,supported,paper_literal,0,1,1,1,1,0,0,1,1,0,0,2,1,1,3,3,1,8,4f295b4216d9767fbf8277ab1d1e0a6c52478309122789718770b6b813ce7136
main/record_invoice/medium/42/supported/engineering,main/record_invoice/medium/42,main,record_invoice,medium,42,supported,engineering,1,1,1,1,1,0,0,0,0,0,0,2,1,3,3,3,2,8,4f295b4216d9767fbf8277ab1d1e0a6c52478309122789718770b6b813ce7136
main/record_invoice/medium/42/unsupported/retry_only,main/record_invoice/medium/42,main,record_invoice,medium,42,unsupported,retry_only,1,1,1,0,0,1,1,0,0,1,0,2,1,0,6,6,0,8,4f295b4216d9767fbf8277ab1d1e0a6c52478309122789718770b6b813ce7136
main/record_invoice/medium/42/unsupported/verify_only,main/record_invoice/medium/42,main,record_invoice,medium,42,unsupported,verify_only,0,1,1,1,1,0,0,1,1,0,0,1,0,1,3,3,1,8,4f295b4216d9767fbf8277ab1d1e0a6c52478309122789718770b6b813ce7136
main/record_invoice/medium/42/unsupported/paper_literal,main/record_invoice/medium/42,main,record_invoice,medium,42,unsupported,paper_literal,0,1,1,0,0,0,0,0,0,1,0,2,1,1,6,6,1,8,4f295b4216d9767fbf8277ab1d1e0a6c52478309122789718770b6b813ce7136
main/record_invoice/medium/42/unsupported/engineering,main/record_invoice/medium/42,main,record_invoice,medium,42,unsupported,engineering,0,1,1,0,0,0,0,0,0,1,0,2,1,3,6,6,2,8,4f295b4216d9767fbf8277ab1d1e0a6c52478309122789718770b6b813ce7136
main/record_invoice/medium/43/supported/retry_only,main/record_invoice/medium/43,main,record_invoice,medium,43,supported,retry_only,1,1,1,0,0,1,1,0,0,1,0,2,1,0,6,6,0,8,b0f2300315fcdd84c747ce9e612c49eb0809ca6fa1c1a9f6053b11f8bdf64311
main/record_invoice/medium/43/supported/verify_only,main/record_invoice/medium/43,main,record_invoice,medium,43,supported,verify_only,1,1,1,1,1,0,0,0,0,0,0,1,0,1,3,3,1,8,b0f2300315fcdd84c747ce9e612c49eb0809ca6fa1c1a9f6053b11f8bdf64311
main/record_invoice/medium/43/supported/paper_literal,main/record_invoice/medium/43,main,record_invoice,medium,43,supported,paper_literal,1,1,1,1,1,0,0,0,0,0,0,1,0,1,3,3,1,8,b0f2300315fcdd84c747ce9e612c49eb0809ca6fa1c1a9f6053b11f8bdf64311
main/record_invoice/medium/43/supported/engineering,main/record_invoice/medium/43,main,record_invoice,medium,43,supported,engineering,1,1,1,1,1,0,0,0,0,0,0,1,0,1,3,3,1,8,b0f2300315fcdd84c747ce9e612c49eb0809ca6fa1c1a9f6053b11f8bdf64311
main/record_invoice/medium/43/unsupported/retry_only,main/record_invoice/medium/43,main,record_invoice,medium,43,unsupported,retry_only,1,1,1,0,0,1,1,0,0,1,0,2,1,0,6,6,0,8,b0f2300315fcdd84c747ce9e612c49eb0809ca6fa1c1a9f6053b11f8bdf64311
main/record_invoice/medium/43/unsupported/verify_only,main/record_invoice/medium/43,main,record_invoice,medium,43,unsupported,verify_only,1,1,1,1,1,0,0,0,0,0,0,1,0,1,3,3,1,8,b0f2300315fcdd84c747ce9e612c49eb0809ca6fa1c1a9f6053b11f8bdf64311
main/record_invoice/medium/43/unsupported/paper_literal,main/record_invoice/medium/43,main,record_invoice,medium,43,unsupported,paper_literal,1,1,1,1,1,0,0,0,0,0,0,1,0,1,3,3,1,8,b0f2300315fcdd84c747ce9e612c49eb0809ca6fa1c1a9f6053b11f8bdf64311
main/record_invoice/medium/43/unsupported/engineering,main/record_invoice/medium/43,main,record_invoice,medium,43,unsupported,engineering,1,1,1,1,1,0,0,0,0,0,0,1,0,1,3,3,1,8,b0f2300315fcdd84c747ce9e612c49eb0809ca6fa1c1a9f6053b11f8bdf64311
main/record_invoice/medium/44/supported/retry_only,main/record_invoice/medium/44,main,record_invoice,medium,44,supported,retry_only,1,1,1,1,1,0,0,0,0,0,0,1,0,0,3,3,0,8,8e8da86a906996cb4695165a44838ad75cf20927e60e181515566d7563cbd158
main/record_invoice/medium/44/supported/verify_only,main/record_invoice/medium/44,main,record_invoice,medium,44,supported,verify_only,1,1,1,1,1,0,0,0,0,0,0,1,0,0,3,3,0,8,8e8da86a906996cb4695165a44838ad75cf20927e60e181515566d7563cbd158
main/record_invoice/medium/44/supported/paper_literal,main/record_invoice/medium/44,main,record_invoice,medium,44,supported,paper_literal,1,1,1,1,1,0,0,0,0,0,0,1,0,0,3,3,0,8,8e8da86a906996cb4695165a44838ad75cf20927e60e181515566d7563cbd158
main/record_invoice/medium/44/supported/engineering,main/record_invoice/medium/44,main,record_invoice,medium,44,supported,engineering,1,1,1,1,1,0,0,0,0,0,0,1,0,1,3,3,0,8,8e8da86a906996cb4695165a44838ad75cf20927e60e181515566d7563cbd158
main/record_invoice/medium/44/unsupported/retry_only,main/record_invoice/medium/44,main,record_invoice,medium,44,unsupported,retry_only,1,1,1,1,1,0,0,0,0,0,0,1,0,0,3,3,0,8,8e8da86a906996cb4695165a44838ad75cf20927e60e181515566d7563cbd158
main/record_invoice/medium/44/unsupported/verify_only,main/record_invoice/medium/44,main,record_invoice,medium,44,unsupported,verify_only,1,1,1,1,1,0,0,0,0,0,0,1,0,0,3,3,0,8,8e8da86a906996cb4695165a44838ad75cf20927e60e181515566d7563cbd158
main/record_invoice/medium/44/unsupported/paper_literal,main/record_invoice/medium/44,main,record_invoice,medium,44,unsupported,paper_literal,1,1,1,1,1,0,0,0,0,0,0,1,0,0,3,3,0,8,8e8da86a906996cb4695165a44838ad75cf20927e60e181515566d7563cbd158
main/record_invoice/medium/44/unsupported/engineering,main/record_invoice/medium/44,main,record_invoice,medium,44,unsupported,engineering,1,1,1,1,1,0,0,0,0,0,0,1,0,1,3,3,0,8,8e8da86a906996cb4695165a44838ad75cf20927e60e181515566d7563cbd158
main/record_invoice/medium/45/supported/retry_only,main/record_invoice/medium/45,main,record_invoice,medium,45,supported,retry_only,1,0,0,0,0,1,1,0,0,0,1,1,0,0,2,2,0,8,d6a5f375b6fe5eb51517f55015d462cd6ada98b074ac2b8545bf89637c2f98a8
main/record_invoice/medium/45/supported/verify_only,main/record_invoice/medium/45,main,record_invoice,medium,45,supported,verify_only,1,0,0,0,0,1,1,0,0,0,1,1,0,0,2,2,0,8,d6a5f375b6fe5eb51517f55015d462cd6ada98b074ac2b8545bf89637c2f98a8
main/record_invoice/medium/45/supported/paper_literal,main/record_invoice/medium/45,main,record_invoice,medium,45,supported,paper_literal,1,0,0,0,0,1,1,0,0,0,1,1,0,0,2,2,0,8,d6a5f375b6fe5eb51517f55015d462cd6ada98b074ac2b8545bf89637c2f98a8
main/record_invoice/medium/45/supported/engineering,main/record_invoice/medium/45,main,record_invoice,medium,45,supported,engineering,1,1,1,1,1,0,0,0,0,0,0,2,1,3,3,3,2,8,d6a5f375b6fe5eb51517f55015d462cd6ada98b074ac2b8545bf89637c2f98a8
main/record_invoice/medium/45/unsupported/retry_only,main/record_invoice/medium/45,main,record_invoice,medium,45,unsupported,retry_only,1,0,0,0,0,1,1,0,0,0,1,1,0,0,2,2,0,8,d6a5f375b6fe5eb51517f55015d462cd6ada98b074ac2b8545bf89637c2f98a8
main/record_invoice/medium/45/unsupported/verify_only,main/record_invoice/medium/45,main,record_invoice,medium,45,unsupported,verify_only,1,0,0,0,0,1,1,0,0,0,1,1,0,0,2,2,0,8,d6a5f375b6fe5eb51517f55015d462cd6ada98b074ac2b8545bf89637c2f98a8
main/record_invoice/medium/45/unsupported/paper_literal,main/record_invoice/medium/45,main,record_invoice,medium,45,unsupported,paper_literal,1,0,0,0,0,1,1,0,0,0,1,1,0,0,2,2,0,8,d6a5f375b6fe5eb51517f55015d462cd6ada98b074ac2b8545bf89637c2f98a8
main/record_invoice/medium/45/unsupported/engineering,main/record_invoice/medium/45,main,record_invoice,medium,45,unsupported,engineering,0,1,1,0,0,0,0,0,0,1,0,2,1,3,5,5,2,8,d6a5f375b6fe5eb51517f55015d462cd6ada98b074ac2b8545bf89637c2f98a8
main/record_invoice/medium/46/supported/retry_only,main/record_invoice/medium/46,main,record_invoice,medium,46,supported,retry_only,1,1,1,1,1,0,0,0,0,0,0,1,0,0,3,3,0,8,e8eb893ec5625dc5400023860cca124f194588b8df156266cddb3530d6a9d5a5
main/record_invoice/medium/46/supported/verify_only,main/record_invoice/medium/46,main,record_invoice,medium,46,supported,verify_only,1,1,1,1,1,0,0,0,0,0,0,1,0,0,3,3,0,8,e8eb893ec5625dc5400023860cca124f194588b8df156266cddb3530d6a9d5a5
main/record_invoice/medium/46/supported/paper_literal,main/record_invoice/medium/46,main,record_invoice,medium,46,supported,paper_literal,1,1,1,1,1,0,0,0,0,0,0,1,0,0,3,3,0,8,e8eb893ec5625dc5400023860cca124f194588b8df156266cddb3530d6a9d5a5
main/record_invoice/medium/46/supported/engineering,main/record_invoice/medium/46,main,record_invoice,medium,46,supported,engineering,1,1,1,1,1,0,0,0,0,0,0,1,0,1,3,3,0,8,e8eb893ec5625dc5400023860cca124f194588b8df156266cddb3530d6a9d5a5
main/record_invoice/medium/46/unsupported/retry_only,main/record_invoice/medium/46,main,record_invoice,medium,46,unsupported,retry_only,1,1,1,1,1,0,0,0,0,0,0,1,0,0,3,3,0,8,e8eb893ec5625dc5400023860cca124f194588b8df156266cddb3530d6a9d5a5
main/record_invoice/medium/46/unsupported/verify_only,main/record_invoice/medium/46,main,record_invoice,medium,46,unsupported,verify_only,1,1,1,1,1,0,0,0,0,0,0,1,0,0,3,3,0,8,e8eb893ec5625dc5400023860cca124f194588b8df156266cddb3530d6a9d5a5
main/record_invoice/medium/46/unsupported/paper_literal,main/record_invoice/medium/46,main,record_invoice,medium,46,unsupported,paper_literal,1,1,1,1,1,0,0,0,0,0,0,1,0,0,3,3,0,8,e8eb893ec5625dc5400023860cca124f194588b8df156266cddb3530d6a9d5a5
main/record_invoice/medium/46/unsupported/engineering,main/record_invoice/medium/46,main,record_invoice,medium,46,unsupported,engineering,1,1,1,1,1,0,0,0,0,0,0,1,0,1,3,3,0,8,e8eb893ec5625dc5400023860cca124f194588b8df156266cddb3530d6a9d5a5
main/record_invoice/medium/47/supported/retry_only,main/record_invoice/medium/47,main,record_invoice,medium,47,supported,retry_only,1,1,1,1,1,0,0,0,0,0,0,1,0,0,3,3,0,8,39afd9a55b8470bc343d63214a0d88f4574e16d08aa68668c4f6d6c8a03c5002
main/record_invoice/medium/47/supported/verify_only,main/record_invoice/medium/47,main,record_invoice,medium,47,supported,verify_only,1,1,1,1,1,0,0,0,0,0,0,1,0,0,3,3,0,8,39afd9a55b8470bc343d63214a0d88f4574e16d08aa68668c4f6d6c8a03c5002
main/record_invoice/medium/47/supported/paper_literal,main/record_invoice/medium/47,main,record_invoice,medium,47,supported,paper_literal,1,1,1,1,1,0,0,0,0,0,0,1,0,0,3,3,0,8,39afd9a55b8470bc343d63214a0d88f4574e16d08aa68668c4f6d6c8a03c5002
main/record_invoice/medium/47/supported/engineering,main/record_invoice/medium/47,main,record_invoice,medium,47,supported,engineering,1,1,1,1,1,0,0,0,0,0,0,1,0,1,3,3,0,8,39afd9a55b8470bc343d63214a0d88f4574e16d08aa68668c4f6d6c8a03c5002
main/record_invoice/medium/47/unsupported/retry_only,main/record_invoice/medium/47,main,record_invoice,medium,47,unsupported,retry_only,1,1,1,1,1,0,0,0,0,0,0,1,0,0,3,3,0,8,39afd9a55b8470bc343d63214a0d88f4574e16d08aa68668c4f6d6c8a03c5002
main/record_invoice/medium/47/unsupported/verify_only,main/record_invoice/medium/47,main,record_invoice,medium,47,unsupported,verify_only,1,1,1,1,1,0,0,0,0,0,0,1,0,0,3,3,0,8,39afd9a55b8470bc343d63214a0d88f4574e16d08aa68668c4f6d6c8a03c5002
main/record_invoice/medium/47/unsupported/paper_literal,main/record_invoice/medium/47,main,record_invoice,medium,47,unsupported,paper_literal,1,1,1,1,1,0,0,0,0,0,0,1,0,0,3,3,0,8,39afd9a55b8470bc343d63214a0d88f4574e16d08aa68668c4f6d6c8a03c5002
main/record_invoice/medium/47/unsupported/engineering,main/record_invoice/medium/47,main,record_invoice,medium,47,unsupported,engineering,1,1,1,1,1,0,0,0,0,0,0,1,0,1,3,3,0,8,39afd9a55b8470bc343d63214a0d88f4574e16d08aa68668c4f6d6c8a03c5002
main/record_invoice/medium/48/supported/retry_only,main/record_invoice/medium/48,main,record_invoice,medium,48,supported,retry_only,1,1,1,0,0,1,1,0,0,1,0,2,1,0,6,6,0,8,ad16fc7a05592eec333d05b6929d9e09c8306a2486a689f57290cb74fa917742
main/record_invoice/medium/48/supported/verify_only,main/record_invoice/medium/48,main,record_invoice,medium,48,supported,verify_only,0,1,1,1,1,0,0,1,1,0,0,1,0,1,3,3,1,8,ad16fc7a05592eec333d05b6929d9e09c8306a2486a689f57290cb74fa917742
main/record_invoice/medium/48/supported/paper_literal,main/record_invoice/medium/48,main,record_invoice,medium,48,supported,paper_literal,0,1,1,1,1,0,0,1,1,0,0,2,1,1,3,3,1,8,ad16fc7a05592eec333d05b6929d9e09c8306a2486a689f57290cb74fa917742
main/record_invoice/medium/48/supported/engineering,main/record_invoice/medium/48,main,record_invoice,medium,48,supported,engineering,1,1,1,1,1,0,0,0,0,0,0,2,1,3,3,3,2,8,ad16fc7a05592eec333d05b6929d9e09c8306a2486a689f57290cb74fa917742
main/record_invoice/medium/48/unsupported/retry_only,main/record_invoice/medium/48,main,record_invoice,medium,48,unsupported,retry_only,1,1,1,0,0,1,1,0,0,1,0,2,1,0,6,6,0,8,ad16fc7a05592eec333d05b6929d9e09c8306a2486a689f57290cb74fa917742
main/record_invoice/medium/48/unsupported/verify_only,main/record_invoice/medium/48,main,record_invoice,medium,48,unsupported,verify_only,0,1,1,1,1,0,0,1,1,0,0,1,0,1,3,3,1,8,ad16fc7a05592eec333d05b6929d9e09c8306a2486a689f57290cb74fa917742
main/record_invoice/medium/48/unsupported/paper_literal,main/record_invoice/medium/48,main,record_invoice,medium,48,unsupported,paper_literal,0,1,1,0,0,0,0,0,0,1,0,2,1,1,6,6,1,8,ad16fc7a05592eec333d05b6929d9e09c8306a2486a689f57290cb74fa917742
main/record_invoice/medium/48/unsupported/engineering,main/record_invoice/medium/48,main,record_invoice,medium,48,unsupported,engineering,0,1,1,0,0,0,0,0,0,1,0,2,1,3,6,6,2,8,ad16fc7a05592eec333d05b6929d9e09c8306a2486a689f57290cb74fa917742
main/record_invoice/medium/49/supported/retry_only,main/record_invoice/medium/49,main,record_invoice,medium,49,supported,retry_only,0,1,1,0,0,0,0,0,0,1,0,2,1,0,5,5,0,8,3c191535df745f251fee5be50ea6fe2b88f305daf6b9efdd14b808f77a255c13
main/record_invoice/medium/49/supported/verify_only,main/record_invoice/medium/49,main,record_invoice,medium,49,supported,verify_only,1,1,1,1,1,0,0,0,0,0,0,1,0,1,3,3,1,8,3c191535df745f251fee5be50ea6fe2b88f305daf6b9efdd14b808f77a255c13
main/record_invoice/medium/49/supported/paper_literal,main/record_invoice/medium/49,main,record_invoice,medium,49,supported,paper_literal,1,1,1,1,1,0,0,0,0,0,0,1,0,1,3,3,1,8,3c191535df745f251fee5be50ea6fe2b88f305daf6b9efdd14b808f77a255c13
main/record_invoice/medium/49/supported/engineering,main/record_invoice/medium/49,main,record_invoice,medium,49,supported,engineering,1,1,1,1,1,0,0,0,0,0,0,1,0,1,3,3,1,8,3c191535df745f251fee5be50ea6fe2b88f305daf6b9efdd14b808f77a255c13
main/record_invoice/medium/49/unsupported/retry_only,main/record_invoice/medium/49,main,record_invoice,medium,49,unsupported,retry_only,0,1,1,0,0,0,0,0,0,1,0,2,1,0,5,5,0,8,3c191535df745f251fee5be50ea6fe2b88f305daf6b9efdd14b808f77a255c13
main/record_invoice/medium/49/unsupported/verify_only,main/record_invoice/medium/49,main,record_invoice,medium,49,unsupported,verify_only,1,1,1,1,1,0,0,0,0,0,0,1,0,1,3,3,1,8,3c191535df745f251fee5be50ea6fe2b88f305daf6b9efdd14b808f77a255c13
main/record_invoice/medium/49/unsupported/paper_literal,main/record_invoice/medium/49,main,record_invoice,medium,49,unsupported,paper_literal,1,1,1,1,1,0,0,0,0,0,0,1,0,1,3,3,1,8,3c191535df745f251fee5be50ea6fe2b88f305daf6b9efdd14b808f77a255c13
main/record_invoice/medium/49/unsupported/engineering,main/record_invoice/medium/49,main,record_invoice,medium,49,unsupported,engineering,1,1,1,1,1,0,0,0,0,0,0,1,0,1,3,3,1,8,3c191535df745f251fee5be50ea6fe2b88f305daf6b9efdd14b808f77a255c13
main/record_invoice/medium/50/supported/retry_only,main/record_invoice/medium/50,main,record_invoice,medium,50,supported,retry_only,1,1,1,1,1,0,0,0,0,0,0,1,0,0,3,3,0,8,f105d03897db28b0aedae7a159ab21b75872adc19ea9770c86d61028014dd41a
main/record_invoice/medium/50/supported/verify_only,main/record_invoice/medium/50,main,record_invoice,medium,50,supported,verify_only,1,1,1,1,1,0,0,0,0,0,0,1,0,0,3,3,0,8,f105d03897db28b0aedae7a159ab21b75872adc19ea9770c86d61028014dd41a
main/record_invoice/medium/50/supported/paper_literal,main/record_invoice/medium/50,main,record_invoice,medium,50,supported,paper_literal,1,1,1,1,1,0,0,0,0,0,0,1,0,0,3,3,0,8,f105d03897db28b0aedae7a159ab21b75872adc19ea9770c86d61028014dd41a
main/record_invoice/medium/50/supported/engineering,main/record_invoice/medium/50,main,record_invoice,medium,50,supported,engineering,1,1,1,1,1,0,0,0,0,0,0,1,0,1,3,3,0,8,f105d03897db28b0aedae7a159ab21b75872adc19ea9770c86d61028014dd41a
main/record_invoice/medium/50/unsupported/retry_only,main/record_invoice/medium/50,main,record_invoice,medium,50,unsupported,retry_only,1,1,1,1,1,0,0,0,0,0,0,1,0,0,3,3,0,8,f105d03897db28b0aedae7a159ab21b75872adc19ea9770c86d61028014dd41a
main/record_invoice/medium/50/unsupported/verify_only,main/record_invoice/medium/50,main,record_invoice,medium,50,unsupported,verify_only,1,1,1,1,1,0,0,0,0,0,0,1,0,0,3,3,0,8,f105d03897db28b0aedae7a159ab21b75872adc19ea9770c86d61028014dd41a
main/record_invoice/medium/50/unsupported/paper_literal,main/record_invoice/medium/50,main,record_invoice,medium,50,unsupported,paper_literal,1,1,1,1,1,0,0,0,0,0,0,1,0,0,3,3,0,8,f105d03897db28b0aedae7a159ab21b75872adc19ea9770c86d61028014dd41a
main/record_invoice/medium/50/unsupported/engineering,main/record_invoice/medium/50,main,record_invoice,medium,50,unsupported,engineering,1,1,1,1,1,0,0,0,0,0,0,1,0,1,3,3,0,8,f105d03897db28b0aedae7a159ab21b75872adc19ea9770c86d61028014dd41a
main/record_invoice/medium/51/supported/retry_only,main/record_invoice/medium/51,main,record_invoice,medium,51,supported,retry_only,1,1,1,1,1,0,0,0,0,0,0,1,0,0,3,3,0,8,5c283e3abff46e4678670f219164eab3ff251d42a9bcc1159fd7a201c04c1cf3
main/record_invoice/medium/51/supported/verify_only,main/record_invoice/medium/51,main,record_invoice,medium,51,supported,verify_only,1,1,1,1,1,0,0,0,0,0,0,1,0,0,3,3,0,8,5c283e3abff46e4678670f219164eab3ff251d42a9bcc1159fd7a201c04c1cf3
main/record_invoice/medium/51/supported/paper_literal,main/record_invoice/medium/51,main,record_invoice,medium,51,supported,paper_literal,1,1,1,1,1,0,0,0,0,0,0,1,0,0,3,3,0,8,5c283e3abff46e4678670f219164eab3ff251d42a9bcc1159fd7a201c04c1cf3
main/record_invoice/medium/51/supported/engineering,main/record_invoice/medium/51,main,record_invoice,medium,51,supported,engineering,1,1,1,1,1,0,0,0,0,0,0,1,0,1,3,3,0,8,5c283e3abff46e4678670f219164eab3ff251d42a9bcc1159fd7a201c04c1cf3
main/record_invoice/medium/51/unsupported/retry_only,main/record_invoice/medium/51,main,record_invoice,medium,51,unsupported,retry_only,1,1,1,1,1,0,0,0,0,0,0,1,0,0,3,3,0,8,5c283e3abff46e4678670f219164eab3ff251d42a9bcc1159fd7a201c04c1cf3
main/record_invoice/medium/51/unsupported/verify_only,main/record_invoice/medium/51,main,record_invoice,medium,51,unsupported,verify_only,1,1,1,1,1,0,0,0,0,0,0,1,0,0,3,3,0,8,5c283e3abff46e4678670f219164eab3ff251d42a9bcc1159fd7a201c04c1cf3
main/record_invoice/medium/51/unsupported/paper_literal,main/record_invoice/medium/51,main,record_invoice,medium,51,unsupported,paper_literal,1,1,1,1,1,0,0,0,0,0,0,1,0,0,3,3,0,8,5c283e3abff46e4678670f219164eab3ff251d42a9bcc1159fd7a201c04c1cf3
main/record_invoice/medium/51/unsupported/engineering,main/record_invoice/medium/51,main,record_invoice,medium,51,unsupported,engineering,1,1,1,1,1,0,0,0,0,0,0,1,0,1,3,3,0,8,5c283e3abff46e4678670f219164eab3ff251d42a9bcc1159fd7a201c04c1cf3
main/record_invoice/medium/52/supported/retry_only,main/record_invoice/medium/52,main,record_invoice,medium,52,supported,retry_only,1,1,1,0,0,1,1,0,0,1,0,2,1,0,6,6,0,8,545b1003f99eb0ef5e6a09a69c005ba875c384fd744620b2d9f002de323e875d
main/record_invoice/medium/52/supported/verify_only,main/record_invoice/medium/52,main,record_invoice,medium,52,supported,verify_only,0,1,1,1,1,0,0,1,1,0,0,1,0,1,3,3,1,8,545b1003f99eb0ef5e6a09a69c005ba875c384fd744620b2d9f002de323e875d
main/record_invoice/medium/52/supported/paper_literal,main/record_invoice/medium/52,main,record_invoice,medium,52,supported,paper_literal,0,1,1,1,1,0,0,1,1,0,0,2,1,1,3,3,1,8,545b1003f99eb0ef5e6a09a69c005ba875c384fd744620b2d9f002de323e875d
main/record_invoice/medium/52/supported/engineering,main/record_invoice/medium/52,main,record_invoice,medium,52,supported,engineering,1,1,1,1,1,0,0,0,0,0,0,2,1,3,3,3,2,8,545b1003f99eb0ef5e6a09a69c005ba875c384fd744620b2d9f002de323e875d
main/record_invoice/medium/52/unsupported/retry_only,main/record_invoice/medium/52,main,record_invoice,medium,52,unsupported,retry_only,1,1,1,0,0,1,1,0,0,1,0,2,1,0,6,6,0,8,545b1003f99eb0ef5e6a09a69c005ba875c384fd744620b2d9f002de323e875d
main/record_invoice/medium/52/unsupported/verify_only,main/record_invoice/medium/52,main,record_invoice,medium,52,unsupported,verify_only,0,1,1,1,1,0,0,1,1,0,0,1,0,1,3,3,1,8,545b1003f99eb0ef5e6a09a69c005ba875c384fd744620b2d9f002de323e875d
main/record_invoice/medium/52/unsupported/paper_literal,main/record_invoice/medium/52,main,record_invoice,medium,52,unsupported,paper_literal,0,1,1,0,0,0,0,0,0,1,0,2,1,1,6,6,1,8,545b1003f99eb0ef5e6a09a69c005ba875c384fd744620b2d9f002de323e875d
main/record_invoice/medium/52/unsupported/engineering,main/record_invoice/medium/52,main,record_invoice,medium,52,unsupported,engineering,0,1,1,0,0,0,0,0,0,1,0,2,1,3,6,6,2,8,545b1003f99eb0ef5e6a09a69c005ba875c384fd744620b2d9f002de323e875d
main/record_invoice/medium/53/supported/retry_only,main/record_invoice/medium/53,main,record_invoice,medium,53,supported,retry_only,1,1,1,1,1,0,0,0,0,0,0,1,0,0,3,3,0,8,bc00b9685b85c75928768c48ca3f42b40c20851eef2c9c1f6a2e4c0a7ff0decc
main/record_invoice/medium/53/supported/verify_only,main/record_invoice/medium/53,main,record_invoice,medium,53,supported,verify_only,1,1,1,1,1,0,0,0,0,0,0,1,0,0,3,3,0,8,bc00b9685b85c75928768c48ca3f42b40c20851eef2c9c1f6a2e4c0a7ff0decc
main/record_invoice/medium/53/supported/paper_literal,main/record_invoice/medium/53,main,record_invoice,medium,53,supported,paper_literal,1,1,1,1,1,0,0,0,0,0,0,1,0,0,3,3,0,8,bc00b9685b85c75928768c48ca3f42b40c20851eef2c9c1f6a2e4c0a7ff0decc
main/record_invoice/medium/53/supported/engineering,main/record_invoice/medium/53,main,record_invoice,medium,53,supported,engineering,1,1,1,1,1,0,0,0,0,0,0,1,0,1,3,3,0,8,bc00b9685b85c75928768c48ca3f42b40c20851eef2c9c1f6a2e4c0a7ff0decc
main/record_invoice/medium/53/unsupported/retry_only,main/record_invoice/medium/53,main,record_invoice,medium,53,unsupported,retry_only,1,1,1,1,1,0,0,0,0,0,0,1,0,0,3,3,0,8,bc00b9685b85c75928768c48ca3f42b40c20851eef2c9c1f6a2e4c0a7ff0decc
main/record_invoice/medium/53/unsupported/verify_only,main/record_invoice/medium/53,main,record_invoice,medium,53,unsupported,verify_only,1,1,1,1,1,0,0,0,0,0,0,1,0,0,3,3,0,8,bc00b9685b85c75928768c48ca3f42b40c20851eef2c9c1f6a2e4c0a7ff0decc
main/record_invoice/medium/53/unsupported/paper_literal,main/record_invoice/medium/53,main,record_invoice,medium,53,unsupported,paper_literal,1,1,1,1,1,0,0,0,0,0,0,1,0,0,3,3,0,8,bc00b9685b85c75928768c48ca3f42b40c20851eef2c9c1f6a2e4c0a7ff0decc
main/record_invoice/medium/53/unsupported/engineering,main/record_invoice/medium/53,main,record_invoice,medium,53,unsupported,engineering,1,1,1,1,1,0,0,0,0,0,0,1,0,1,3,3,0,8,bc00b9685b85c75928768c48ca3f42b40c20851eef2c9c1f6a2e4c0a7ff0decc
main/record_invoice/medium/54/supported/retry_only,main/record_invoice/medium/54,main,record_invoice,medium,54,supported,retry_only,1,1,1,0,0,1,1,0,0,1,0,2,1,0,6,6,0,8,8c53e4882a4b4cd875b13e4db04876a63e8dff59b62149a6776c48505a9341f7
main/record_invoice/medium/54/supported/verify_only,main/record_invoice/medium/54,main,record_invoice,medium,54,supported,verify_only,0,1,1,1,1,0,0,1,1,0,0,1,0,1,3,3,1,8,8c53e4882a4b4cd875b13e4db04876a63e8dff59b62149a6776c48505a9341f7
main/record_invoice/medium/54/supported/paper_literal,main/record_invoice/medium/54,main,record_invoice,medium,54,supported,paper_literal,0,1,1,1,1,0,0,1,1,0,0,2,1,1,3,3,1,8,8c53e4882a4b4cd875b13e4db04876a63e8dff59b62149a6776c48505a9341f7
main/record_invoice/medium/54/supported/engineering,main/record_invoice/medium/54,main,record_invoice,medium,54,supported,engineering,1,1,1,1,1,0,0,0,0,0,0,2,1,3,3,3,2,8,8c53e4882a4b4cd875b13e4db04876a63e8dff59b62149a6776c48505a9341f7
main/record_invoice/medium/54/unsupported/retry_only,main/record_invoice/medium/54,main,record_invoice,medium,54,unsupported,retry_only,1,1,1,0,0,1,1,0,0,1,0,2,1,0,6,6,0,8,8c53e4882a4b4cd875b13e4db04876a63e8dff59b62149a6776c48505a9341f7
main/record_invoice/medium/54/unsupported/verify_only,main/record_invoice/medium/54,main,record_invoice,medium,54,unsupported,verify_only,0,1,1,1,1,0,0,1,1,0,0,1,0,1,3,3,1,8,8c53e4882a4b4cd875b13e4db04876a63e8dff59b62149a6776c48505a9341f7
main/record_invoice/medium/54/unsupported/paper_literal,main/record_invoice/medium/54,main,record_invoice,medium,54,unsupported,paper_literal,0,1,1,0,0,0,0,0,0,1,0,2,1,1,6,6,1,8,8c53e4882a4b4cd875b13e4db04876a63e8dff59b62149a6776c48505a9341f7
main/record_invoice/medium/54/unsupported/engineering,main/record_invoice/medium/54,main,record_invoice,medium,54,unsupported,engineering,0,1,1,0,0,0,0,0,0,1,0,2,1,3,6,6,2,8,8c53e4882a4b4cd875b13e4db04876a63e8dff59b62149a6776c48505a9341f7
main/record_invoice/medium/55/supported/retry_only,main/record_invoice/medium/55,main,record_invoice,medium,55,supported,retry_only,1,1,1,0,0,1,1,0,0,1,0,2,1,0,6,6,0,8,66666e32d9334cf0f6c59af7990355a723e22a068689a2b3966109ceb809b919
main/record_invoice/medium/55/supported/verify_only,main/record_invoice/medium/55,main,record_invoice,medium,55,supported,verify_only,1,1,1,1,1,0,0,0,0,0,0,1,0,1,3,3,1,8,66666e32d9334cf0f6c59af7990355a723e22a068689a2b3966109ceb809b919
main/record_invoice/medium/55/supported/paper_literal,main/record_invoice/medium/55,main,record_invoice,medium,55,supported,paper_literal,1,1,1,1,1,0,0,0,0,0,0,1,0,1,3,3,1,8,66666e32d9334cf0f6c59af7990355a723e22a068689a2b3966109ceb809b919
main/record_invoice/medium/55/supported/engineering,main/record_invoice/medium/55,main,record_invoice,medium,55,supported,engineering,1,1,1,1,1,0,0,0,0,0,0,1,0,1,3,3,1,8,66666e32d9334cf0f6c59af7990355a723e22a068689a2b3966109ceb809b919
main/record_invoice/medium/55/unsupported/retry_only,main/record_invoice/medium/55,main,record_invoice,medium,55,unsupported,retry_only,1,1,1,0,0,1,1,0,0,1,0,2,1,0,6,6,0,8,66666e32d9334cf0f6c59af7990355a723e22a068689a2b3966109ceb809b919
main/record_invoice/medium/55/unsupported/verify_only,main/record_invoice/medium/55,main,record_invoice,medium,55,unsupported,verify_only,1,1,1,1,1,0,0,0,0,0,0,1,0,1,3,3,1,8,66666e32d9334cf0f6c59af7990355a723e22a068689a2b3966109ceb809b919
main/record_invoice/medium/55/unsupported/paper_literal,main/record_invoice/medium/55,main,record_invoice,medium,55,unsupported,paper_literal,1,1,1,1,1,0,0,0,0,0,0,1,0,1,3,3,1,8,66666e32d9334cf0f6c59af7990355a723e22a068689a2b3966109ceb809b919
main/record_invoice/medium/55/unsupported/engineering,main/record_invoice/medium/55,main,record_invoice,medium,55,unsupported,engineering,1,1,1,1,1,0,0,0,0,0,0,1,0,1,3,3,1,8,66666e32d9334cf0f6c59af7990355a723e22a068689a2b3966109ceb809b919
main/record_invoice/medium/56/supported/retry_only,main/record_invoice/medium/56,main,record_invoice,medium,56,supported,retry_only,1,1,1,1,1,0,0,0,0,0,0,1,0,0,3,3,0,8,ebfa596ada4f79e8176da32acb16b043fc61da257dad0f5b51cfcc2cf7abe8ac
main/record_invoice/medium/56/supported/verify_only,main/record_invoice/medium/56,main,record_invoice,medium,56,supported,verify_only,1,1,1,1,1,0,0,0,0,0,0,1,0,0,3,3,0,8,ebfa596ada4f79e8176da32acb16b043fc61da257dad0f5b51cfcc2cf7abe8ac
main/record_invoice/medium/56/supported/paper_literal,main/record_invoice/medium/56,main,record_invoice,medium,56,supported,paper_literal,1,1,1,1,1,0,0,0,0,0,0,1,0,0,3,3,0,8,ebfa596ada4f79e8176da32acb16b043fc61da257dad0f5b51cfcc2cf7abe8ac
main/record_invoice/medium/56/supported/engineering,main/record_invoice/medium/56,main,record_invoice,medium,56,supported,engineering,1,1,1,1,1,0,0,0,0,0,0,1,0,1,3,3,0,8,ebfa596ada4f79e8176da32acb16b043fc61da257dad0f5b51cfcc2cf7abe8ac
main/record_invoice/medium/56/unsupported/retry_only,main/record_invoice/medium/56,main,record_invoice,medium,56,unsupported,retry_only,1,1,1,1,1,0,0,0,0,0,0,1,0,0,3,3,0,8,ebfa596ada4f79e8176da32acb16b043fc61da257dad0f5b51cfcc2cf7abe8ac
main/record_invoice/medium/56/unsupported/verify_only,main/record_invoice/medium/56,main,record_invoice,medium,56,unsupported,verify_only,1,1,1,1,1,0,0,0,0,0,0,1,0,0,3,3,0,8,ebfa596ada4f79e8176da32acb16b043fc61da257dad0f5b51cfcc2cf7abe8ac
main/record_invoice/medium/56/unsupported/paper_literal,main/record_invoice/medium/56,main,record_invoice,medium,56,unsupported,paper_literal,1,1,1,1,1,0,0,0,0,0,0,1,0,0,3,3,0,8,ebfa596ada4f79e8176da32acb16b043fc61da257dad0f5b51cfcc2cf7abe8ac
main/record_invoice/medium/56/unsupported/engineering,main/record_invoice/medium/56,main,record_invoice,medium,56,unsupported,engineering,1,1,1,1,1,0,0,0,0,0,0,1,0,1,3,3,0,8,ebfa596ada4f79e8176da32acb16b043fc61da257dad0f5b51cfcc2cf7abe8ac
main/record_invoice/medium/57/supported/retry_only,main/record_invoice/medium/57,main,record_invoice,medium,57,supported,retry_only,1,1,1,0,0,1,1,0,0,1,0,2,1,0,5,5,0,8,3d4baa66dda7b1024deeb76b907da483c40a1d22064ac19d69f8f947d984e336
main/record_invoice/medium/57/supported/verify_only,main/record_invoice/medium/57,main,record_invoice,medium,57,supported,verify_only,1,0,0,0,0,1,1,0,0,0,1,1,0,1,2,2,1,8,3d4baa66dda7b1024deeb76b907da483c40a1d22064ac19d69f8f947d984e336
main/record_invoice/medium/57/supported/paper_literal,main/record_invoice/medium/57,main,record_invoice,medium,57,supported,paper_literal,1,0,0,0,0,1,1,0,0,0,1,1,0,1,2,2,1,8,3d4baa66dda7b1024deeb76b907da483c40a1d22064ac19d69f8f947d984e336
main/record_invoice/medium/57/supported/engineering,main/record_invoice/medium/57,main,record_invoice,medium,57,supported,engineering,1,1,1,1,1,0,0,0,0,0,0,2,1,2,3,3,1,8,3d4baa66dda7b1024deeb76b907da483c40a1d22064ac19d69f8f947d984e336
main/record_invoice/medium/57/unsupported/retry_only,main/record_invoice/medium/57,main,record_invoice,medium,57,unsupported,retry_only,1,1,1,0,0,1,1,0,0,1,0,2,1,0,5,5,0,8,3d4baa66dda7b1024deeb76b907da483c40a1d22064ac19d69f8f947d984e336
main/record_invoice/medium/57/unsupported/verify_only,main/record_invoice/medium/57,main,record_invoice,medium,57,unsupported,verify_only,1,0,0,0,0,1,1,0,0,0,1,1,0,1,2,2,1,8,3d4baa66dda7b1024deeb76b907da483c40a1d22064ac19d69f8f947d984e336
main/record_invoice/medium/57/unsupported/paper_literal,main/record_invoice/medium/57,main,record_invoice,medium,57,unsupported,paper_literal,1,0,0,0,0,1,1,0,0,0,1,1,0,1,2,2,1,8,3d4baa66dda7b1024deeb76b907da483c40a1d22064ac19d69f8f947d984e336
main/record_invoice/medium/57/unsupported/engineering,main/record_invoice/medium/57,main,record_invoice,medium,57,unsupported,engineering,0,1,1,0,0,0,0,0,0,1,0,2,1,3,5,5,2,8,3d4baa66dda7b1024deeb76b907da483c40a1d22064ac19d69f8f947d984e336
main/record_invoice/medium/58/supported/retry_only,main/record_invoice/medium/58,main,record_invoice,medium,58,supported,retry_only,1,1,1,1,1,0,0,0,0,0,0,1,0,0,3,3,0,8,e617c9ce48e194e14ad24f99a07592f2a6b66341d89868f094dd7a25614fa0e0
main/record_invoice/medium/58/supported/verify_only,main/record_invoice/medium/58,main,record_invoice,medium,58,supported,verify_only,1,1,1,1,1,0,0,0,0,0,0,1,0,0,3,3,0,8,e617c9ce48e194e14ad24f99a07592f2a6b66341d89868f094dd7a25614fa0e0
main/record_invoice/medium/58/supported/paper_literal,main/record_invoice/medium/58,main,record_invoice,medium,58,supported,paper_literal,1,1,1,1,1,0,0,0,0,0,0,1,0,0,3,3,0,8,e617c9ce48e194e14ad24f99a07592f2a6b66341d89868f094dd7a25614fa0e0
main/record_invoice/medium/58/supported/engineering,main/record_invoice/medium/58,main,record_invoice,medium,58,supported,engineering,1,1,1,1,1,0,0,0,0,0,0,1,0,1,3,3,0,8,e617c9ce48e194e14ad24f99a07592f2a6b66341d89868f094dd7a25614fa0e0
main/record_invoice/medium/58/unsupported/retry_only,main/record_invoice/medium/58,main,record_invoice,medium,58,unsupported,retry_only,1,1,1,1,1,0,0,0,0,0,0,1,0,0,3,3,0,8,e617c9ce48e194e14ad24f99a07592f2a6b66341d89868f094dd7a25614fa0e0
main/record_invoice/medium/58/unsupported/verify_only,main/record_invoice/medium/58,main,record_invoice,medium,58,unsupported,verify_only,1,1,1,1,1,0,0,0,0,0,0,1,0,0,3,3,0,8,e617c9ce48e194e14ad24f99a07592f2a6b66341d89868f094dd7a25614fa0e0
main/record_invoice/medium/58/unsupported/paper_literal,main/record_invoice/medium/58,main,record_invoice,medium,58,unsupported,paper_literal,1,1,1,1,1,0,0,0,0,0,0,1,0,0,3,3,0,8,e617c9ce48e194e14ad24f99a07592f2a6b66341d89868f094dd7a25614fa0e0
main/record_invoice/medium/58/unsupported/engineering,main/record_invoice/medium/58,main,record_invoice,medium,58,unsupported,engineering,1,1,1,1,1,0,0,0,0,0,0,1,0,1,3,3,0,8,e617c9ce48e194e14ad24f99a07592f2a6b66341d89868f094dd7a25614fa0e0
main/record_invoice/medium/59/supported/retry_only,main/record_invoice/medium/59,main,record_invoice,medium,59,supported,retry_only,0,0,0,0,0,0,0,0,0,0,3,2,1,0,0,0,0,8,6ca041dc949d6a51dea9893f893b47edb593b54fd63d7ddca6c1bbfe0241d057
main/record_invoice/medium/59/supported/verify_only,main/record_invoice/medium/59,main,record_invoice,medium,59,supported,verify_only,0,0,0,0,0,0,0,0,0,0,3,1,0,0,0,0,0,8,6ca041dc949d6a51dea9893f893b47edb593b54fd63d7ddca6c1bbfe0241d057
main/record_invoice/medium/59/supported/paper_literal,main/record_invoice/medium/59,main,record_invoice,medium,59,supported,paper_literal,0,0,0,0,0,0,0,0,0,0,3,1,0,0,0,0,0,8,6ca041dc949d6a51dea9893f893b47edb593b54fd63d7ddca6c1bbfe0241d057
main/record_invoice/medium/59/supported/engineering,main/record_invoice/medium/59,main,record_invoice,medium,59,supported,engineering,0,0,0,0,0,0,0,0,0,0,3,1,0,0,0,0,0,8,6ca041dc949d6a51dea9893f893b47edb593b54fd63d7ddca6c1bbfe0241d057
main/record_invoice/medium/59/unsupported/retry_only,main/record_invoice/medium/59,main,record_invoice,medium,59,unsupported,retry_only,0,0,0,0,0,0,0,0,0,0,3,2,1,0,0,0,0,8,6ca041dc949d6a51dea9893f893b47edb593b54fd63d7ddca6c1bbfe0241d057
main/record_invoice/medium/59/unsupported/verify_only,main/record_invoice/medium/59,main,record_invoice,medium,59,unsupported,verify_only,0,0,0,0,0,0,0,0,0,0,3,1,0,0,0,0,0,8,6ca041dc949d6a51dea9893f893b47edb593b54fd63d7ddca6c1bbfe0241d057
main/record_invoice/medium/59/unsupported/paper_literal,main/record_invoice/medium/59,main,record_invoice,medium,59,unsupported,paper_literal,0,0,0,0,0,0,0,0,0,0,3,1,0,0,0,0,0,8,6ca041dc949d6a51dea9893f893b47edb593b54fd63d7ddca6c1bbfe0241d057
main/record_invoice/medium/59/unsupported/engineering,main/record_invoice/medium/59,main,record_invoice,medium,59,unsupported,engineering,0,0,0,0,0,0,0,0,0,0,3,1,0,0,0,0,0,8,6ca041dc949d6a51dea9893f893b47edb593b54fd63d7ddca6c1bbfe0241d057
main/record_invoice/medium/60/supported/retry_only,main/record_invoice/medium/60,main,record_invoice,medium,60,supported,retry_only,1,1,1,1,1,0,0,0,0,0,0,1,0,0,3,3,0,8,0ef8f5eebd46da4af08d99a315073be5af4cf005660d2e1503e2be92eb3d3d4d
main/record_invoice/medium/60/supported/verify_only,main/record_invoice/medium/60,main,record_invoice,medium,60,supported,verify_only,1,1,1,1,1,0,0,0,0,0,0,1,0,0,3,3,0,8,0ef8f5eebd46da4af08d99a315073be5af4cf005660d2e1503e2be92eb3d3d4d
main/record_invoice/medium/60/supported/paper_literal,main/record_invoice/medium/60,main,record_invoice,medium,60,supported,paper_literal,1,1,1,1,1,0,0,0,0,0,0,1,0,0,3,3,0,8,0ef8f5eebd46da4af08d99a315073be5af4cf005660d2e1503e2be92eb3d3d4d
main/record_invoice/medium/60/supported/engineering,main/record_invoice/medium/60,main,record_invoice,medium,60,supported,engineering,1,1,1,1,1,0,0,0,0,0,0,1,0,1,3,3,0,8,0ef8f5eebd46da4af08d99a315073be5af4cf005660d2e1503e2be92eb3d3d4d
main/record_invoice/medium/60/unsupported/retry_only,main/record_invoice/medium/60,main,record_invoice,medium,60,unsupported,retry_only,1,1,1,1,1,0,0,0,0,0,0,1,0,0,3,3,0,8,0ef8f5eebd46da4af08d99a315073be5af4cf005660d2e1503e2be92eb3d3d4d
main/record_invoice/medium/60/unsupported/verify_only,main/record_invoice/medium/60,main,record_invoice,medium,60,unsupported,verify_only,1,1,1,1,1,0,0,0,0,0,0,1,0,0,3,3,0,8,0ef8f5eebd46da4af08d99a315073be5af4cf005660d2e1503e2be92eb3d3d4d
main/record_invoice/medium/60/unsupported/paper_literal,main/record_invoice/medium/60,main,record_invoice,medium,60,unsupported,paper_literal,1,1,1,1,1,0,0,0,0,0,0,1,0,0,3,3,0,8,0ef8f5eebd46da4af08d99a315073be5af4cf005660d2e1503e2be92eb3d3d4d
main/record_invoice/medium/60/unsupported/engineering,main/record_invoice/medium/60,main,record_invoice,medium,60,unsupported,engineering,1,1,1,1,1,0,0,0,0,0,0,1,0,1,3,3,0,8,0ef8f5eebd46da4af08d99a315073be5af4cf005660d2e1503e2be92eb3d3d4d
main/record_invoice/medium/61/supported/retry_only,main/record_invoice/medium/61,main,record_invoice,medium,61,supported,retry_only,1,1,1,1,1,0,0,0,0,0,0,1,0,0,3,3,0,8,e3a220840d966d8a48485b5d0ee688ba2bf25387649c28a5d609eb74a552e3df
main/record_invoice/medium/61/supported/verify_only,main/record_invoice/medium/61,main,record_invoice,medium,61,supported,verify_only,1,1,1,1,1,0,0,0,0,0,0,1,0,0,3,3,0,8,e3a220840d966d8a48485b5d0ee688ba2bf25387649c28a5d609eb74a552e3df
main/record_invoice/medium/61/supported/paper_literal,main/record_invoice/medium/61,main,record_invoice,medium,61,supported,paper_literal,1,1,1,1,1,0,0,0,0,0,0,1,0,0,3,3,0,8,e3a220840d966d8a48485b5d0ee688ba2bf25387649c28a5d609eb74a552e3df
main/record_invoice/medium/61/supported/engineering,main/record_invoice/medium/61,main,record_invoice,medium,61,supported,engineering,1,1,1,1,1,0,0,0,0,0,0,1,0,1,3,3,0,8,e3a220840d966d8a48485b5d0ee688ba2bf25387649c28a5d609eb74a552e3df
main/record_invoice/medium/61/unsupported/retry_only,main/record_invoice/medium/61,main,record_invoice,medium,61,unsupported,retry_only,1,1,1,1,1,0,0,0,0,0,0,1,0,0,3,3,0,8,e3a220840d966d8a48485b5d0ee688ba2bf25387649c28a5d609eb74a552e3df
main/record_invoice/medium/61/unsupported/verify_only,main/record_invoice/medium/61,main,record_invoice,medium,61,unsupported,verify_only,1,1,1,1,1,0,0,0,0,0,0,1,0,0,3,3,0,8,e3a220840d966d8a48485b5d0ee688ba2bf25387649c28a5d609eb74a552e3df
main/record_invoice/medium/61/unsupported/paper_literal,main/record_invoice/medium/61,main,record_invoice,medium,61,unsupported,paper_literal,1,1,1,1,1,0,0,0,0,0,0,1,0,0,3,3,0,8,e3a220840d966d8a48485b5d0ee688ba2bf25387649c28a5d609eb74a552e3df
main/record_invoice/medium/61/unsupported/engineering,main/record_invoice/medium/61,main,record_invoice,medium,61,unsupported,engineering,1,1,1,1,1,0,0,0,0,0,0,1,0,1,3,3,0,8,e3a220840d966d8a48485b5d0ee688ba2bf25387649c28a5d609eb74a552e3df
main/record_invoice/medium/62/supported/retry_only,main/record_invoice/medium/62,main,record_invoice,medium,62,supported,retry_only,1,1,1,1,1,0,0,0,0,0,0,1,0,0,3,3,0,8,4c4130682fd490414cf92b94cfe9184fc9e3b139fa7b0a18fde4b3d4f9247b71
main/record_invoice/medium/62/supported/verify_only,main/record_invoice/medium/62,main,record_invoice,medium,62,supported,verify_only,1,1,1,1,1,0,0,0,0,0,0,1,0,0,3,3,0,8,4c4130682fd490414cf92b94cfe9184fc9e3b139fa7b0a18fde4b3d4f9247b71
main/record_invoice/medium/62/supported/paper_literal,main/record_invoice/medium/62,main,record_invoice,medium,62,supported,paper_literal,1,1,1,1,1,0,0,0,0,0,0,1,0,0,3,3,0,8,4c4130682fd490414cf92b94cfe9184fc9e3b139fa7b0a18fde4b3d4f9247b71
main/record_invoice/medium/62/supported/engineering,main/record_invoice/medium/62,main,record_invoice,medium,62,supported,engineering,1,1,1,1,1,0,0,0,0,0,0,1,0,1,3,3,0,8,4c4130682fd490414cf92b94cfe9184fc9e3b139fa7b0a18fde4b3d4f9247b71
main/record_invoice/medium/62/unsupported/retry_only,main/record_invoice/medium/62,main,record_invoice,medium,62,unsupported,retry_only,1,1,1,1,1,0,0,0,0,0,0,1,0,0,3,3,0,8,4c4130682fd490414cf92b94cfe9184fc9e3b139fa7b0a18fde4b3d4f9247b71
main/record_invoice/medium/62/unsupported/verify_only,main/record_invoice/medium/62,main,record_invoice,medium,62,unsupported,verify_only,1,1,1,1,1,0,0,0,0,0,0,1,0,0,3,3,0,8,4c4130682fd490414cf92b94cfe9184fc9e3b139fa7b0a18fde4b3d4f9247b71
main/record_invoice/medium/62/unsupported/paper_literal,main/record_invoice/medium/62,main,record_invoice,medium,62,unsupported,paper_literal,1,1,1,1,1,0,0,0,0,0,0,1,0,0,3,3,0,8,4c4130682fd490414cf92b94cfe9184fc9e3b139fa7b0a18fde4b3d4f9247b71
main/record_invoice/medium/62/unsupported/engineering,main/record_invoice/medium/62,main,record_invoice,medium,62,unsupported,engineering,1,1,1,1,1,0,0,0,0,0,0,1,0,1,3,3,0,8,4c4130682fd490414cf92b94cfe9184fc9e3b139fa7b0a18fde4b3d4f9247b71
main/record_invoice/medium/63/supported/retry_only,main/record_invoice/medium/63,main,record_invoice,medium,63,supported,retry_only,1,1,1,1,1,0,0,0,0,0,0,1,0,0,3,3,0,8,2d10c1aee5c78d6d18568e02d3a1e73fbe440841bcd6501b7ea1edd64cf0afdf
main/record_invoice/medium/63/supported/verify_only,main/record_invoice/medium/63,main,record_invoice,medium,63,supported,verify_only,1,1,1,1,1,0,0,0,0,0,0,1,0,0,3,3,0,8,2d10c1aee5c78d6d18568e02d3a1e73fbe440841bcd6501b7ea1edd64cf0afdf
main/record_invoice/medium/63/supported/paper_literal,main/record_invoice/medium/63,main,record_invoice,medium,63,supported,paper_literal,1,1,1,1,1,0,0,0,0,0,0,1,0,0,3,3,0,8,2d10c1aee5c78d6d18568e02d3a1e73fbe440841bcd6501b7ea1edd64cf0afdf
main/record_invoice/medium/63/supported/engineering,main/record_invoice/medium/63,main,record_invoice,medium,63,supported,engineering,1,1,1,1,1,0,0,0,0,0,0,1,0,1,3,3,0,8,2d10c1aee5c78d6d18568e02d3a1e73fbe440841bcd6501b7ea1edd64cf0afdf
main/record_invoice/medium/63/unsupported/retry_only,main/record_invoice/medium/63,main,record_invoice,medium,63,unsupported,retry_only,1,1,1,1,1,0,0,0,0,0,0,1,0,0,3,3,0,8,2d10c1aee5c78d6d18568e02d3a1e73fbe440841bcd6501b7ea1edd64cf0afdf
main/record_invoice/medium/63/unsupported/verify_only,main/record_invoice/medium/63,main,record_invoice,medium,63,unsupported,verify_only,1,1,1,1,1,0,0,0,0,0,0,1,0,0,3,3,0,8,2d10c1aee5c78d6d18568e02d3a1e73fbe440841bcd6501b7ea1edd64cf0afdf
main/record_invoice/medium/63/unsupported/paper_literal,main/record_invoice/medium/63,main,record_invoice,medium,63,unsupported,paper_literal,1,1,1,1,1,0,0,0,0,0,0,1,0,0,3,3,0,8,2d10c1aee5c78d6d18568e02d3a1e73fbe440841bcd6501b7ea1edd64cf0afdf
main/record_invoice/medium/63/unsupported/engineering,main/record_invoice/medium/63,main,record_invoice,medium,63,unsupported,engineering,1,1,1,1,1,0,0,0,0,0,0,1,0,1,3,3,0,8,2d10c1aee5c78d6d18568e02d3a1e73fbe440841bcd6501b7ea1edd64cf0afdf
main/record_invoice/medium/64/supported/retry_only,main/record_invoice/medium/64,main,record_invoice,medium,64,supported,retry_only,1,1,1,1,1,0,0,0,0,0,0,1,0,0,3,3,0,8,c5792d78402242c3141d98b36a380846a7068d9f482443f565d307e9b8c01fa0
main/record_invoice/medium/64/supported/verify_only,main/record_invoice/medium/64,main,record_invoice,medium,64,supported,verify_only,1,1,1,1,1,0,0,0,0,0,0,1,0,0,3,3,0,8,c5792d78402242c3141d98b36a380846a7068d9f482443f565d307e9b8c01fa0
main/record_invoice/medium/64/supported/paper_literal,main/record_invoice/medium/64,main,record_invoice,medium,64,supported,paper_literal,1,1,1,1,1,0,0,0,0,0,0,1,0,0,3,3,0,8,c5792d78402242c3141d98b36a380846a7068d9f482443f565d307e9b8c01fa0
main/record_invoice/medium/64/supported/engineering,main/record_invoice/medium/64,main,record_invoice,medium,64,supported,engineering,1,1,1,1,1,0,0,0,0,0,0,1,0,1,3,3,0,8,c5792d78402242c3141d98b36a380846a7068d9f482443f565d307e9b8c01fa0
main/record_invoice/medium/64/unsupported/retry_only,main/record_invoice/medium/64,main,record_invoice,medium,64,unsupported,retry_only,1,1,1,1,1,0,0,0,0,0,0,1,0,0,3,3,0,8,c5792d78402242c3141d98b36a380846a7068d9f482443f565d307e9b8c01fa0
main/record_invoice/medium/64/unsupported/verify_only,main/record_invoice/medium/64,main,record_invoice,medium,64,unsupported,verify_only,1,1,1,1,1,0,0,0,0,0,0,1,0,0,3,3,0,8,c5792d78402242c3141d98b36a380846a7068d9f482443f565d307e9b8c01fa0
main/record_invoice/medium/64/unsupported/paper_literal,main/record_invoice/medium/64,main,record_invoice,medium,64,unsupported,paper_literal,1,1,1,1,1,0,0,0,0,0,0,1,0,0,3,3,0,8,c5792d78402242c3141d98b36a380846a7068d9f482443f565d307e9b8c01fa0
main/record_invoice/medium/64/unsupported/engineering,main/record_invoice/medium/64,main,record_invoice,medium,64,unsupported,engineering,1,1,1,1,1,0,0,0,0,0,0,1,0,1,3,3,0,8,c5792d78402242c3141d98b36a380846a7068d9f482443f565d307e9b8c01fa0
main/record_invoice/medium/65/supported/retry_only,main/record_invoice/medium/65,main,record_invoice,medium,65,supported,retry_only,1,1,1,1,1,0,0,0,0,0,0,1,0,0,3,3,0,8,963c833791d82f959dfd42583fb183bf18a13f2cbafc256b72369d626f0f7612
main/record_invoice/medium/65/supported/verify_only,main/record_invoice/medium/65,main,record_invoice,medium,65,supported,verify_only,1,1,1,1,1,0,0,0,0,0,0,1,0,0,3,3,0,8,963c833791d82f959dfd42583fb183bf18a13f2cbafc256b72369d626f0f7612
main/record_invoice/medium/65/supported/paper_literal,main/record_invoice/medium/65,main,record_invoice,medium,65,supported,paper_literal,1,1,1,1,1,0,0,0,0,0,0,1,0,0,3,3,0,8,963c833791d82f959dfd42583fb183bf18a13f2cbafc256b72369d626f0f7612
main/record_invoice/medium/65/supported/engineering,main/record_invoice/medium/65,main,record_invoice,medium,65,supported,engineering,1,1,1,1,1,0,0,0,0,0,0,1,0,1,3,3,0,8,963c833791d82f959dfd42583fb183bf18a13f2cbafc256b72369d626f0f7612
main/record_invoice/medium/65/unsupported/retry_only,main/record_invoice/medium/65,main,record_invoice,medium,65,unsupported,retry_only,1,1,1,1,1,0,0,0,0,0,0,1,0,0,3,3,0,8,963c833791d82f959dfd42583fb183bf18a13f2cbafc256b72369d626f0f7612
main/record_invoice/medium/65/unsupported/verify_only,main/record_invoice/medium/65,main,record_invoice,medium,65,unsupported,verify_only,1,1,1,1,1,0,0,0,0,0,0,1,0,0,3,3,0,8,963c833791d82f959dfd42583fb183bf18a13f2cbafc256b72369d626f0f7612
main/record_invoice/medium/65/unsupported/paper_literal,main/record_invoice/medium/65,main,record_invoice,medium,65,unsupported,paper_literal,1,1,1,1,1,0,0,0,0,0,0,1,0,0,3,3,0,8,963c833791d82f959dfd42583fb183bf18a13f2cbafc256b72369d626f0f7612
main/record_invoice/medium/65/unsupported/engineering,main/record_invoice/medium/65,main,record_invoice,medium,65,unsupported,engineering,1,1,1,1,1,0,0,0,0,0,0,1,0,1,3,3,0,8,963c833791d82f959dfd42583fb183bf18a13f2cbafc256b72369d626f0f7612
main/record_invoice/medium/66/supported/retry_only,main/record_invoice/medium/66,main,record_invoice,medium,66,supported,retry_only,1,1,1,0,0,1,1,0,0,1,0,2,1,0,6,6,0,8,44cad5d95bba351cb0a4b0a6f99d0a1efbebe950821288f6cebeb0f8646fa0ec
main/record_invoice/medium/66/supported/verify_only,main/record_invoice/medium/66,main,record_invoice,medium,66,supported,verify_only,1,1,1,1,1,0,0,0,0,0,0,1,0,1,3,3,1,8,44cad5d95bba351cb0a4b0a6f99d0a1efbebe950821288f6cebeb0f8646fa0ec
main/record_invoice/medium/66/supported/paper_literal,main/record_invoice/medium/66,main,record_invoice,medium,66,supported,paper_literal,1,1,1,1,1,0,0,0,0,0,0,1,0,1,3,3,1,8,44cad5d95bba351cb0a4b0a6f99d0a1efbebe950821288f6cebeb0f8646fa0ec
main/record_invoice/medium/66/supported/engineering,main/record_invoice/medium/66,main,record_invoice,medium,66,supported,engineering,1,1,1,1,1,0,0,0,0,0,0,1,0,1,3,3,1,8,44cad5d95bba351cb0a4b0a6f99d0a1efbebe950821288f6cebeb0f8646fa0ec
main/record_invoice/medium/66/unsupported/retry_only,main/record_invoice/medium/66,main,record_invoice,medium,66,unsupported,retry_only,1,1,1,0,0,1,1,0,0,1,0,2,1,0,6,6,0,8,44cad5d95bba351cb0a4b0a6f99d0a1efbebe950821288f6cebeb0f8646fa0ec
main/record_invoice/medium/66/unsupported/verify_only,main/record_invoice/medium/66,main,record_invoice,medium,66,unsupported,verify_only,1,1,1,1,1,0,0,0,0,0,0,1,0,1,3,3,1,8,44cad5d95bba351cb0a4b0a6f99d0a1efbebe950821288f6cebeb0f8646fa0ec
main/record_invoice/medium/66/unsupported/paper_literal,main/record_invoice/medium/66,main,record_invoice,medium,66,unsupported,paper_literal,1,1,1,1,1,0,0,0,0,0,0,1,0,1,3,3,1,8,44cad5d95bba351cb0a4b0a6f99d0a1efbebe950821288f6cebeb0f8646fa0ec
main/record_invoice/medium/66/unsupported/engineering,main/record_invoice/medium/66,main,record_invoice,medium,66,unsupported,engineering,1,1,1,1,1,0,0,0,0,0,0,1,0,1,3,3,1,8,44cad5d95bba351cb0a4b0a6f99d0a1efbebe950821288f6cebeb0f8646fa0ec
main/record_invoice/high/42/supported/retry_only,main/record_invoice/high/42,main,record_invoice,high,42,supported,retry_only,0,1,1,1,1,0,0,1,1,0,0,2,1,0,3,3,0,8,4b1e14c84ef6b2ee4357b34044d14fd5513bc73790c6bff19adbb8de0c0b2b46
main/record_invoice/high/42/supported/verify_only,main/record_invoice/high/42,main,record_invoice,high,42,supported,verify_only,0,1,1,1,1,0,0,1,1,0,0,1,0,1,3,3,1,8,4b1e14c84ef6b2ee4357b34044d14fd5513bc73790c6bff19adbb8de0c0b2b46
main/record_invoice/high/42/supported/paper_literal,main/record_invoice/high/42,main,record_invoice,high,42,supported,paper_literal,0,1,1,1,1,0,0,1,1,0,0,2,1,1,3,3,1,8,4b1e14c84ef6b2ee4357b34044d14fd5513bc73790c6bff19adbb8de0c0b2b46
main/record_invoice/high/42/supported/engineering,main/record_invoice/high/42,main,record_invoice,high,42,supported,engineering,0,1,1,1,1,0,0,1,1,0,0,2,1,1,3,3,1,8,4b1e14c84ef6b2ee4357b34044d14fd5513bc73790c6bff19adbb8de0c0b2b46
main/record_invoice/high/42/unsupported/retry_only,main/record_invoice/high/42,main,record_invoice,high,42,unsupported,retry_only,0,1,1,1,1,0,0,1,1,0,0,2,1,0,3,3,0,8,4b1e14c84ef6b2ee4357b34044d14fd5513bc73790c6bff19adbb8de0c0b2b46
main/record_invoice/high/42/unsupported/verify_only,main/record_invoice/high/42,main,record_invoice,high,42,unsupported,verify_only,0,1,1,1,1,0,0,1,1,0,0,1,0,1,3,3,1,8,4b1e14c84ef6b2ee4357b34044d14fd5513bc73790c6bff19adbb8de0c0b2b46
main/record_invoice/high/42/unsupported/paper_literal,main/record_invoice/high/42,main,record_invoice,high,42,unsupported,paper_literal,0,1,1,1,1,0,0,1,1,0,0,2,1,1,3,3,1,8,4b1e14c84ef6b2ee4357b34044d14fd5513bc73790c6bff19adbb8de0c0b2b46
main/record_invoice/high/42/unsupported/engineering,main/record_invoice/high/42,main,record_invoice,high,42,unsupported,engineering,0,1,1,1,1,0,0,1,1,0,0,2,1,1,3,3,1,8,4b1e14c84ef6b2ee4357b34044d14fd5513bc73790c6bff19adbb8de0c0b2b46
main/record_invoice/high/43/supported/retry_only,main/record_invoice/high/43,main,record_invoice,high,43,supported,retry_only,1,1,1,0,0,1,1,0,0,1,0,2,1,0,5,5,0,8,dcdac57fe2c859a6632759c1677d72a443d6c2b40a5ce52911d91778867b9100
main/record_invoice/high/43/supported/verify_only,main/record_invoice/high/43,main,record_invoice,high,43,supported,verify_only,1,0,0,0,0,1,1,0,0,0,1,1,0,1,2,2,1,8,dcdac57fe2c859a6632759c1677d72a443d6c2b40a5ce52911d91778867b9100
main/record_invoice/high/43/supported/paper_literal,main/record_invoice/high/43,main,record_invoice,high,43,supported,paper_literal,1,0,0,0,0,1,1,0,0,0,1,1,0,1,2,2,1,8,dcdac57fe2c859a6632759c1677d72a443d6c2b40a5ce52911d91778867b9100
main/record_invoice/high/43/supported/engineering,main/record_invoice/high/43,main,record_invoice,high,43,supported,engineering,1,1,1,1,1,0,0,0,0,0,0,2,1,2,3,3,1,8,dcdac57fe2c859a6632759c1677d72a443d6c2b40a5ce52911d91778867b9100
main/record_invoice/high/43/unsupported/retry_only,main/record_invoice/high/43,main,record_invoice,high,43,unsupported,retry_only,1,1,1,0,0,1,1,0,0,1,0,2,1,0,5,5,0,8,dcdac57fe2c859a6632759c1677d72a443d6c2b40a5ce52911d91778867b9100
main/record_invoice/high/43/unsupported/verify_only,main/record_invoice/high/43,main,record_invoice,high,43,unsupported,verify_only,1,0,0,0,0,1,1,0,0,0,1,1,0,1,2,2,1,8,dcdac57fe2c859a6632759c1677d72a443d6c2b40a5ce52911d91778867b9100
main/record_invoice/high/43/unsupported/paper_literal,main/record_invoice/high/43,main,record_invoice,high,43,unsupported,paper_literal,1,0,0,0,0,1,1,0,0,0,1,1,0,1,2,2,1,8,dcdac57fe2c859a6632759c1677d72a443d6c2b40a5ce52911d91778867b9100
main/record_invoice/high/43/unsupported/engineering,main/record_invoice/high/43,main,record_invoice,high,43,unsupported,engineering,0,1,1,0,0,0,0,0,0,1,0,2,1,3,5,5,2,8,dcdac57fe2c859a6632759c1677d72a443d6c2b40a5ce52911d91778867b9100
main/record_invoice/high/44/supported/retry_only,main/record_invoice/high/44,main,record_invoice,high,44,supported,retry_only,1,1,1,1,1,0,0,0,0,0,0,1,0,0,3,3,0,8,2af845843a9c8ddc2326b96cb522d9bd096285e138f118e7d2fa5e9e0b35b1b7
main/record_invoice/high/44/supported/verify_only,main/record_invoice/high/44,main,record_invoice,high,44,supported,verify_only,1,1,1,1,1,0,0,0,0,0,0,1,0,0,3,3,0,8,2af845843a9c8ddc2326b96cb522d9bd096285e138f118e7d2fa5e9e0b35b1b7
main/record_invoice/high/44/supported/paper_literal,main/record_invoice/high/44,main,record_invoice,high,44,supported,paper_literal,1,1,1,1,1,0,0,0,0,0,0,1,0,0,3,3,0,8,2af845843a9c8ddc2326b96cb522d9bd096285e138f118e7d2fa5e9e0b35b1b7
main/record_invoice/high/44/supported/engineering,main/record_invoice/high/44,main,record_invoice,high,44,supported,engineering,1,1,1,1,1,0,0,0,0,0,0,1,0,1,3,3,0,8,2af845843a9c8ddc2326b96cb522d9bd096285e138f118e7d2fa5e9e0b35b1b7
main/record_invoice/high/44/unsupported/retry_only,main/record_invoice/high/44,main,record_invoice,high,44,unsupported,retry_only,1,1,1,1,1,0,0,0,0,0,0,1,0,0,3,3,0,8,2af845843a9c8ddc2326b96cb522d9bd096285e138f118e7d2fa5e9e0b35b1b7
main/record_invoice/high/44/unsupported/verify_only,main/record_invoice/high/44,main,record_invoice,high,44,unsupported,verify_only,1,1,1,1,1,0,0,0,0,0,0,1,0,0,3,3,0,8,2af845843a9c8ddc2326b96cb522d9bd096285e138f118e7d2fa5e9e0b35b1b7
main/record_invoice/high/44/unsupported/paper_literal,main/record_invoice/high/44,main,record_invoice,high,44,unsupported,paper_literal,1,1,1,1,1,0,0,0,0,0,0,1,0,0,3,3,0,8,2af845843a9c8ddc2326b96cb522d9bd096285e138f118e7d2fa5e9e0b35b1b7
main/record_invoice/high/44/unsupported/engineering,main/record_invoice/high/44,main,record_invoice,high,44,unsupported,engineering,1,1,1,1,1,0,0,0,0,0,0,1,0,1,3,3,0,8,2af845843a9c8ddc2326b96cb522d9bd096285e138f118e7d2fa5e9e0b35b1b7
main/record_invoice/high/45/supported/retry_only,main/record_invoice/high/45,main,record_invoice,high,45,supported,retry_only,0,1,1,0,0,0,0,0,0,1,0,2,1,0,5,5,0,8,104cfa2810e4518081d6c20ed244de53fb720a3e69934baad4b8ea5954c6f0ff
main/record_invoice/high/45/supported/verify_only,main/record_invoice/high/45,main,record_invoice,high,45,supported,verify_only,1,0,0,0,0,1,1,0,0,0,1,1,0,1,2,2,1,8,104cfa2810e4518081d6c20ed244de53fb720a3e69934baad4b8ea5954c6f0ff
main/record_invoice/high/45/supported/paper_literal,main/record_invoice/high/45,main,record_invoice,high,45,supported,paper_literal,1,0,0,0,0,1,1,0,0,0,1,1,0,1,2,2,1,8,104cfa2810e4518081d6c20ed244de53fb720a3e69934baad4b8ea5954c6f0ff
main/record_invoice/high/45/supported/engineering,main/record_invoice/high/45,main,record_invoice,high,45,supported,engineering,1,1,1,1,1,0,0,0,0,0,0,2,1,3,3,3,3,8,104cfa2810e4518081d6c20ed244de53fb720a3e69934baad4b8ea5954c6f0ff
main/record_invoice/high/45/unsupported/retry_only,main/record_invoice/high/45,main,record_invoice,high,45,unsupported,retry_only,0,1,1,0,0,0,0,0,0,1,0,2,1,0,5,5,0,8,104cfa2810e4518081d6c20ed244de53fb720a3e69934baad4b8ea5954c6f0ff
main/record_invoice/high/45/unsupported/verify_only,main/record_invoice/high/45,main,record_invoice,high,45,unsupported,verify_only,1,0,0,0,0,1,1,0,0,0,1,1,0,1,2,2,1,8,104cfa2810e4518081d6c20ed244de53fb720a3e69934baad4b8ea5954c6f0ff
main/record_invoice/high/45/unsupported/paper_literal,main/record_invoice/high/45,main,record_invoice,high,45,unsupported,paper_literal,1,0,0,0,0,1,1,0,0,0,1,1,0,1,2,2,1,8,104cfa2810e4518081d6c20ed244de53fb720a3e69934baad4b8ea5954c6f0ff
main/record_invoice/high/45/unsupported/engineering,main/record_invoice/high/45,main,record_invoice,high,45,unsupported,engineering,0,1,1,0,0,0,0,0,0,1,0,2,1,3,5,5,3,8,104cfa2810e4518081d6c20ed244de53fb720a3e69934baad4b8ea5954c6f0ff
main/record_invoice/high/46/supported/retry_only,main/record_invoice/high/46,main,record_invoice,high,46,supported,retry_only,1,1,1,1,1,0,0,0,0,0,0,1,0,0,3,3,0,8,d2a8e1ea11073628853a48ebed8f3b9a313f060e77a3404782d5448e8acfbcf6
main/record_invoice/high/46/supported/verify_only,main/record_invoice/high/46,main,record_invoice,high,46,supported,verify_only,1,1,1,1,1,0,0,0,0,0,0,1,0,0,3,3,0,8,d2a8e1ea11073628853a48ebed8f3b9a313f060e77a3404782d5448e8acfbcf6
main/record_invoice/high/46/supported/paper_literal,main/record_invoice/high/46,main,record_invoice,high,46,supported,paper_literal,1,1,1,1,1,0,0,0,0,0,0,1,0,0,3,3,0,8,d2a8e1ea11073628853a48ebed8f3b9a313f060e77a3404782d5448e8acfbcf6
main/record_invoice/high/46/supported/engineering,main/record_invoice/high/46,main,record_invoice,high,46,supported,engineering,1,1,1,1,1,0,0,0,0,0,0,1,0,1,3,3,0,8,d2a8e1ea11073628853a48ebed8f3b9a313f060e77a3404782d5448e8acfbcf6
main/record_invoice/high/46/unsupported/retry_only,main/record_invoice/high/46,main,record_invoice,high,46,unsupported,retry_only,1,1,1,1,1,0,0,0,0,0,0,1,0,0,3,3,0,8,d2a8e1ea11073628853a48ebed8f3b9a313f060e77a3404782d5448e8acfbcf6
main/record_invoice/high/46/unsupported/verify_only,main/record_invoice/high/46,main,record_invoice,high,46,unsupported,verify_only,1,1,1,1,1,0,0,0,0,0,0,1,0,0,3,3,0,8,d2a8e1ea11073628853a48ebed8f3b9a313f060e77a3404782d5448e8acfbcf6
main/record_invoice/high/46/unsupported/paper_literal,main/record_invoice/high/46,main,record_invoice,high,46,unsupported,paper_literal,1,1,1,1,1,0,0,0,0,0,0,1,0,0,3,3,0,8,d2a8e1ea11073628853a48ebed8f3b9a313f060e77a3404782d5448e8acfbcf6
main/record_invoice/high/46/unsupported/engineering,main/record_invoice/high/46,main,record_invoice,high,46,unsupported,engineering,1,1,1,1,1,0,0,0,0,0,0,1,0,1,3,3,0,8,d2a8e1ea11073628853a48ebed8f3b9a313f060e77a3404782d5448e8acfbcf6
main/record_invoice/high/47/supported/retry_only,main/record_invoice/high/47,main,record_invoice,high,47,supported,retry_only,1,1,1,1,1,0,0,0,0,0,0,1,0,0,3,3,0,8,39afd9a55b8470bc343d63214a0d88f4574e16d08aa68668c4f6d6c8a03c5002
main/record_invoice/high/47/supported/verify_only,main/record_invoice/high/47,main,record_invoice,high,47,supported,verify_only,1,1,1,1,1,0,0,0,0,0,0,1,0,0,3,3,0,8,39afd9a55b8470bc343d63214a0d88f4574e16d08aa68668c4f6d6c8a03c5002
main/record_invoice/high/47/supported/paper_literal,main/record_invoice/high/47,main,record_invoice,high,47,supported,paper_literal,1,1,1,1,1,0,0,0,0,0,0,1,0,0,3,3,0,8,39afd9a55b8470bc343d63214a0d88f4574e16d08aa68668c4f6d6c8a03c5002
main/record_invoice/high/47/supported/engineering,main/record_invoice/high/47,main,record_invoice,high,47,supported,engineering,1,1,1,1,1,0,0,0,0,0,0,1,0,1,3,3,0,8,39afd9a55b8470bc343d63214a0d88f4574e16d08aa68668c4f6d6c8a03c5002
main/record_invoice/high/47/unsupported/retry_only,main/record_invoice/high/47,main,record_invoice,high,47,unsupported,retry_only,1,1,1,1,1,0,0,0,0,0,0,1,0,0,3,3,0,8,39afd9a55b8470bc343d63214a0d88f4574e16d08aa68668c4f6d6c8a03c5002
main/record_invoice/high/47/unsupported/verify_only,main/record_invoice/high/47,main,record_invoice,high,47,unsupported,verify_only,1,1,1,1,1,0,0,0,0,0,0,1,0,0,3,3,0,8,39afd9a55b8470bc343d63214a0d88f4574e16d08aa68668c4f6d6c8a03c5002
main/record_invoice/high/47/unsupported/paper_literal,main/record_invoice/high/47,main,record_invoice,high,47,unsupported,paper_literal,1,1,1,1,1,0,0,0,0,0,0,1,0,0,3,3,0,8,39afd9a55b8470bc343d63214a0d88f4574e16d08aa68668c4f6d6c8a03c5002
main/record_invoice/high/47/unsupported/engineering,main/record_invoice/high/47,main,record_invoice,high,47,unsupported,engineering,1,1,1,1,1,0,0,0,0,0,0,1,0,1,3,3,0,8,39afd9a55b8470bc343d63214a0d88f4574e16d08aa68668c4f6d6c8a03c5002
main/record_invoice/high/48/supported/retry_only,main/record_invoice/high/48,main,record_invoice,high,48,supported,retry_only,0,1,1,0,0,0,0,0,0,1,0,2,1,0,6,6,0,8,18beb894499227912d5f6d6bf198baa0d2e76b325ab018608067df19ca5d0947
main/record_invoice/high/48/supported/verify_only,main/record_invoice/high/48,main,record_invoice,high,48,supported,verify_only,0,1,1,1,1,0,0,1,1,0,0,1,0,1,3,3,1,8,18beb894499227912d5f6d6bf198baa0d2e76b325ab018608067df19ca5d0947
main/record_invoice/high/48/supported/paper_literal,main/record_invoice/high/48,main,record_invoice,high,48,supported,paper_literal,0,1,1,1,1,0,0,1,1,0,0,2,1,1,3,3,1,8,18beb894499227912d5f6d6bf198baa0d2e76b325ab018608067df19ca5d0947
main/record_invoice/high/48/supported/engineering,main/record_invoice/high/48,main,record_invoice,high,48,supported,engineering,1,1,1,1,1,0,0,0,0,0,0,2,1,2,3,3,2,8,18beb894499227912d5f6d6bf198baa0d2e76b325ab018608067df19ca5d0947
main/record_invoice/high/48/unsupported/retry_only,main/record_invoice/high/48,main,record_invoice,high,48,unsupported,retry_only,0,1,1,0,0,0,0,0,0,1,0,2,1,0,6,6,0,8,18beb894499227912d5f6d6bf198baa0d2e76b325ab018608067df19ca5d0947
main/record_invoice/high/48/unsupported/verify_only,main/record_invoice/high/48,main,record_invoice,high,48,unsupported,verify_only,0,1,1,1,1,0,0,1,1,0,0,1,0,1,3,3,1,8,18beb894499227912d5f6d6bf198baa0d2e76b325ab018608067df19ca5d0947
main/record_invoice/high/48/unsupported/paper_literal,main/record_invoice/high/48,main,record_invoice,high,48,unsupported,paper_literal,0,1,1,0,0,0,0,0,0,1,0,2,1,1,6,6,1,8,18beb894499227912d5f6d6bf198baa0d2e76b325ab018608067df19ca5d0947
main/record_invoice/high/48/unsupported/engineering,main/record_invoice/high/48,main,record_invoice,high,48,unsupported,engineering,1,1,1,0,0,1,1,0,0,1,0,2,1,2,6,6,2,8,18beb894499227912d5f6d6bf198baa0d2e76b325ab018608067df19ca5d0947
main/record_invoice/high/49/supported/retry_only,main/record_invoice/high/49,main,record_invoice,high,49,supported,retry_only,0,0,0,0,0,0,0,0,0,1,1,2,1,0,4,4,0,8,bbaf7274965e6de4e8ee24186f089b391426da9cf4c2da8298d4b7c09ebe9d10
main/record_invoice/high/49/supported/verify_only,main/record_invoice/high/49,main,record_invoice,high,49,supported,verify_only,1,0,0,0,0,1,1,0,0,0,1,1,0,1,2,2,1,8,bbaf7274965e6de4e8ee24186f089b391426da9cf4c2da8298d4b7c09ebe9d10
main/record_invoice/high/49/supported/paper_literal,main/record_invoice/high/49,main,record_invoice,high,49,supported,paper_literal,1,0,0,0,0,1,1,0,0,0,1,1,0,1,2,2,1,8,bbaf7274965e6de4e8ee24186f089b391426da9cf4c2da8298d4b7c09ebe9d10
main/record_invoice/high/49/supported/engineering,main/record_invoice/high/49,main,record_invoice,high,49,supported,engineering,0,0,0,0,0,0,0,0,0,0,1,2,1,3,2,2,3,8,bbaf7274965e6de4e8ee24186f089b391426da9cf4c2da8298d4b7c09ebe9d10
main/record_invoice/high/49/unsupported/retry_only,main/record_invoice/high/49,main,record_invoice,high,49,unsupported,retry_only,0,0,0,0,0,0,0,0,0,1,1,2,1,0,4,4,0,8,bbaf7274965e6de4e8ee24186f089b391426da9cf4c2da8298d4b7c09ebe9d10
main/record_invoice/high/49/unsupported/verify_only,main/record_invoice/high/49,main,record_invoice,high,49,unsupported,verify_only,1,0,0,0,0,1,1,0,0,0,1,1,0,1,2,2,1,8,bbaf7274965e6de4e8ee24186f089b391426da9cf4c2da8298d4b7c09ebe9d10
main/record_invoice/high/49/unsupported/paper_literal,main/record_invoice/high/49,main,record_invoice,high,49,unsupported,paper_literal,1,0,0,0,0,1,1,0,0,0,1,1,0,1,2,2,1,8,bbaf7274965e6de4e8ee24186f089b391426da9cf4c2da8298d4b7c09ebe9d10
main/record_invoice/high/49/unsupported/engineering,main/record_invoice/high/49,main,record_invoice,high,49,unsupported,engineering,0,0,0,0,0,0,0,0,0,1,1,2,1,3,4,4,3,8,bbaf7274965e6de4e8ee24186f089b391426da9cf4c2da8298d4b7c09ebe9d10
main/record_invoice/high/50/supported/retry_only,main/record_invoice/high/50,main,record_invoice,high,50,supported,retry_only,1,1,1,1,1,0,0,0,0,0,0,1,0,0,3,3,0,8,f105d03897db28b0aedae7a159ab21b75872adc19ea9770c86d61028014dd41a
main/record_invoice/high/50/supported/verify_only,main/record_invoice/high/50,main,record_invoice,high,50,supported,verify_only,1,1,1,1,1,0,0,0,0,0,0,1,0,0,3,3,0,8,f105d03897db28b0aedae7a159ab21b75872adc19ea9770c86d61028014dd41a
main/record_invoice/high/50/supported/paper_literal,main/record_invoice/high/50,main,record_invoice,high,50,supported,paper_literal,1,1,1,1,1,0,0,0,0,0,0,1,0,0,3,3,0,8,f105d03897db28b0aedae7a159ab21b75872adc19ea9770c86d61028014dd41a
main/record_invoice/high/50/supported/engineering,main/record_invoice/high/50,main,record_invoice,high,50,supported,engineering,1,1,1,1,1,0,0,0,0,0,0,1,0,1,3,3,0,8,f105d03897db28b0aedae7a159ab21b75872adc19ea9770c86d61028014dd41a
main/record_invoice/high/50/unsupported/retry_only,main/record_invoice/high/50,main,record_invoice,high,50,unsupported,retry_only,1,1,1,1,1,0,0,0,0,0,0,1,0,0,3,3,0,8,f105d03897db28b0aedae7a159ab21b75872adc19ea9770c86d61028014dd41a
main/record_invoice/high/50/unsupported/verify_only,main/record_invoice/high/50,main,record_invoice,high,50,unsupported,verify_only,1,1,1,1,1,0,0,0,0,0,0,1,0,0,3,3,0,8,f105d03897db28b0aedae7a159ab21b75872adc19ea9770c86d61028014dd41a
main/record_invoice/high/50/unsupported/paper_literal,main/record_invoice/high/50,main,record_invoice,high,50,unsupported,paper_literal,1,1,1,1,1,0,0,0,0,0,0,1,0,0,3,3,0,8,f105d03897db28b0aedae7a159ab21b75872adc19ea9770c86d61028014dd41a
main/record_invoice/high/50/unsupported/engineering,main/record_invoice/high/50,main,record_invoice,high,50,unsupported,engineering,1,1,1,1,1,0,0,0,0,0,0,1,0,1,3,3,0,8,f105d03897db28b0aedae7a159ab21b75872adc19ea9770c86d61028014dd41a
main/record_invoice/high/51/supported/retry_only,main/record_invoice/high/51,main,record_invoice,high,51,supported,retry_only,0,1,1,0,0,0,0,0,0,1,0,2,1,0,6,6,0,8,ca1737212650a409991407e482d1a4c433f0f874ae2cf6bdfd9f5bba3d7deb4d
main/record_invoice/high/51/supported/verify_only,main/record_invoice/high/51,main,record_invoice,high,51,supported,verify_only,1,1,1,1,1,0,0,0,0,0,0,1,0,1,3,3,1,8,ca1737212650a409991407e482d1a4c433f0f874ae2cf6bdfd9f5bba3d7deb4d
main/record_invoice/high/51/supported/paper_literal,main/record_invoice/high/51,main,record_invoice,high,51,supported,paper_literal,1,1,1,1,1,0,0,0,0,0,0,1,0,1,3,3,1,8,ca1737212650a409991407e482d1a4c433f0f874ae2cf6bdfd9f5bba3d7deb4d
main/record_invoice/high/51/supported/engineering,main/record_invoice/high/51,main,record_invoice,high,51,supported,engineering,1,1,1,1,1,0,0,0,0,0,0,1,0,1,3,3,1,8,ca1737212650a409991407e482d1a4c433f0f874ae2cf6bdfd9f5bba3d7deb4d
main/record_invoice/high/51/unsupported/retry_only,main/record_invoice/high/51,main,record_invoice,high,51,unsupported,retry_only,0,1,1,0,0,0,0,0,0,1,0,2,1,0,6,6,0,8,ca1737212650a409991407e482d1a4c433f0f874ae2cf6bdfd9f5bba3d7deb4d
main/record_invoice/high/51/unsupported/verify_only,main/record_invoice/high/51,main,record_invoice,high,51,unsupported,verify_only,1,1,1,1,1,0,0,0,0,0,0,1,0,1,3,3,1,8,ca1737212650a409991407e482d1a4c433f0f874ae2cf6bdfd9f5bba3d7deb4d
main/record_invoice/high/51/unsupported/paper_literal,main/record_invoice/high/51,main,record_invoice,high,51,unsupported,paper_literal,1,1,1,1,1,0,0,0,0,0,0,1,0,1,3,3,1,8,ca1737212650a409991407e482d1a4c433f0f874ae2cf6bdfd9f5bba3d7deb4d
main/record_invoice/high/51/unsupported/engineering,main/record_invoice/high/51,main,record_invoice,high,51,unsupported,engineering,1,1,1,1,1,0,0,0,0,0,0,1,0,1,3,3,1,8,ca1737212650a409991407e482d1a4c433f0f874ae2cf6bdfd9f5bba3d7deb4d
main/record_invoice/high/52/supported/retry_only,main/record_invoice/high/52,main,record_invoice,high,52,supported,retry_only,1,1,1,0,0,1,1,0,0,1,0,2,1,0,6,6,0,8,545b1003f99eb0ef5e6a09a69c005ba875c384fd744620b2d9f002de323e875d
main/record_invoice/high/52/supported/verify_only,main/record_invoice/high/52,main,record_invoice,high,52,supported,verify_only,0,1,1,1,1,0,0,1,1,0,0,1,0,1,3,3,1,8,545b1003f99eb0ef5e6a09a69c005ba875c384fd744620b2d9f002de323e875d
main/record_invoice/high/52/supported/paper_literal,main/record_invoice/high/52,main,record_invoice,high,52,supported,paper_literal,0,1,1,1,1,0,0,1,1,0,0,2,1,1,3,3,1,8,545b1003f99eb0ef5e6a09a69c005ba875c384fd744620b2d9f002de323e875d
main/record_invoice/high/52/supported/engineering,main/record_invoice/high/52,main,record_invoice,high,52,supported,engineering,1,1,1,1,1,0,0,0,0,0,0,2,1,3,3,3,2,8,545b1003f99eb0ef5e6a09a69c005ba875c384fd744620b2d9f002de323e875d
main/record_invoice/high/52/unsupported/retry_only,main/record_invoice/high/52,main,record_invoice,high,52,unsupported,retry_only,1,1,1,0,0,1,1,0,0,1,0,2,1,0,6,6,0,8,545b1003f99eb0ef5e6a09a69c005ba875c384fd744620b2d9f002de323e875d
main/record_invoice/high/52/unsupported/verify_only,main/record_invoice/high/52,main,record_invoice,high,52,unsupported,verify_only,0,1,1,1,1,0,0,1,1,0,0,1,0,1,3,3,1,8,545b1003f99eb0ef5e6a09a69c005ba875c384fd744620b2d9f002de323e875d
main/record_invoice/high/52/unsupported/paper_literal,main/record_invoice/high/52,main,record_invoice,high,52,unsupported,paper_literal,0,1,1,0,0,0,0,0,0,1,0,2,1,1,6,6,1,8,545b1003f99eb0ef5e6a09a69c005ba875c384fd744620b2d9f002de323e875d
main/record_invoice/high/52/unsupported/engineering,main/record_invoice/high/52,main,record_invoice,high,52,unsupported,engineering,0,1,1,0,0,0,0,0,0,1,0,2,1,3,6,6,2,8,545b1003f99eb0ef5e6a09a69c005ba875c384fd744620b2d9f002de323e875d
main/record_invoice/high/53/supported/retry_only,main/record_invoice/high/53,main,record_invoice,high,53,supported,retry_only,1,1,1,1,1,0,0,0,0,0,0,1,0,0,3,3,0,8,bc00b9685b85c75928768c48ca3f42b40c20851eef2c9c1f6a2e4c0a7ff0decc
main/record_invoice/high/53/supported/verify_only,main/record_invoice/high/53,main,record_invoice,high,53,supported,verify_only,1,1,1,1,1,0,0,0,0,0,0,1,0,0,3,3,0,8,bc00b9685b85c75928768c48ca3f42b40c20851eef2c9c1f6a2e4c0a7ff0decc
main/record_invoice/high/53/supported/paper_literal,main/record_invoice/high/53,main,record_invoice,high,53,supported,paper_literal,1,1,1,1,1,0,0,0,0,0,0,1,0,0,3,3,0,8,bc00b9685b85c75928768c48ca3f42b40c20851eef2c9c1f6a2e4c0a7ff0decc
main/record_invoice/high/53/supported/engineering,main/record_invoice/high/53,main,record_invoice,high,53,supported,engineering,1,1,1,1,1,0,0,0,0,0,0,1,0,1,3,3,0,8,bc00b9685b85c75928768c48ca3f42b40c20851eef2c9c1f6a2e4c0a7ff0decc
main/record_invoice/high/53/unsupported/retry_only,main/record_invoice/high/53,main,record_invoice,high,53,unsupported,retry_only,1,1,1,1,1,0,0,0,0,0,0,1,0,0,3,3,0,8,bc00b9685b85c75928768c48ca3f42b40c20851eef2c9c1f6a2e4c0a7ff0decc
main/record_invoice/high/53/unsupported/verify_only,main/record_invoice/high/53,main,record_invoice,high,53,unsupported,verify_only,1,1,1,1,1,0,0,0,0,0,0,1,0,0,3,3,0,8,bc00b9685b85c75928768c48ca3f42b40c20851eef2c9c1f6a2e4c0a7ff0decc
main/record_invoice/high/53/unsupported/paper_literal,main/record_invoice/high/53,main,record_invoice,high,53,unsupported,paper_literal,1,1,1,1,1,0,0,0,0,0,0,1,0,0,3,3,0,8,bc00b9685b85c75928768c48ca3f42b40c20851eef2c9c1f6a2e4c0a7ff0decc
main/record_invoice/high/53/unsupported/engineering,main/record_invoice/high/53,main,record_invoice,high,53,unsupported,engineering,1,1,1,1,1,0,0,0,0,0,0,1,0,1,3,3,0,8,bc00b9685b85c75928768c48ca3f42b40c20851eef2c9c1f6a2e4c0a7ff0decc
main/record_invoice/high/54/supported/retry_only,main/record_invoice/high/54,main,record_invoice,high,54,supported,retry_only,1,1,1,0,0,1,1,0,0,1,0,2,1,0,6,6,0,8,8c53e4882a4b4cd875b13e4db04876a63e8dff59b62149a6776c48505a9341f7
main/record_invoice/high/54/supported/verify_only,main/record_invoice/high/54,main,record_invoice,high,54,supported,verify_only,0,1,1,1,1,0,0,1,1,0,0,1,0,1,3,3,1,8,8c53e4882a4b4cd875b13e4db04876a63e8dff59b62149a6776c48505a9341f7
main/record_invoice/high/54/supported/paper_literal,main/record_invoice/high/54,main,record_invoice,high,54,supported,paper_literal,0,1,1,1,1,0,0,1,1,0,0,2,1,1,3,3,1,8,8c53e4882a4b4cd875b13e4db04876a63e8dff59b62149a6776c48505a9341f7
main/record_invoice/high/54/supported/engineering,main/record_invoice/high/54,main,record_invoice,high,54,supported,engineering,1,1,1,1,1,0,0,0,0,0,0,2,1,3,3,3,2,8,8c53e4882a4b4cd875b13e4db04876a63e8dff59b62149a6776c48505a9341f7
main/record_invoice/high/54/unsupported/retry_only,main/record_invoice/high/54,main,record_invoice,high,54,unsupported,retry_only,1,1,1,0,0,1,1,0,0,1,0,2,1,0,6,6,0,8,8c53e4882a4b4cd875b13e4db04876a63e8dff59b62149a6776c48505a9341f7
main/record_invoice/high/54/unsupported/verify_only,main/record_invoice/high/54,main,record_invoice,high,54,unsupported,verify_only,0,1,1,1,1,0,0,1,1,0,0,1,0,1,3,3,1,8,8c53e4882a4b4cd875b13e4db04876a63e8dff59b62149a6776c48505a9341f7
main/record_invoice/high/54/unsupported/paper_literal,main/record_invoice/high/54,main,record_invoice,high,54,unsupported,paper_literal,0,1,1,0,0,0,0,0,0,1,0,2,1,1,6,6,1,8,8c53e4882a4b4cd875b13e4db04876a63e8dff59b62149a6776c48505a9341f7
main/record_invoice/high/54/unsupported/engineering,main/record_invoice/high/54,main,record_invoice,high,54,unsupported,engineering,0,1,1,0,0,0,0,0,0,1,0,2,1,3,6,6,2,8,8c53e4882a4b4cd875b13e4db04876a63e8dff59b62149a6776c48505a9341f7
main/record_invoice/high/55/supported/retry_only,main/record_invoice/high/55,main,record_invoice,high,55,supported,retry_only,1,1,1,0,0,1,1,0,0,1,0,2,1,0,5,5,0,8,ebb38aceaa9ab60d868776c8cf5d48c4ebcdec44e6457773ce18e48938c2e5ff
main/record_invoice/high/55/supported/verify_only,main/record_invoice/high/55,main,record_invoice,high,55,supported,verify_only,1,0,0,0,0,1,1,0,0,0,1,1,0,1,2,2,1,8,ebb38aceaa9ab60d868776c8cf5d48c4ebcdec44e6457773ce18e48938c2e5ff
main/record_invoice/high/55/supported/paper_literal,main/record_invoice/high/55,main,record_invoice,high,55,supported,paper_literal,1,0,0,0,0,1,1,0,0,0,1,1,0,1,2,2,1,8,ebb38aceaa9ab60d868776c8cf5d48c4ebcdec44e6457773ce18e48938c2e5ff
main/record_invoice/high/55/supported/engineering,main/record_invoice/high/55,main,record_invoice,high,55,supported,engineering,1,1,1,1,1,0,0,0,0,0,0,2,1,2,3,3,1,8,ebb38aceaa9ab60d868776c8cf5d48c4ebcdec44e6457773ce18e48938c2e5ff
main/record_invoice/high/55/unsupported/retry_only,main/record_invoice/high/55,main,record_invoice,high,55,unsupported,retry_only,1,1,1,0,0,1,1,0,0,1,0,2,1,0,5,5,0,8,ebb38aceaa9ab60d868776c8cf5d48c4ebcdec44e6457773ce18e48938c2e5ff
main/record_invoice/high/55/unsupported/verify_only,main/record_invoice/high/55,main,record_invoice,high,55,unsupported,verify_only,1,0,0,0,0,1,1,0,0,0,1,1,0,1,2,2,1,8,ebb38aceaa9ab60d868776c8cf5d48c4ebcdec44e6457773ce18e48938c2e5ff
main/record_invoice/high/55/unsupported/paper_literal,main/record_invoice/high/55,main,record_invoice,high,55,unsupported,paper_literal,1,0,0,0,0,1,1,0,0,0,1,1,0,1,2,2,1,8,ebb38aceaa9ab60d868776c8cf5d48c4ebcdec44e6457773ce18e48938c2e5ff
main/record_invoice/high/55/unsupported/engineering,main/record_invoice/high/55,main,record_invoice,high,55,unsupported,engineering,0,1,1,0,0,0,0,0,0,1,0,2,1,3,5,5,2,8,ebb38aceaa9ab60d868776c8cf5d48c4ebcdec44e6457773ce18e48938c2e5ff
main/record_invoice/high/56/supported/retry_only,main/record_invoice/high/56,main,record_invoice,high,56,supported,retry_only,1,1,1,1,1,0,0,0,0,0,0,1,0,0,3,3,0,8,ebfa596ada4f79e8176da32acb16b043fc61da257dad0f5b51cfcc2cf7abe8ac
main/record_invoice/high/56/supported/verify_only,main/record_invoice/high/56,main,record_invoice,high,56,supported,verify_only,1,1,1,1,1,0,0,0,0,0,0,1,0,0,3,3,0,8,ebfa596ada4f79e8176da32acb16b043fc61da257dad0f5b51cfcc2cf7abe8ac
main/record_invoice/high/56/supported/paper_literal,main/record_invoice/high/56,main,record_invoice,high,56,supported,paper_literal,1,1,1,1,1,0,0,0,0,0,0,1,0,0,3,3,0,8,ebfa596ada4f79e8176da32acb16b043fc61da257dad0f5b51cfcc2cf7abe8ac
main/record_invoice/high/56/supported/engineering,main/record_invoice/high/56,main,record_invoice,high,56,supported,engineering,1,1,1,1,1,0,0,0,0,0,0,1,0,1,3,3,0,8,ebfa596ada4f79e8176da32acb16b043fc61da257dad0f5b51cfcc2cf7abe8ac
main/record_invoice/high/56/unsupported/retry_only,main/record_invoice/high/56,main,record_invoice,high,56,unsupported,retry_only,1,1,1,1,1,0,0,0,0,0,0,1,0,0,3,3,0,8,ebfa596ada4f79e8176da32acb16b043fc61da257dad0f5b51cfcc2cf7abe8ac
main/record_invoice/high/56/unsupported/verify_only,main/record_invoice/high/56,main,record_invoice,high,56,unsupported,verify_only,1,1,1,1,1,0,0,0,0,0,0,1,0,0,3,3,0,8,ebfa596ada4f79e8176da32acb16b043fc61da257dad0f5b51cfcc2cf7abe8ac
main/record_invoice/high/56/unsupported/paper_literal,main/record_invoice/high/56,main,record_invoice,high,56,unsupported,paper_literal,1,1,1,1,1,0,0,0,0,0,0,1,0,0,3,3,0,8,ebfa596ada4f79e8176da32acb16b043fc61da257dad0f5b51cfcc2cf7abe8ac
main/record_invoice/high/56/unsupported/engineering,main/record_invoice/high/56,main,record_invoice,high,56,unsupported,engineering,1,1,1,1,1,0,0,0,0,0,0,1,0,1,3,3,0,8,ebfa596ada4f79e8176da32acb16b043fc61da257dad0f5b51cfcc2cf7abe8ac
main/record_invoice/high/57/supported/retry_only,main/record_invoice/high/57,main,record_invoice,high,57,supported,retry_only,1,1,1,0,0,1,1,0,0,1,0,2,1,0,5,5,0,8,3d4baa66dda7b1024deeb76b907da483c40a1d22064ac19d69f8f947d984e336
main/record_invoice/high/57/supported/verify_only,main/record_invoice/high/57,main,record_invoice,high,57,supported,verify_only,1,0,0,0,0,1,1,0,0,0,1,1,0,1,2,2,1,8,3d4baa66dda7b1024deeb76b907da483c40a1d22064ac19d69f8f947d984e336
main/record_invoice/high/57/supported/paper_literal,main/record_invoice/high/57,main,record_invoice,high,57,supported,paper_literal,1,0,0,0,0,1,1,0,0,0,1,1,0,1,2,2,1,8,3d4baa66dda7b1024deeb76b907da483c40a1d22064ac19d69f8f947d984e336
main/record_invoice/high/57/supported/engineering,main/record_invoice/high/57,main,record_invoice,high,57,supported,engineering,1,1,1,1,1,0,0,0,0,0,0,2,1,2,3,3,1,8,3d4baa66dda7b1024deeb76b907da483c40a1d22064ac19d69f8f947d984e336
main/record_invoice/high/57/unsupported/retry_only,main/record_invoice/high/57,main,record_invoice,high,57,unsupported,retry_only,1,1,1,0,0,1,1,0,0,1,0,2,1,0,5,5,0,8,3d4baa66dda7b1024deeb76b907da483c40a1d22064ac19d69f8f947d984e336
main/record_invoice/high/57/unsupported/verify_only,main/record_invoice/high/57,main,record_invoice,high,57,unsupported,verify_only,1,0,0,0,0,1,1,0,0,0,1,1,0,1,2,2,1,8,3d4baa66dda7b1024deeb76b907da483c40a1d22064ac19d69f8f947d984e336
main/record_invoice/high/57/unsupported/paper_literal,main/record_invoice/high/57,main,record_invoice,high,57,unsupported,paper_literal,1,0,0,0,0,1,1,0,0,0,1,1,0,1,2,2,1,8,3d4baa66dda7b1024deeb76b907da483c40a1d22064ac19d69f8f947d984e336
main/record_invoice/high/57/unsupported/engineering,main/record_invoice/high/57,main,record_invoice,high,57,unsupported,engineering,0,1,1,0,0,0,0,0,0,1,0,2,1,3,5,5,2,8,3d4baa66dda7b1024deeb76b907da483c40a1d22064ac19d69f8f947d984e336
main/record_invoice/high/58/supported/retry_only,main/record_invoice/high/58,main,record_invoice,high,58,supported,retry_only,0,1,1,0,0,0,0,0,0,1,0,2,1,0,6,6,0,8,457944989703520bda736a94b5549700e811adac2da8c2980d289a084bd1eaf9
main/record_invoice/high/58/supported/verify_only,main/record_invoice/high/58,main,record_invoice,high,58,supported,verify_only,0,1,1,1,1,0,0,1,1,0,0,1,0,1,3,3,1,8,457944989703520bda736a94b5549700e811adac2da8c2980d289a084bd1eaf9
main/record_invoice/high/58/supported/paper_literal,main/record_invoice/high/58,main,record_invoice,high,58,supported,paper_literal,0,1,1,1,1,0,0,1,1,0,0,2,1,1,3,3,1,8,457944989703520bda736a94b5549700e811adac2da8c2980d289a084bd1eaf9
main/record_invoice/high/58/supported/engineering,main/record_invoice/high/58,main,record_invoice,high,58,supported,engineering,1,1,1,1,1,0,0,0,0,0,0,2,1,2,3,3,2,8,457944989703520bda736a94b5549700e811adac2da8c2980d289a084bd1eaf9
main/record_invoice/high/58/unsupported/retry_only,main/record_invoice/high/58,main,record_invoice,high,58,unsupported,retry_only,0,1,1,0,0,0,0,0,0,1,0,2,1,0,6,6,0,8,457944989703520bda736a94b5549700e811adac2da8c2980d289a084bd1eaf9
main/record_invoice/high/58/unsupported/verify_only,main/record_invoice/high/58,main,record_invoice,high,58,unsupported,verify_only,0,1,1,1,1,0,0,1,1,0,0,1,0,1,3,3,1,8,457944989703520bda736a94b5549700e811adac2da8c2980d289a084bd1eaf9
main/record_invoice/high/58/unsupported/paper_literal,main/record_invoice/high/58,main,record_invoice,high,58,unsupported,paper_literal,0,1,1,0,0,0,0,0,0,1,0,2,1,1,6,6,1,8,457944989703520bda736a94b5549700e811adac2da8c2980d289a084bd1eaf9
main/record_invoice/high/58/unsupported/engineering,main/record_invoice/high/58,main,record_invoice,high,58,unsupported,engineering,0,1,1,0,0,0,0,0,0,1,0,2,1,3,6,6,3,8,457944989703520bda736a94b5549700e811adac2da8c2980d289a084bd1eaf9
main/record_invoice/high/59/supported/retry_only,main/record_invoice/high/59,main,record_invoice,high,59,supported,retry_only,0,0,0,0,0,0,0,0,0,0,3,2,1,0,0,0,0,8,906a942b9f46900a1d7e397b0aff29ef673fb92320276c847897170999fc0a99
main/record_invoice/high/59/supported/verify_only,main/record_invoice/high/59,main,record_invoice,high,59,supported,verify_only,0,0,0,0,0,0,0,0,0,0,3,1,0,0,0,0,0,8,906a942b9f46900a1d7e397b0aff29ef673fb92320276c847897170999fc0a99
main/record_invoice/high/59/supported/paper_literal,main/record_invoice/high/59,main,record_invoice,high,59,supported,paper_literal,0,0,0,0,0,0,0,0,0,0,3,1,0,0,0,0,0,8,906a942b9f46900a1d7e397b0aff29ef673fb92320276c847897170999fc0a99
main/record_invoice/high/59/supported/engineering,main/record_invoice/high/59,main,record_invoice,high,59,supported,engineering,0,0,0,0,0,0,0,0,0,0,3,1,0,0,0,0,0,8,906a942b9f46900a1d7e397b0aff29ef673fb92320276c847897170999fc0a99
main/record_invoice/high/59/unsupported/retry_only,main/record_invoice/high/59,main,record_invoice,high,59,unsupported,retry_only,0,0,0,0,0,0,0,0,0,0,3,2,1,0,0,0,0,8,906a942b9f46900a1d7e397b0aff29ef673fb92320276c847897170999fc0a99
main/record_invoice/high/59/unsupported/verify_only,main/record_invoice/high/59,main,record_invoice,high,59,unsupported,verify_only,0,0,0,0,0,0,0,0,0,0,3,1,0,0,0,0,0,8,906a942b9f46900a1d7e397b0aff29ef673fb92320276c847897170999fc0a99
main/record_invoice/high/59/unsupported/paper_literal,main/record_invoice/high/59,main,record_invoice,high,59,unsupported,paper_literal,0,0,0,0,0,0,0,0,0,0,3,1,0,0,0,0,0,8,906a942b9f46900a1d7e397b0aff29ef673fb92320276c847897170999fc0a99
main/record_invoice/high/59/unsupported/engineering,main/record_invoice/high/59,main,record_invoice,high,59,unsupported,engineering,0,0,0,0,0,0,0,0,0,0,3,1,0,0,0,0,0,8,906a942b9f46900a1d7e397b0aff29ef673fb92320276c847897170999fc0a99
main/record_invoice/high/60/supported/retry_only,main/record_invoice/high/60,main,record_invoice,high,60,supported,retry_only,1,1,1,0,0,1,1,0,0,1,0,2,1,0,6,6,0,8,d7c5c0a7f6e34043584b0df034d9aca2c9b41397c2b1f6b680bd69a6a50600d5
main/record_invoice/high/60/supported/verify_only,main/record_invoice/high/60,main,record_invoice,high,60,supported,verify_only,1,1,1,1,1,0,0,0,0,0,0,1,0,1,3,3,1,8,d7c5c0a7f6e34043584b0df034d9aca2c9b41397c2b1f6b680bd69a6a50600d5
main/record_invoice/high/60/supported/paper_literal,main/record_invoice/high/60,main,record_invoice,high,60,supported,paper_literal,1,1,1,1,1,0,0,0,0,0,0,1,0,1,3,3,1,8,d7c5c0a7f6e34043584b0df034d9aca2c9b41397c2b1f6b680bd69a6a50600d5
main/record_invoice/high/60/supported/engineering,main/record_invoice/high/60,main,record_invoice,high,60,supported,engineering,1,1,1,1,1,0,0,0,0,0,0,1,0,1,3,3,1,8,d7c5c0a7f6e34043584b0df034d9aca2c9b41397c2b1f6b680bd69a6a50600d5
main/record_invoice/high/60/unsupported/retry_only,main/record_invoice/high/60,main,record_invoice,high,60,unsupported,retry_only,1,1,1,0,0,1,1,0,0,1,0,2,1,0,6,6,0,8,d7c5c0a7f6e34043584b0df034d9aca2c9b41397c2b1f6b680bd69a6a50600d5
main/record_invoice/high/60/unsupported/verify_only,main/record_invoice/high/60,main,record_invoice,high,60,unsupported,verify_only,1,1,1,1,1,0,0,0,0,0,0,1,0,1,3,3,1,8,d7c5c0a7f6e34043584b0df034d9aca2c9b41397c2b1f6b680bd69a6a50600d5
main/record_invoice/high/60/unsupported/paper_literal,main/record_invoice/high/60,main,record_invoice,high,60,unsupported,paper_literal,1,1,1,1,1,0,0,0,0,0,0,1,0,1,3,3,1,8,d7c5c0a7f6e34043584b0df034d9aca2c9b41397c2b1f6b680bd69a6a50600d5
main/record_invoice/high/60/unsupported/engineering,main/record_invoice/high/60,main,record_invoice,high,60,unsupported,engineering,1,1,1,1,1,0,0,0,0,0,0,1,0,1,3,3,1,8,d7c5c0a7f6e34043584b0df034d9aca2c9b41397c2b1f6b680bd69a6a50600d5
main/record_invoice/high/61/supported/retry_only,main/record_invoice/high/61,main,record_invoice,high,61,supported,retry_only,1,1,1,1,1,0,0,0,0,0,0,1,0,0,3,3,0,8,af01c42e0aa8c2b03e9aa1ad95d4f1cc962db786b1d662e3b3ef0cea0cd3c5e7
main/record_invoice/high/61/supported/verify_only,main/record_invoice/high/61,main,record_invoice,high,61,supported,verify_only,1,1,1,1,1,0,0,0,0,0,0,1,0,0,3,3,0,8,af01c42e0aa8c2b03e9aa1ad95d4f1cc962db786b1d662e3b3ef0cea0cd3c5e7
main/record_invoice/high/61/supported/paper_literal,main/record_invoice/high/61,main,record_invoice,high,61,supported,paper_literal,1,1,1,1,1,0,0,0,0,0,0,1,0,0,3,3,0,8,af01c42e0aa8c2b03e9aa1ad95d4f1cc962db786b1d662e3b3ef0cea0cd3c5e7
main/record_invoice/high/61/supported/engineering,main/record_invoice/high/61,main,record_invoice,high,61,supported,engineering,1,1,1,1,1,0,0,0,0,0,0,1,0,1,3,3,0,8,af01c42e0aa8c2b03e9aa1ad95d4f1cc962db786b1d662e3b3ef0cea0cd3c5e7
main/record_invoice/high/61/unsupported/retry_only,main/record_invoice/high/61,main,record_invoice,high,61,unsupported,retry_only,1,1,1,1,1,0,0,0,0,0,0,1,0,0,3,3,0,8,af01c42e0aa8c2b03e9aa1ad95d4f1cc962db786b1d662e3b3ef0cea0cd3c5e7
main/record_invoice/high/61/unsupported/verify_only,main/record_invoice/high/61,main,record_invoice,high,61,unsupported,verify_only,1,1,1,1,1,0,0,0,0,0,0,1,0,0,3,3,0,8,af01c42e0aa8c2b03e9aa1ad95d4f1cc962db786b1d662e3b3ef0cea0cd3c5e7
main/record_invoice/high/61/unsupported/paper_literal,main/record_invoice/high/61,main,record_invoice,high,61,unsupported,paper_literal,1,1,1,1,1,0,0,0,0,0,0,1,0,0,3,3,0,8,af01c42e0aa8c2b03e9aa1ad95d4f1cc962db786b1d662e3b3ef0cea0cd3c5e7
main/record_invoice/high/61/unsupported/engineering,main/record_invoice/high/61,main,record_invoice,high,61,unsupported,engineering,1,1,1,1,1,0,0,0,0,0,0,1,0,1,3,3,0,8,af01c42e0aa8c2b03e9aa1ad95d4f1cc962db786b1d662e3b3ef0cea0cd3c5e7
main/record_invoice/high/62/supported/retry_only,main/record_invoice/high/62,main,record_invoice,high,62,supported,retry_only,1,1,1,0,0,1,1,0,0,1,0,2,1,0,6,6,0,8,3eff0a1c138c9b26c72b2185500c18a3ec0137a4dd7b63e1b4a0e1ba2db84547
main/record_invoice/high/62/supported/verify_only,main/record_invoice/high/62,main,record_invoice,high,62,supported,verify_only,0,1,1,1,1,0,0,1,1,0,0,1,0,1,3,3,1,8,3eff0a1c138c9b26c72b2185500c18a3ec0137a4dd7b63e1b4a0e1ba2db84547
main/record_invoice/high/62/supported/paper_literal,main/record_invoice/high/62,main,record_invoice,high,62,supported,paper_literal,0,1,1,1,1,0,0,1,1,0,0,2,1,1,3,3,1,8,3eff0a1c138c9b26c72b2185500c18a3ec0137a4dd7b63e1b4a0e1ba2db84547
main/record_invoice/high/62/supported/engineering,main/record_invoice/high/62,main,record_invoice,high,62,supported,engineering,1,1,1,1,1,0,0,0,0,0,0,2,1,3,3,3,2,8,3eff0a1c138c9b26c72b2185500c18a3ec0137a4dd7b63e1b4a0e1ba2db84547
main/record_invoice/high/62/unsupported/retry_only,main/record_invoice/high/62,main,record_invoice,high,62,unsupported,retry_only,1,1,1,0,0,1,1,0,0,1,0,2,1,0,6,6,0,8,3eff0a1c138c9b26c72b2185500c18a3ec0137a4dd7b63e1b4a0e1ba2db84547
main/record_invoice/high/62/unsupported/verify_only,main/record_invoice/high/62,main,record_invoice,high,62,unsupported,verify_only,0,1,1,1,1,0,0,1,1,0,0,1,0,1,3,3,1,8,3eff0a1c138c9b26c72b2185500c18a3ec0137a4dd7b63e1b4a0e1ba2db84547
main/record_invoice/high/62/unsupported/paper_literal,main/record_invoice/high/62,main,record_invoice,high,62,unsupported,paper_literal,0,1,1,0,0,0,0,0,0,1,0,2,1,1,6,6,1,8,3eff0a1c138c9b26c72b2185500c18a3ec0137a4dd7b63e1b4a0e1ba2db84547
main/record_invoice/high/62/unsupported/engineering,main/record_invoice/high/62,main,record_invoice,high,62,unsupported,engineering,0,1,1,0,0,0,0,0,0,1,0,2,1,3,6,6,2,8,3eff0a1c138c9b26c72b2185500c18a3ec0137a4dd7b63e1b4a0e1ba2db84547
main/record_invoice/high/63/supported/retry_only,main/record_invoice/high/63,main,record_invoice,high,63,supported,retry_only,1,1,1,1,1,0,0,0,0,0,0,1,0,0,3,3,0,8,2d10c1aee5c78d6d18568e02d3a1e73fbe440841bcd6501b7ea1edd64cf0afdf
main/record_invoice/high/63/supported/verify_only,main/record_invoice/high/63,main,record_invoice,high,63,supported,verify_only,1,1,1,1,1,0,0,0,0,0,0,1,0,0,3,3,0,8,2d10c1aee5c78d6d18568e02d3a1e73fbe440841bcd6501b7ea1edd64cf0afdf
main/record_invoice/high/63/supported/paper_literal,main/record_invoice/high/63,main,record_invoice,high,63,supported,paper_literal,1,1,1,1,1,0,0,0,0,0,0,1,0,0,3,3,0,8,2d10c1aee5c78d6d18568e02d3a1e73fbe440841bcd6501b7ea1edd64cf0afdf
main/record_invoice/high/63/supported/engineering,main/record_invoice/high/63,main,record_invoice,high,63,supported,engineering,1,1,1,1,1,0,0,0,0,0,0,1,0,1,3,3,0,8,2d10c1aee5c78d6d18568e02d3a1e73fbe440841bcd6501b7ea1edd64cf0afdf
main/record_invoice/high/63/unsupported/retry_only,main/record_invoice/high/63,main,record_invoice,high,63,unsupported,retry_only,1,1,1,1,1,0,0,0,0,0,0,1,0,0,3,3,0,8,2d10c1aee5c78d6d18568e02d3a1e73fbe440841bcd6501b7ea1edd64cf0afdf
main/record_invoice/high/63/unsupported/verify_only,main/record_invoice/high/63,main,record_invoice,high,63,unsupported,verify_only,1,1,1,1,1,0,0,0,0,0,0,1,0,0,3,3,0,8,2d10c1aee5c78d6d18568e02d3a1e73fbe440841bcd6501b7ea1edd64cf0afdf
main/record_invoice/high/63/unsupported/paper_literal,main/record_invoice/high/63,main,record_invoice,high,63,unsupported,paper_literal,1,1,1,1,1,0,0,0,0,0,0,1,0,0,3,3,0,8,2d10c1aee5c78d6d18568e02d3a1e73fbe440841bcd6501b7ea1edd64cf0afdf
main/record_invoice/high/63/unsupported/engineering,main/record_invoice/high/63,main,record_invoice,high,63,unsupported,engineering,1,1,1,1,1,0,0,0,0,0,0,1,0,1,3,3,0,8,2d10c1aee5c78d6d18568e02d3a1e73fbe440841bcd6501b7ea1edd64cf0afdf
main/record_invoice/high/64/supported/retry_only,main/record_invoice/high/64,main,record_invoice,high,64,supported,retry_only,1,1,1,1,1,0,0,0,0,0,0,1,0,0,3,3,0,8,c5792d78402242c3141d98b36a380846a7068d9f482443f565d307e9b8c01fa0
main/record_invoice/high/64/supported/verify_only,main/record_invoice/high/64,main,record_invoice,high,64,supported,verify_only,1,1,1,1,1,0,0,0,0,0,0,1,0,0,3,3,0,8,c5792d78402242c3141d98b36a380846a7068d9f482443f565d307e9b8c01fa0
main/record_invoice/high/64/supported/paper_literal,main/record_invoice/high/64,main,record_invoice,high,64,supported,paper_literal,1,1,1,1,1,0,0,0,0,0,0,1,0,0,3,3,0,8,c5792d78402242c3141d98b36a380846a7068d9f482443f565d307e9b8c01fa0
main/record_invoice/high/64/supported/engineering,main/record_invoice/high/64,main,record_invoice,high,64,supported,engineering,1,1,1,1,1,0,0,0,0,0,0,1,0,1,3,3,0,8,c5792d78402242c3141d98b36a380846a7068d9f482443f565d307e9b8c01fa0
main/record_invoice/high/64/unsupported/retry_only,main/record_invoice/high/64,main,record_invoice,high,64,unsupported,retry_only,1,1,1,1,1,0,0,0,0,0,0,1,0,0,3,3,0,8,c5792d78402242c3141d98b36a380846a7068d9f482443f565d307e9b8c01fa0
main/record_invoice/high/64/unsupported/verify_only,main/record_invoice/high/64,main,record_invoice,high,64,unsupported,verify_only,1,1,1,1,1,0,0,0,0,0,0,1,0,0,3,3,0,8,c5792d78402242c3141d98b36a380846a7068d9f482443f565d307e9b8c01fa0
main/record_invoice/high/64/unsupported/paper_literal,main/record_invoice/high/64,main,record_invoice,high,64,unsupported,paper_literal,1,1,1,1,1,0,0,0,0,0,0,1,0,0,3,3,0,8,c5792d78402242c3141d98b36a380846a7068d9f482443f565d307e9b8c01fa0
main/record_invoice/high/64/unsupported/engineering,main/record_invoice/high/64,main,record_invoice,high,64,unsupported,engineering,1,1,1,1,1,0,0,0,0,0,0,1,0,1,3,3,0,8,c5792d78402242c3141d98b36a380846a7068d9f482443f565d307e9b8c01fa0
main/record_invoice/high/65/supported/retry_only,main/record_invoice/high/65,main,record_invoice,high,65,supported,retry_only,1,1,1,1,1,0,0,0,0,0,0,1,0,0,3,3,0,8,963c833791d82f959dfd42583fb183bf18a13f2cbafc256b72369d626f0f7612
main/record_invoice/high/65/supported/verify_only,main/record_invoice/high/65,main,record_invoice,high,65,supported,verify_only,1,1,1,1,1,0,0,0,0,0,0,1,0,0,3,3,0,8,963c833791d82f959dfd42583fb183bf18a13f2cbafc256b72369d626f0f7612
main/record_invoice/high/65/supported/paper_literal,main/record_invoice/high/65,main,record_invoice,high,65,supported,paper_literal,1,1,1,1,1,0,0,0,0,0,0,1,0,0,3,3,0,8,963c833791d82f959dfd42583fb183bf18a13f2cbafc256b72369d626f0f7612
main/record_invoice/high/65/supported/engineering,main/record_invoice/high/65,main,record_invoice,high,65,supported,engineering,1,1,1,1,1,0,0,0,0,0,0,1,0,1,3,3,0,8,963c833791d82f959dfd42583fb183bf18a13f2cbafc256b72369d626f0f7612
main/record_invoice/high/65/unsupported/retry_only,main/record_invoice/high/65,main,record_invoice,high,65,unsupported,retry_only,1,1,1,1,1,0,0,0,0,0,0,1,0,0,3,3,0,8,963c833791d82f959dfd42583fb183bf18a13f2cbafc256b72369d626f0f7612
main/record_invoice/high/65/unsupported/verify_only,main/record_invoice/high/65,main,record_invoice,high,65,unsupported,verify_only,1,1,1,1,1,0,0,0,0,0,0,1,0,0,3,3,0,8,963c833791d82f959dfd42583fb183bf18a13f2cbafc256b72369d626f0f7612
main/record_invoice/high/65/unsupported/paper_literal,main/record_invoice/high/65,main,record_invoice,high,65,unsupported,paper_literal,1,1,1,1,1,0,0,0,0,0,0,1,0,0,3,3,0,8,963c833791d82f959dfd42583fb183bf18a13f2cbafc256b72369d626f0f7612
main/record_invoice/high/65/unsupported/engineering,main/record_invoice/high/65,main,record_invoice,high,65,unsupported,engineering,1,1,1,1,1,0,0,0,0,0,0,1,0,1,3,3,0,8,963c833791d82f959dfd42583fb183bf18a13f2cbafc256b72369d626f0f7612
main/record_invoice/high/66/supported/retry_only,main/record_invoice/high/66,main,record_invoice,high,66,supported,retry_only,0,1,1,0,0,0,0,0,0,1,0,2,1,0,6,6,0,8,81d73eb9c271b4ffa8534a76a8419897871853ca6b3303199498fa6153fe457f
main/record_invoice/high/66/supported/verify_only,main/record_invoice/high/66,main,record_invoice,high,66,supported,verify_only,1,1,1,1,1,0,0,0,0,0,0,1,0,1,3,3,1,8,81d73eb9c271b4ffa8534a76a8419897871853ca6b3303199498fa6153fe457f
main/record_invoice/high/66/supported/paper_literal,main/record_invoice/high/66,main,record_invoice,high,66,supported,paper_literal,1,1,1,1,1,0,0,0,0,0,0,1,0,1,3,3,1,8,81d73eb9c271b4ffa8534a76a8419897871853ca6b3303199498fa6153fe457f
main/record_invoice/high/66/supported/engineering,main/record_invoice/high/66,main,record_invoice,high,66,supported,engineering,1,1,1,1,1,0,0,0,0,0,0,1,0,1,3,3,1,8,81d73eb9c271b4ffa8534a76a8419897871853ca6b3303199498fa6153fe457f
main/record_invoice/high/66/unsupported/retry_only,main/record_invoice/high/66,main,record_invoice,high,66,unsupported,retry_only,0,1,1,0,0,0,0,0,0,1,0,2,1,0,6,6,0,8,81d73eb9c271b4ffa8534a76a8419897871853ca6b3303199498fa6153fe457f
main/record_invoice/high/66/unsupported/verify_only,main/record_invoice/high/66,main,record_invoice,high,66,unsupported,verify_only,1,1,1,1,1,0,0,0,0,0,0,1,0,1,3,3,1,8,81d73eb9c271b4ffa8534a76a8419897871853ca6b3303199498fa6153fe457f
main/record_invoice/high/66/unsupported/paper_literal,main/record_invoice/high/66,main,record_invoice,high,66,unsupported,paper_literal,1,1,1,1,1,0,0,0,0,0,0,1,0,1,3,3,1,8,81d73eb9c271b4ffa8534a76a8419897871853ca6b3303199498fa6153fe457f
main/record_invoice/high/66/unsupported/engineering,main/record_invoice/high/66,main,record_invoice,high,66,unsupported,engineering,1,1,1,1,1,0,0,0,0,0,0,1,0,1,3,3,1,8,81d73eb9c271b4ffa8534a76a8419897871853ca6b3303199498fa6153fe457f
stress/activate_customer/clean/42/supported/retry_only,stress/activate_customer/clean/42,stress,activate_customer,clean,42,supported,retry_only,1,1,1,1,1,0,0,0,0,0,0,1,0,0,3,3,0,8,ed8471ae552f151fa9d5f05b8b67aa5e5f78606f4d99de28468f194ba44b9ebc
stress/activate_customer/clean/42/supported/verify_only,stress/activate_customer/clean/42,stress,activate_customer,clean,42,supported,verify_only,1,1,1,1,1,0,0,0,0,0,0,1,0,0,3,3,0,8,ed8471ae552f151fa9d5f05b8b67aa5e5f78606f4d99de28468f194ba44b9ebc
stress/activate_customer/clean/42/supported/paper_literal,stress/activate_customer/clean/42,stress,activate_customer,clean,42,supported,paper_literal,1,1,1,1,1,0,0,0,0,0,0,1,0,0,3,3,0,8,ed8471ae552f151fa9d5f05b8b67aa5e5f78606f4d99de28468f194ba44b9ebc
stress/activate_customer/clean/42/supported/engineering,stress/activate_customer/clean/42,stress,activate_customer,clean,42,supported,engineering,1,1,1,1,1,0,0,0,0,0,0,1,0,1,3,3,0,8,ed8471ae552f151fa9d5f05b8b67aa5e5f78606f4d99de28468f194ba44b9ebc
stress/activate_customer/clean/42/unsupported/retry_only,stress/activate_customer/clean/42,stress,activate_customer,clean,42,unsupported,retry_only,1,1,1,1,1,0,0,0,0,0,0,1,0,0,3,3,0,8,ed8471ae552f151fa9d5f05b8b67aa5e5f78606f4d99de28468f194ba44b9ebc
stress/activate_customer/clean/42/unsupported/verify_only,stress/activate_customer/clean/42,stress,activate_customer,clean,42,unsupported,verify_only,1,1,1,1,1,0,0,0,0,0,0,1,0,0,3,3,0,8,ed8471ae552f151fa9d5f05b8b67aa5e5f78606f4d99de28468f194ba44b9ebc
stress/activate_customer/clean/42/unsupported/paper_literal,stress/activate_customer/clean/42,stress,activate_customer,clean,42,unsupported,paper_literal,1,1,1,1,1,0,0,0,0,0,0,1,0,0,3,3,0,8,ed8471ae552f151fa9d5f05b8b67aa5e5f78606f4d99de28468f194ba44b9ebc
stress/activate_customer/clean/42/unsupported/engineering,stress/activate_customer/clean/42,stress,activate_customer,clean,42,unsupported,engineering,1,1,1,1,1,0,0,0,0,0,0,1,0,1,3,3,0,8,ed8471ae552f151fa9d5f05b8b67aa5e5f78606f4d99de28468f194ba44b9ebc
stress/activate_customer/clean/43/supported/retry_only,stress/activate_customer/clean/43,stress,activate_customer,clean,43,supported,retry_only,1,1,1,1,1,0,0,0,0,0,0,1,0,0,3,3,0,8,66bdd28cc35ac537cf52c13f8536aed8aa1ce53b7145b268d2cf1e24a5013b4e
stress/activate_customer/clean/43/supported/verify_only,stress/activate_customer/clean/43,stress,activate_customer,clean,43,supported,verify_only,1,1,1,1,1,0,0,0,0,0,0,1,0,0,3,3,0,8,66bdd28cc35ac537cf52c13f8536aed8aa1ce53b7145b268d2cf1e24a5013b4e
stress/activate_customer/clean/43/supported/paper_literal,stress/activate_customer/clean/43,stress,activate_customer,clean,43,supported,paper_literal,1,1,1,1,1,0,0,0,0,0,0,1,0,0,3,3,0,8,66bdd28cc35ac537cf52c13f8536aed8aa1ce53b7145b268d2cf1e24a5013b4e
stress/activate_customer/clean/43/supported/engineering,stress/activate_customer/clean/43,stress,activate_customer,clean,43,supported,engineering,1,1,1,1,1,0,0,0,0,0,0,1,0,1,3,3,0,8,66bdd28cc35ac537cf52c13f8536aed8aa1ce53b7145b268d2cf1e24a5013b4e
stress/activate_customer/clean/43/unsupported/retry_only,stress/activate_customer/clean/43,stress,activate_customer,clean,43,unsupported,retry_only,1,1,1,1,1,0,0,0,0,0,0,1,0,0,3,3,0,8,66bdd28cc35ac537cf52c13f8536aed8aa1ce53b7145b268d2cf1e24a5013b4e
stress/activate_customer/clean/43/unsupported/verify_only,stress/activate_customer/clean/43,stress,activate_customer,clean,43,unsupported,verify_only,1,1,1,1,1,0,0,0,0,0,0,1,0,0,3,3,0,8,66bdd28cc35ac537cf52c13f8536aed8aa1ce53b7145b268d2cf1e24a5013b4e
stress/activate_customer/clean/43/unsupported/paper_literal,stress/activate_customer/clean/43,stress,activate_customer,clean,43,unsupported,paper_literal,1,1,1,1,1,0,0,0,0,0,0,1,0,0,3,3,0,8,66bdd28cc35ac537cf52c13f8536aed8aa1ce53b7145b268d2cf1e24a5013b4e
stress/activate_customer/clean/43/unsupported/engineering,stress/activate_customer/clean/43,stress,activate_customer,clean,43,unsupported,engineering,1,1,1,1,1,0,0,0,0,0,0,1,0,1,3,3,0,8,66bdd28cc35ac537cf52c13f8536aed8aa1ce53b7145b268d2cf1e24a5013b4e
stress/activate_customer/clean/44/supported/retry_only,stress/activate_customer/clean/44,stress,activate_customer,clean,44,supported,retry_only,1,1,1,1,1,0,0,0,0,0,0,1,0,0,3,3,0,8,a25d0b4419385bd6f1d21eb788592e6e84a807953d9397505ad7e99df30992b3
stress/activate_customer/clean/44/supported/verify_only,stress/activate_customer/clean/44,stress,activate_customer,clean,44,supported,verify_only,1,1,1,1,1,0,0,0,0,0,0,1,0,0,3,3,0,8,a25d0b4419385bd6f1d21eb788592e6e84a807953d9397505ad7e99df30992b3
stress/activate_customer/clean/44/supported/paper_literal,stress/activate_customer/clean/44,stress,activate_customer,clean,44,supported,paper_literal,1,1,1,1,1,0,0,0,0,0,0,1,0,0,3,3,0,8,a25d0b4419385bd6f1d21eb788592e6e84a807953d9397505ad7e99df30992b3
stress/activate_customer/clean/44/supported/engineering,stress/activate_customer/clean/44,stress,activate_customer,clean,44,supported,engineering,1,1,1,1,1,0,0,0,0,0,0,1,0,1,3,3,0,8,a25d0b4419385bd6f1d21eb788592e6e84a807953d9397505ad7e99df30992b3
stress/activate_customer/clean/44/unsupported/retry_only,stress/activate_customer/clean/44,stress,activate_customer,clean,44,unsupported,retry_only,1,1,1,1,1,0,0,0,0,0,0,1,0,0,3,3,0,8,a25d0b4419385bd6f1d21eb788592e6e84a807953d9397505ad7e99df30992b3
stress/activate_customer/clean/44/unsupported/verify_only,stress/activate_customer/clean/44,stress,activate_customer,clean,44,unsupported,verify_only,1,1,1,1,1,0,0,0,0,0,0,1,0,0,3,3,0,8,a25d0b4419385bd6f1d21eb788592e6e84a807953d9397505ad7e99df30992b3
stress/activate_customer/clean/44/unsupported/paper_literal,stress/activate_customer/clean/44,stress,activate_customer,clean,44,unsupported,paper_literal,1,1,1,1,1,0,0,0,0,0,0,1,0,0,3,3,0,8,a25d0b4419385bd6f1d21eb788592e6e84a807953d9397505ad7e99df30992b3
stress/activate_customer/clean/44/unsupported/engineering,stress/activate_customer/clean/44,stress,activate_customer,clean,44,unsupported,engineering,1,1,1,1,1,0,0,0,0,0,0,1,0,1,3,3,0,8,a25d0b4419385bd6f1d21eb788592e6e84a807953d9397505ad7e99df30992b3
stress/activate_customer/clean/45/supported/retry_only,stress/activate_customer/clean/45,stress,activate_customer,clean,45,supported,retry_only,1,1,1,1,1,0,0,0,0,0,0,1,0,0,3,3,0,8,923445aa9936c1e70f2663fef732d71b06c7b4605d723352ee83e5447e65e07a
stress/activate_customer/clean/45/supported/verify_only,stress/activate_customer/clean/45,stress,activate_customer,clean,45,supported,verify_only,1,1,1,1,1,0,0,0,0,0,0,1,0,0,3,3,0,8,923445aa9936c1e70f2663fef732d71b06c7b4605d723352ee83e5447e65e07a
stress/activate_customer/clean/45/supported/paper_literal,stress/activate_customer/clean/45,stress,activate_customer,clean,45,supported,paper_literal,1,1,1,1,1,0,0,0,0,0,0,1,0,0,3,3,0,8,923445aa9936c1e70f2663fef732d71b06c7b4605d723352ee83e5447e65e07a
stress/activate_customer/clean/45/supported/engineering,stress/activate_customer/clean/45,stress,activate_customer,clean,45,supported,engineering,1,1,1,1,1,0,0,0,0,0,0,1,0,1,3,3,0,8,923445aa9936c1e70f2663fef732d71b06c7b4605d723352ee83e5447e65e07a
stress/activate_customer/clean/45/unsupported/retry_only,stress/activate_customer/clean/45,stress,activate_customer,clean,45,unsupported,retry_only,1,1,1,1,1,0,0,0,0,0,0,1,0,0,3,3,0,8,923445aa9936c1e70f2663fef732d71b06c7b4605d723352ee83e5447e65e07a
stress/activate_customer/clean/45/unsupported/verify_only,stress/activate_customer/clean/45,stress,activate_customer,clean,45,unsupported,verify_only,1,1,1,1,1,0,0,0,0,0,0,1,0,0,3,3,0,8,923445aa9936c1e70f2663fef732d71b06c7b4605d723352ee83e5447e65e07a
stress/activate_customer/clean/45/unsupported/paper_literal,stress/activate_customer/clean/45,stress,activate_customer,clean,45,unsupported,paper_literal,1,1,1,1,1,0,0,0,0,0,0,1,0,0,3,3,0,8,923445aa9936c1e70f2663fef732d71b06c7b4605d723352ee83e5447e65e07a
stress/activate_customer/clean/45/unsupported/engineering,stress/activate_customer/clean/45,stress,activate_customer,clean,45,unsupported,engineering,1,1,1,1,1,0,0,0,0,0,0,1,0,1,3,3,0,8,923445aa9936c1e70f2663fef732d71b06c7b4605d723352ee83e5447e65e07a
stress/activate_customer/clean/46/supported/retry_only,stress/activate_customer/clean/46,stress,activate_customer,clean,46,supported,retry_only,1,1,1,1,1,0,0,0,0,0,0,1,0,0,3,3,0,8,245fa18268c62d46b5badb36fea083711fd6eeae87047f9a93f087c6d306be81
stress/activate_customer/clean/46/supported/verify_only,stress/activate_customer/clean/46,stress,activate_customer,clean,46,supported,verify_only,1,1,1,1,1,0,0,0,0,0,0,1,0,0,3,3,0,8,245fa18268c62d46b5badb36fea083711fd6eeae87047f9a93f087c6d306be81
stress/activate_customer/clean/46/supported/paper_literal,stress/activate_customer/clean/46,stress,activate_customer,clean,46,supported,paper_literal,1,1,1,1,1,0,0,0,0,0,0,1,0,0,3,3,0,8,245fa18268c62d46b5badb36fea083711fd6eeae87047f9a93f087c6d306be81
stress/activate_customer/clean/46/supported/engineering,stress/activate_customer/clean/46,stress,activate_customer,clean,46,supported,engineering,1,1,1,1,1,0,0,0,0,0,0,1,0,1,3,3,0,8,245fa18268c62d46b5badb36fea083711fd6eeae87047f9a93f087c6d306be81
stress/activate_customer/clean/46/unsupported/retry_only,stress/activate_customer/clean/46,stress,activate_customer,clean,46,unsupported,retry_only,1,1,1,1,1,0,0,0,0,0,0,1,0,0,3,3,0,8,245fa18268c62d46b5badb36fea083711fd6eeae87047f9a93f087c6d306be81
stress/activate_customer/clean/46/unsupported/verify_only,stress/activate_customer/clean/46,stress,activate_customer,clean,46,unsupported,verify_only,1,1,1,1,1,0,0,0,0,0,0,1,0,0,3,3,0,8,245fa18268c62d46b5badb36fea083711fd6eeae87047f9a93f087c6d306be81
stress/activate_customer/clean/46/unsupported/paper_literal,stress/activate_customer/clean/46,stress,activate_customer,clean,46,unsupported,paper_literal,1,1,1,1,1,0,0,0,0,0,0,1,0,0,3,3,0,8,245fa18268c62d46b5badb36fea083711fd6eeae87047f9a93f087c6d306be81
stress/activate_customer/clean/46/unsupported/engineering,stress/activate_customer/clean/46,stress,activate_customer,clean,46,unsupported,engineering,1,1,1,1,1,0,0,0,0,0,0,1,0,1,3,3,0,8,245fa18268c62d46b5badb36fea083711fd6eeae87047f9a93f087c6d306be81
stress/activate_customer/commit_timeout/42/supported/retry_only,stress/activate_customer/commit_timeout/42,stress,activate_customer,commit_timeout,42,supported,retry_only,1,0,0,0,0,1,1,0,0,1,0,2,1,0,6,6,0,8,1c4f13290e7117064b4d2c10497c0b647d895ee223ee5006fc73684bd351b8d1
stress/activate_customer/commit_timeout/42/supported/verify_only,stress/activate_customer/commit_timeout/42,stress,activate_customer,commit_timeout,42,supported,verify_only,1,1,1,1,1,0,0,0,0,0,0,1,0,1,3,3,1,8,1c4f13290e7117064b4d2c10497c0b647d895ee223ee5006fc73684bd351b8d1
stress/activate_customer/commit_timeout/42/supported/paper_literal,stress/activate_customer/commit_timeout/42,stress,activate_customer,commit_timeout,42,supported,paper_literal,1,1,1,1,1,0,0,0,0,0,0,1,0,1,3,3,1,8,1c4f13290e7117064b4d2c10497c0b647d895ee223ee5006fc73684bd351b8d1
stress/activate_customer/commit_timeout/42/supported/engineering,stress/activate_customer/commit_timeout/42,stress,activate_customer,commit_timeout,42,supported,engineering,1,1,1,1,1,0,0,0,0,0,0,1,0,1,3,3,1,8,1c4f13290e7117064b4d2c10497c0b647d895ee223ee5006fc73684bd351b8d1
stress/activate_customer/commit_timeout/42/unsupported/retry_only,stress/activate_customer/commit_timeout/42,stress,activate_customer,commit_timeout,42,unsupported,retry_only,1,0,0,0,0,1,1,0,0,1,0,2,1,0,6,6,0,8,1c4f13290e7117064b4d2c10497c0b647d895ee223ee5006fc73684bd351b8d1
stress/activate_customer/commit_timeout/42/unsupported/verify_only,stress/activate_customer/commit_timeout/42,stress,activate_customer,commit_timeout,42,unsupported,verify_only,1,1,1,1,1,0,0,0,0,0,0,1,0,1,3,3,1,8,1c4f13290e7117064b4d2c10497c0b647d895ee223ee5006fc73684bd351b8d1
stress/activate_customer/commit_timeout/42/unsupported/paper_literal,stress/activate_customer/commit_timeout/42,stress,activate_customer,commit_timeout,42,unsupported,paper_literal,1,1,1,1,1,0,0,0,0,0,0,1,0,1,3,3,1,8,1c4f13290e7117064b4d2c10497c0b647d895ee223ee5006fc73684bd351b8d1
stress/activate_customer/commit_timeout/42/unsupported/engineering,stress/activate_customer/commit_timeout/42,stress,activate_customer,commit_timeout,42,unsupported,engineering,1,1,1,1,1,0,0,0,0,0,0,1,0,1,3,3,1,8,1c4f13290e7117064b4d2c10497c0b647d895ee223ee5006fc73684bd351b8d1
stress/activate_customer/commit_timeout/43/supported/retry_only,stress/activate_customer/commit_timeout/43,stress,activate_customer,commit_timeout,43,supported,retry_only,1,0,0,0,0,1,1,0,0,1,0,2,1,0,6,6,0,8,4d70b4e225d05d600d372657f2bdc4c1c1c8aa048b5105ffe748ce0478fba4b2
stress/activate_customer/commit_timeout/43/supported/verify_only,stress/activate_customer/commit_timeout/43,stress,activate_customer,commit_timeout,43,supported,verify_only,1,1,1,1,1,0,0,0,0,0,0,1,0,1,3,3,1,8,4d70b4e225d05d600d372657f2bdc4c1c1c8aa048b5105ffe748ce0478fba4b2
stress/activate_customer/commit_timeout/43/supported/paper_literal,stress/activate_customer/commit_timeout/43,stress,activate_customer,commit_timeout,43,supported,paper_literal,1,1,1,1,1,0,0,0,0,0,0,1,0,1,3,3,1,8,4d70b4e225d05d600d372657f2bdc4c1c1c8aa048b5105ffe748ce0478fba4b2
stress/activate_customer/commit_timeout/43/supported/engineering,stress/activate_customer/commit_timeout/43,stress,activate_customer,commit_timeout,43,supported,engineering,1,1,1,1,1,0,0,0,0,0,0,1,0,1,3,3,1,8,4d70b4e225d05d600d372657f2bdc4c1c1c8aa048b5105ffe748ce0478fba4b2
stress/activate_customer/commit_timeout/43/unsupported/retry_only,stress/activate_customer/commit_timeout/43,stress,activate_customer,commit_timeout,43,unsupported,retry_only,1,0,0,0,0,1,1,0,0,1,0,2,1,0,6,6,0,8,4d70b4e225d05d600d372657f2bdc4c1c1c8aa048b5105ffe748ce0478fba4b2
stress/activate_customer/commit_timeout/43/unsupported/verify_only,stress/activate_customer/commit_timeout/43,stress,activate_customer,commit_timeout,43,unsupported,verify_only,1,1,1,1,1,0,0,0,0,0,0,1,0,1,3,3,1,8,4d70b4e225d05d600d372657f2bdc4c1c1c8aa048b5105ffe748ce0478fba4b2
stress/activate_customer/commit_timeout/43/unsupported/paper_literal,stress/activate_customer/commit_timeout/43,stress,activate_customer,commit_timeout,43,unsupported,paper_literal,1,1,1,1,1,0,0,0,0,0,0,1,0,1,3,3,1,8,4d70b4e225d05d600d372657f2bdc4c1c1c8aa048b5105ffe748ce0478fba4b2
stress/activate_customer/commit_timeout/43/unsupported/engineering,stress/activate_customer/commit_timeout/43,stress,activate_customer,commit_timeout,43,unsupported,engineering,1,1,1,1,1,0,0,0,0,0,0,1,0,1,3,3,1,8,4d70b4e225d05d600d372657f2bdc4c1c1c8aa048b5105ffe748ce0478fba4b2
stress/activate_customer/commit_timeout/44/supported/retry_only,stress/activate_customer/commit_timeout/44,stress,activate_customer,commit_timeout,44,supported,retry_only,1,0,0,0,0,1,1,0,0,1,0,2,1,0,6,6,0,8,67d584b74109cc9ce9062508df5fca372e8fdc1ae45e0429ba0799cc87d4d7f5
stress/activate_customer/commit_timeout/44/supported/verify_only,stress/activate_customer/commit_timeout/44,stress,activate_customer,commit_timeout,44,supported,verify_only,1,1,1,1,1,0,0,0,0,0,0,1,0,1,3,3,1,8,67d584b74109cc9ce9062508df5fca372e8fdc1ae45e0429ba0799cc87d4d7f5
stress/activate_customer/commit_timeout/44/supported/paper_literal,stress/activate_customer/commit_timeout/44,stress,activate_customer,commit_timeout,44,supported,paper_literal,1,1,1,1,1,0,0,0,0,0,0,1,0,1,3,3,1,8,67d584b74109cc9ce9062508df5fca372e8fdc1ae45e0429ba0799cc87d4d7f5
stress/activate_customer/commit_timeout/44/supported/engineering,stress/activate_customer/commit_timeout/44,stress,activate_customer,commit_timeout,44,supported,engineering,1,1,1,1,1,0,0,0,0,0,0,1,0,1,3,3,1,8,67d584b74109cc9ce9062508df5fca372e8fdc1ae45e0429ba0799cc87d4d7f5
stress/activate_customer/commit_timeout/44/unsupported/retry_only,stress/activate_customer/commit_timeout/44,stress,activate_customer,commit_timeout,44,unsupported,retry_only,1,0,0,0,0,1,1,0,0,1,0,2,1,0,6,6,0,8,67d584b74109cc9ce9062508df5fca372e8fdc1ae45e0429ba0799cc87d4d7f5
stress/activate_customer/commit_timeout/44/unsupported/verify_only,stress/activate_customer/commit_timeout/44,stress,activate_customer,commit_timeout,44,unsupported,verify_only,1,1,1,1,1,0,0,0,0,0,0,1,0,1,3,3,1,8,67d584b74109cc9ce9062508df5fca372e8fdc1ae45e0429ba0799cc87d4d7f5
stress/activate_customer/commit_timeout/44/unsupported/paper_literal,stress/activate_customer/commit_timeout/44,stress,activate_customer,commit_timeout,44,unsupported,paper_literal,1,1,1,1,1,0,0,0,0,0,0,1,0,1,3,3,1,8,67d584b74109cc9ce9062508df5fca372e8fdc1ae45e0429ba0799cc87d4d7f5
stress/activate_customer/commit_timeout/44/unsupported/engineering,stress/activate_customer/commit_timeout/44,stress,activate_customer,commit_timeout,44,unsupported,engineering,1,1,1,1,1,0,0,0,0,0,0,1,0,1,3,3,1,8,67d584b74109cc9ce9062508df5fca372e8fdc1ae45e0429ba0799cc87d4d7f5
stress/activate_customer/commit_timeout/45/supported/retry_only,stress/activate_customer/commit_timeout/45,stress,activate_customer,commit_timeout,45,supported,retry_only,1,0,0,0,0,1,1,0,0,1,0,2,1,0,6,6,0,8,ba8b404f300da775c9f9f4f0fa9df3f48ec73d252a121aed6655fa906cf668ce
stress/activate_customer/commit_timeout/45/supported/verify_only,stress/activate_customer/commit_timeout/45,stress,activate_customer,commit_timeout,45,supported,verify_only,1,1,1,1,1,0,0,0,0,0,0,1,0,1,3,3,1,8,ba8b404f300da775c9f9f4f0fa9df3f48ec73d252a121aed6655fa906cf668ce
stress/activate_customer/commit_timeout/45/supported/paper_literal,stress/activate_customer/commit_timeout/45,stress,activate_customer,commit_timeout,45,supported,paper_literal,1,1,1,1,1,0,0,0,0,0,0,1,0,1,3,3,1,8,ba8b404f300da775c9f9f4f0fa9df3f48ec73d252a121aed6655fa906cf668ce
stress/activate_customer/commit_timeout/45/supported/engineering,stress/activate_customer/commit_timeout/45,stress,activate_customer,commit_timeout,45,supported,engineering,1,1,1,1,1,0,0,0,0,0,0,1,0,1,3,3,1,8,ba8b404f300da775c9f9f4f0fa9df3f48ec73d252a121aed6655fa906cf668ce
stress/activate_customer/commit_timeout/45/unsupported/retry_only,stress/activate_customer/commit_timeout/45,stress,activate_customer,commit_timeout,45,unsupported,retry_only,1,0,0,0,0,1,1,0,0,1,0,2,1,0,6,6,0,8,ba8b404f300da775c9f9f4f0fa9df3f48ec73d252a121aed6655fa906cf668ce
stress/activate_customer/commit_timeout/45/unsupported/verify_only,stress/activate_customer/commit_timeout/45,stress,activate_customer,commit_timeout,45,unsupported,verify_only,1,1,1,1,1,0,0,0,0,0,0,1,0,1,3,3,1,8,ba8b404f300da775c9f9f4f0fa9df3f48ec73d252a121aed6655fa906cf668ce
stress/activate_customer/commit_timeout/45/unsupported/paper_literal,stress/activate_customer/commit_timeout/45,stress,activate_customer,commit_timeout,45,unsupported,paper_literal,1,1,1,1,1,0,0,0,0,0,0,1,0,1,3,3,1,8,ba8b404f300da775c9f9f4f0fa9df3f48ec73d252a121aed6655fa906cf668ce
stress/activate_customer/commit_timeout/45/unsupported/engineering,stress/activate_customer/commit_timeout/45,stress,activate_customer,commit_timeout,45,unsupported,engineering,1,1,1,1,1,0,0,0,0,0,0,1,0,1,3,3,1,8,ba8b404f300da775c9f9f4f0fa9df3f48ec73d252a121aed6655fa906cf668ce
stress/activate_customer/commit_timeout/46/supported/retry_only,stress/activate_customer/commit_timeout/46,stress,activate_customer,commit_timeout,46,supported,retry_only,1,0,0,0,0,1,1,0,0,1,0,2,1,0,6,6,0,8,514649bb346c3ec56c7ef1350fbb7005f23557aa837b7887304c19cc704f34ea
stress/activate_customer/commit_timeout/46/supported/verify_only,stress/activate_customer/commit_timeout/46,stress,activate_customer,commit_timeout,46,supported,verify_only,1,1,1,1,1,0,0,0,0,0,0,1,0,1,3,3,1,8,514649bb346c3ec56c7ef1350fbb7005f23557aa837b7887304c19cc704f34ea
stress/activate_customer/commit_timeout/46/supported/paper_literal,stress/activate_customer/commit_timeout/46,stress,activate_customer,commit_timeout,46,supported,paper_literal,1,1,1,1,1,0,0,0,0,0,0,1,0,1,3,3,1,8,514649bb346c3ec56c7ef1350fbb7005f23557aa837b7887304c19cc704f34ea
stress/activate_customer/commit_timeout/46/supported/engineering,stress/activate_customer/commit_timeout/46,stress,activate_customer,commit_timeout,46,supported,engineering,1,1,1,1,1,0,0,0,0,0,0,1,0,1,3,3,1,8,514649bb346c3ec56c7ef1350fbb7005f23557aa837b7887304c19cc704f34ea
stress/activate_customer/commit_timeout/46/unsupported/retry_only,stress/activate_customer/commit_timeout/46,stress,activate_customer,commit_timeout,46,unsupported,retry_only,1,0,0,0,0,1,1,0,0,1,0,2,1,0,6,6,0,8,514649bb346c3ec56c7ef1350fbb7005f23557aa837b7887304c19cc704f34ea
stress/activate_customer/commit_timeout/46/unsupported/verify_only,stress/activate_customer/commit_timeout/46,stress,activate_customer,commit_timeout,46,unsupported,verify_only,1,1,1,1,1,0,0,0,0,0,0,1,0,1,3,3,1,8,514649bb346c3ec56c7ef1350fbb7005f23557aa837b7887304c19cc704f34ea
stress/activate_customer/commit_timeout/46/unsupported/paper_literal,stress/activate_customer/commit_timeout/46,stress,activate_customer,commit_timeout,46,unsupported,paper_literal,1,1,1,1,1,0,0,0,0,0,0,1,0,1,3,3,1,8,514649bb346c3ec56c7ef1350fbb7005f23557aa837b7887304c19cc704f34ea
stress/activate_customer/commit_timeout/46/unsupported/engineering,stress/activate_customer/commit_timeout/46,stress,activate_customer,commit_timeout,46,unsupported,engineering,1,1,1,1,1,0,0,0,0,0,0,1,0,1,3,3,1,8,514649bb346c3ec56c7ef1350fbb7005f23557aa837b7887304c19cc704f34ea
stress/activate_customer/false_success/42/supported/retry_only,stress/activate_customer/false_success/42,stress,activate_customer,false_success,42,supported,retry_only,1,0,0,0,0,1,1,0,0,0,3,1,0,0,0,0,0,8,aa4c6ea7e0c61270a7941945d9ca418cf8513d0e36f772743b85d73ce94b0c59
stress/activate_customer/false_success/42/supported/verify_only,stress/activate_customer/false_success/42,stress,activate_customer,false_success,42,supported,verify_only,1,0,0,0,0,1,1,0,0,0,3,1,0,0,0,0,0,8,aa4c6ea7e0c61270a7941945d9ca418cf8513d0e36f772743b85d73ce94b0c59
stress/activate_customer/false_success/42/supported/paper_literal,stress/activate_customer/false_success/42,stress,activate_customer,false_success,42,supported,paper_literal,1,0,0,0,0,1,1,0,0,0,3,1,0,0,0,0,0,8,aa4c6ea7e0c61270a7941945d9ca418cf8513d0e36f772743b85d73ce94b0c59
stress/activate_customer/false_success/42/supported/engineering,stress/activate_customer/false_success/42,stress,activate_customer,false_success,42,supported,engineering,1,1,1,1,1,0,0,0,0,0,0,2,1,2,3,3,0,8,aa4c6ea7e0c61270a7941945d9ca418cf8513d0e36f772743b85d73ce94b0c59
stress/activate_customer/false_success/42/unsupported/retry_only,stress/activate_customer/false_success/42,stress,activate_customer,false_success,42,unsupported,retry_only,1,0,0,0,0,1,1,0,0,0,3,1,0,0,0,0,0,8,aa4c6ea7e0c61270a7941945d9ca418cf8513d0e36f772743b85d73ce94b0c59
stress/activate_customer/false_success/42/unsupported/verify_only,stress/activate_customer/false_success/42,stress,activate_customer,false_success,42,unsupported,verify_only,1,0,0,0,0,1,1,0,0,0,3,1,0,0,0,0,0,8,aa4c6ea7e0c61270a7941945d9ca418cf8513d0e36f772743b85d73ce94b0c59
stress/activate_customer/false_success/42/unsupported/paper_literal,stress/activate_customer/false_success/42,stress,activate_customer,false_success,42,unsupported,paper_literal,1,0,0,0,0,1,1,0,0,0,3,1,0,0,0,0,0,8,aa4c6ea7e0c61270a7941945d9ca418cf8513d0e36f772743b85d73ce94b0c59
stress/activate_customer/false_success/42/unsupported/engineering,stress/activate_customer/false_success/42,stress,activate_customer,false_success,42,unsupported,engineering,1,1,1,1,1,0,0,0,0,0,0,2,1,2,3,3,0,8,aa4c6ea7e0c61270a7941945d9ca418cf8513d0e36f772743b85d73ce94b0c59
stress/activate_customer/false_success/43/supported/retry_only,stress/activate_customer/false_success/43,stress,activate_customer,false_success,43,supported,retry_only,1,0,0,0,0,1,1,0,0,0,3,1,0,0,0,0,0,8,7b69c920cdb6bb2101fbbe800f4f68288b2603f6443e3389f2d9019a61e30e68
stress/activate_customer/false_success/43/supported/verify_only,stress/activate_customer/false_success/43,stress,activate_customer,false_success,43,supported,verify_only,1,0,0,0,0,1,1,0,0,0,3,1,0,0,0,0,0,8,7b69c920cdb6bb2101fbbe800f4f68288b2603f6443e3389f2d9019a61e30e68
stress/activate_customer/false_success/43/supported/paper_literal,stress/activate_customer/false_success/43,stress,activate_customer,false_success,43,supported,paper_literal,1,0,0,0,0,1,1,0,0,0,3,1,0,0,0,0,0,8,7b69c920cdb6bb2101fbbe800f4f68288b2603f6443e3389f2d9019a61e30e68
stress/activate_customer/false_success/43/supported/engineering,stress/activate_customer/false_success/43,stress,activate_customer,false_success,43,supported,engineering,1,1,1,1,1,0,0,0,0,0,0,2,1,2,3,3,0,8,7b69c920cdb6bb2101fbbe800f4f68288b2603f6443e3389f2d9019a61e30e68
stress/activate_customer/false_success/43/unsupported/retry_only,stress/activate_customer/false_success/43,stress,activate_customer,false_success,43,unsupported,retry_only,1,0,0,0,0,1,1,0,0,0,3,1,0,0,0,0,0,8,7b69c920cdb6bb2101fbbe800f4f68288b2603f6443e3389f2d9019a61e30e68
stress/activate_customer/false_success/43/unsupported/verify_only,stress/activate_customer/false_success/43,stress,activate_customer,false_success,43,unsupported,verify_only,1,0,0,0,0,1,1,0,0,0,3,1,0,0,0,0,0,8,7b69c920cdb6bb2101fbbe800f4f68288b2603f6443e3389f2d9019a61e30e68
stress/activate_customer/false_success/43/unsupported/paper_literal,stress/activate_customer/false_success/43,stress,activate_customer,false_success,43,unsupported,paper_literal,1,0,0,0,0,1,1,0,0,0,3,1,0,0,0,0,0,8,7b69c920cdb6bb2101fbbe800f4f68288b2603f6443e3389f2d9019a61e30e68
stress/activate_customer/false_success/43/unsupported/engineering,stress/activate_customer/false_success/43,stress,activate_customer,false_success,43,unsupported,engineering,1,1,1,1,1,0,0,0,0,0,0,2,1,2,3,3,0,8,7b69c920cdb6bb2101fbbe800f4f68288b2603f6443e3389f2d9019a61e30e68
stress/activate_customer/false_success/44/supported/retry_only,stress/activate_customer/false_success/44,stress,activate_customer,false_success,44,supported,retry_only,1,0,0,0,0,1,1,0,0,0,3,1,0,0,0,0,0,8,be8758e7e9affa197eab4c28647b0676db6de180839980f19f5cbce8fddbb030
stress/activate_customer/false_success/44/supported/verify_only,stress/activate_customer/false_success/44,stress,activate_customer,false_success,44,supported,verify_only,1,0,0,0,0,1,1,0,0,0,3,1,0,0,0,0,0,8,be8758e7e9affa197eab4c28647b0676db6de180839980f19f5cbce8fddbb030
stress/activate_customer/false_success/44/supported/paper_literal,stress/activate_customer/false_success/44,stress,activate_customer,false_success,44,supported,paper_literal,1,0,0,0,0,1,1,0,0,0,3,1,0,0,0,0,0,8,be8758e7e9affa197eab4c28647b0676db6de180839980f19f5cbce8fddbb030
stress/activate_customer/false_success/44/supported/engineering,stress/activate_customer/false_success/44,stress,activate_customer,false_success,44,supported,engineering,1,1,1,1,1,0,0,0,0,0,0,2,1,2,3,3,0,8,be8758e7e9affa197eab4c28647b0676db6de180839980f19f5cbce8fddbb030
stress/activate_customer/false_success/44/unsupported/retry_only,stress/activate_customer/false_success/44,stress,activate_customer,false_success,44,unsupported,retry_only,1,0,0,0,0,1,1,0,0,0,3,1,0,0,0,0,0,8,be8758e7e9affa197eab4c28647b0676db6de180839980f19f5cbce8fddbb030
stress/activate_customer/false_success/44/unsupported/verify_only,stress/activate_customer/false_success/44,stress,activate_customer,false_success,44,unsupported,verify_only,1,0,0,0,0,1,1,0,0,0,3,1,0,0,0,0,0,8,be8758e7e9affa197eab4c28647b0676db6de180839980f19f5cbce8fddbb030
stress/activate_customer/false_success/44/unsupported/paper_literal,stress/activate_customer/false_success/44,stress,activate_customer,false_success,44,unsupported,paper_literal,1,0,0,0,0,1,1,0,0,0,3,1,0,0,0,0,0,8,be8758e7e9affa197eab4c28647b0676db6de180839980f19f5cbce8fddbb030
stress/activate_customer/false_success/44/unsupported/engineering,stress/activate_customer/false_success/44,stress,activate_customer,false_success,44,unsupported,engineering,1,1,1,1,1,0,0,0,0,0,0,2,1,2,3,3,0,8,be8758e7e9affa197eab4c28647b0676db6de180839980f19f5cbce8fddbb030
stress/activate_customer/false_success/45/supported/retry_only,stress/activate_customer/false_success/45,stress,activate_customer,false_success,45,supported,retry_only,1,0,0,0,0,1,1,0,0,0,3,1,0,0,0,0,0,8,a1854792f8c38159d33c7ecdd23abb1b7f7048325f2505c783459ee5cdf41547
stress/activate_customer/false_success/45/supported/verify_only,stress/activate_customer/false_success/45,stress,activate_customer,false_success,45,supported,verify_only,1,0,0,0,0,1,1,0,0,0,3,1,0,0,0,0,0,8,a1854792f8c38159d33c7ecdd23abb1b7f7048325f2505c783459ee5cdf41547
stress/activate_customer/false_success/45/supported/paper_literal,stress/activate_customer/false_success/45,stress,activate_customer,false_success,45,supported,paper_literal,1,0,0,0,0,1,1,0,0,0,3,1,0,0,0,0,0,8,a1854792f8c38159d33c7ecdd23abb1b7f7048325f2505c783459ee5cdf41547
stress/activate_customer/false_success/45/supported/engineering,stress/activate_customer/false_success/45,stress,activate_customer,false_success,45,supported,engineering,1,1,1,1,1,0,0,0,0,0,0,2,1,2,3,3,0,8,a1854792f8c38159d33c7ecdd23abb1b7f7048325f2505c783459ee5cdf41547
stress/activate_customer/false_success/45/unsupported/retry_only,stress/activate_customer/false_success/45,stress,activate_customer,false_success,45,unsupported,retry_only,1,0,0,0,0,1,1,0,0,0,3,1,0,0,0,0,0,8,a1854792f8c38159d33c7ecdd23abb1b7f7048325f2505c783459ee5cdf41547
stress/activate_customer/false_success/45/unsupported/verify_only,stress/activate_customer/false_success/45,stress,activate_customer,false_success,45,unsupported,verify_only,1,0,0,0,0,1,1,0,0,0,3,1,0,0,0,0,0,8,a1854792f8c38159d33c7ecdd23abb1b7f7048325f2505c783459ee5cdf41547
stress/activate_customer/false_success/45/unsupported/paper_literal,stress/activate_customer/false_success/45,stress,activate_customer,false_success,45,unsupported,paper_literal,1,0,0,0,0,1,1,0,0,0,3,1,0,0,0,0,0,8,a1854792f8c38159d33c7ecdd23abb1b7f7048325f2505c783459ee5cdf41547
stress/activate_customer/false_success/45/unsupported/engineering,stress/activate_customer/false_success/45,stress,activate_customer,false_success,45,unsupported,engineering,1,1,1,1,1,0,0,0,0,0,0,2,1,2,3,3,0,8,a1854792f8c38159d33c7ecdd23abb1b7f7048325f2505c783459ee5cdf41547
stress/activate_customer/false_success/46/supported/retry_only,stress/activate_customer/false_success/46,stress,activate_customer,false_success,46,supported,retry_only,1,0,0,0,0,1,1,0,0,0,3,1,0,0,0,0,0,8,af138850b8b70d81cdb53aef597aa0967ffb9ac9c7f8cfd65e61a27e23da2a47
stress/activate_customer/false_success/46/supported/verify_only,stress/activate_customer/false_success/46,stress,activate_customer,false_success,46,supported,verify_only,1,0,0,0,0,1,1,0,0,0,3,1,0,0,0,0,0,8,af138850b8b70d81cdb53aef597aa0967ffb9ac9c7f8cfd65e61a27e23da2a47
stress/activate_customer/false_success/46/supported/paper_literal,stress/activate_customer/false_success/46,stress,activate_customer,false_success,46,supported,paper_literal,1,0,0,0,0,1,1,0,0,0,3,1,0,0,0,0,0,8,af138850b8b70d81cdb53aef597aa0967ffb9ac9c7f8cfd65e61a27e23da2a47
stress/activate_customer/false_success/46/supported/engineering,stress/activate_customer/false_success/46,stress,activate_customer,false_success,46,supported,engineering,1,1,1,1,1,0,0,0,0,0,0,2,1,2,3,3,0,8,af138850b8b70d81cdb53aef597aa0967ffb9ac9c7f8cfd65e61a27e23da2a47
stress/activate_customer/false_success/46/unsupported/retry_only,stress/activate_customer/false_success/46,stress,activate_customer,false_success,46,unsupported,retry_only,1,0,0,0,0,1,1,0,0,0,3,1,0,0,0,0,0,8,af138850b8b70d81cdb53aef597aa0967ffb9ac9c7f8cfd65e61a27e23da2a47
stress/activate_customer/false_success/46/unsupported/verify_only,stress/activate_customer/false_success/46,stress,activate_customer,false_success,46,unsupported,verify_only,1,0,0,0,0,1,1,0,0,0,3,1,0,0,0,0,0,8,af138850b8b70d81cdb53aef597aa0967ffb9ac9c7f8cfd65e61a27e23da2a47
stress/activate_customer/false_success/46/unsupported/paper_literal,stress/activate_customer/false_success/46,stress,activate_customer,false_success,46,unsupported,paper_literal,1,0,0,0,0,1,1,0,0,0,3,1,0,0,0,0,0,8,af138850b8b70d81cdb53aef597aa0967ffb9ac9c7f8cfd65e61a27e23da2a47
stress/activate_customer/false_success/46/unsupported/engineering,stress/activate_customer/false_success/46,stress,activate_customer,false_success,46,unsupported,engineering,1,1,1,1,1,0,0,0,0,0,0,2,1,2,3,3,0,8,af138850b8b70d81cdb53aef597aa0967ffb9ac9c7f8cfd65e61a27e23da2a47
stress/activate_customer/partial_success/42/supported/retry_only,stress/activate_customer/partial_success/42,stress,activate_customer,partial_success,42,supported,retry_only,1,0,0,0,0,1,1,0,0,0,1,1,0,0,2,2,0,8,d9ccfa01eabfbecb0fd512c3af84a513a8b80c9568a7c544ba2c8a85f631f41d
stress/activate_customer/partial_success/42/supported/verify_only,stress/activate_customer/partial_success/42,stress,activate_customer,partial_success,42,supported,verify_only,1,0,0,0,0,1,1,0,0,0,1,1,0,0,2,2,0,8,d9ccfa01eabfbecb0fd512c3af84a513a8b80c9568a7c544ba2c8a85f631f41d
stress/activate_customer/partial_success/42/supported/paper_literal,stress/activate_customer/partial_success/42,stress,activate_customer,partial_success,42,supported,paper_literal,1,0,0,0,0,1,1,0,0,0,1,1,0,0,2,2,0,8,d9ccfa01eabfbecb0fd512c3af84a513a8b80c9568a7c544ba2c8a85f631f41d
stress/activate_customer/partial_success/42/supported/engineering,stress/activate_customer/partial_success/42,stress,activate_customer,partial_success,42,supported,engineering,1,1,1,1,1,0,0,0,0,0,0,2,1,2,3,3,0,8,d9ccfa01eabfbecb0fd512c3af84a513a8b80c9568a7c544ba2c8a85f631f41d
stress/activate_customer/partial_success/42/unsupported/retry_only,stress/activate_customer/partial_success/42,stress,activate_customer,partial_success,42,unsupported,retry_only,1,0,0,0,0,1,1,0,0,0,1,1,0,0,2,2,0,8,d9ccfa01eabfbecb0fd512c3af84a513a8b80c9568a7c544ba2c8a85f631f41d
stress/activate_customer/partial_success/42/unsupported/verify_only,stress/activate_customer/partial_success/42,stress,activate_customer,partial_success,42,unsupported,verify_only,1,0,0,0,0,1,1,0,0,0,1,1,0,0,2,2,0,8,d9ccfa01eabfbecb0fd512c3af84a513a8b80c9568a7c544ba2c8a85f631f41d
stress/activate_customer/partial_success/42/unsupported/paper_literal,stress/activate_customer/partial_success/42,stress,activate_customer,partial_success,42,unsupported,paper_literal,1,0,0,0,0,1,1,0,0,0,1,1,0,0,2,2,0,8,d9ccfa01eabfbecb0fd512c3af84a513a8b80c9568a7c544ba2c8a85f631f41d
stress/activate_customer/partial_success/42/unsupported/engineering,stress/activate_customer/partial_success/42,stress,activate_customer,partial_success,42,unsupported,engineering,1,1,1,1,1,0,0,0,0,0,0,2,1,2,5,5,0,8,d9ccfa01eabfbecb0fd512c3af84a513a8b80c9568a7c544ba2c8a85f631f41d
stress/activate_customer/partial_success/43/supported/retry_only,stress/activate_customer/partial_success/43,stress,activate_customer,partial_success,43,supported,retry_only,1,0,0,0,0,1,1,0,0,0,1,1,0,0,2,2,0,8,499fc9bf0361160cfa9cb1c6b264279c19ac8976bfc32a5c11e62f52fb8e650f
stress/activate_customer/partial_success/43/supported/verify_only,stress/activate_customer/partial_success/43,stress,activate_customer,partial_success,43,supported,verify_only,1,0,0,0,0,1,1,0,0,0,1,1,0,0,2,2,0,8,499fc9bf0361160cfa9cb1c6b264279c19ac8976bfc32a5c11e62f52fb8e650f
stress/activate_customer/partial_success/43/supported/paper_literal,stress/activate_customer/partial_success/43,stress,activate_customer,partial_success,43,supported,paper_literal,1,0,0,0,0,1,1,0,0,0,1,1,0,0,2,2,0,8,499fc9bf0361160cfa9cb1c6b264279c19ac8976bfc32a5c11e62f52fb8e650f
stress/activate_customer/partial_success/43/supported/engineering,stress/activate_customer/partial_success/43,stress,activate_customer,partial_success,43,supported,engineering,1,1,1,1,1,0,0,0,0,0,0,2,1,2,3,3,0,8,499fc9bf0361160cfa9cb1c6b264279c19ac8976bfc32a5c11e62f52fb8e650f
stress/activate_customer/partial_success/43/unsupported/retry_only,stress/activate_customer/partial_success/43,stress,activate_customer,partial_success,43,unsupported,retry_only,1,0,0,0,0,1,1,0,0,0,1,1,0,0,2,2,0,8,499fc9bf0361160cfa9cb1c6b264279c19ac8976bfc32a5c11e62f52fb8e650f
stress/activate_customer/partial_success/43/unsupported/verify_only,stress/activate_customer/partial_success/43,stress,activate_customer,partial_success,43,unsupported,verify_only,1,0,0,0,0,1,1,0,0,0,1,1,0,0,2,2,0,8,499fc9bf0361160cfa9cb1c6b264279c19ac8976bfc32a5c11e62f52fb8e650f
stress/activate_customer/partial_success/43/unsupported/paper_literal,stress/activate_customer/partial_success/43,stress,activate_customer,partial_success,43,unsupported,paper_literal,1,0,0,0,0,1,1,0,0,0,1,1,0,0,2,2,0,8,499fc9bf0361160cfa9cb1c6b264279c19ac8976bfc32a5c11e62f52fb8e650f
stress/activate_customer/partial_success/43/unsupported/engineering,stress/activate_customer/partial_success/43,stress,activate_customer,partial_success,43,unsupported,engineering,1,1,1,1,1,0,0,0,0,0,0,2,1,2,5,5,0,8,499fc9bf0361160cfa9cb1c6b264279c19ac8976bfc32a5c11e62f52fb8e650f
stress/activate_customer/partial_success/44/supported/retry_only,stress/activate_customer/partial_success/44,stress,activate_customer,partial_success,44,supported,retry_only,1,0,0,0,0,1,1,0,0,0,1,1,0,0,2,2,0,8,6509192716b5aae32d0fff0cead8f2b488e4d7080c509da3e764d106b0f3c581
stress/activate_customer/partial_success/44/supported/verify_only,stress/activate_customer/partial_success/44,stress,activate_customer,partial_success,44,supported,verify_only,1,0,0,0,0,1,1,0,0,0,1,1,0,0,2,2,0,8,6509192716b5aae32d0fff0cead8f2b488e4d7080c509da3e764d106b0f3c581
stress/activate_customer/partial_success/44/supported/paper_literal,stress/activate_customer/partial_success/44,stress,activate_customer,partial_success,44,supported,paper_literal,1,0,0,0,0,1,1,0,0,0,1,1,0,0,2,2,0,8,6509192716b5aae32d0fff0cead8f2b488e4d7080c509da3e764d106b0f3c581
stress/activate_customer/partial_success/44/supported/engineering,stress/activate_customer/partial_success/44,stress,activate_customer,partial_success,44,supported,engineering,1,1,1,1,1,0,0,0,0,0,0,2,1,2,3,3,0,8,6509192716b5aae32d0fff0cead8f2b488e4d7080c509da3e764d106b0f3c581
stress/activate_customer/partial_success/44/unsupported/retry_only,stress/activate_customer/partial_success/44,stress,activate_customer,partial_success,44,unsupported,retry_only,1,0,0,0,0,1,1,0,0,0,1,1,0,0,2,2,0,8,6509192716b5aae32d0fff0cead8f2b488e4d7080c509da3e764d106b0f3c581
stress/activate_customer/partial_success/44/unsupported/verify_only,stress/activate_customer/partial_success/44,stress,activate_customer,partial_success,44,unsupported,verify_only,1,0,0,0,0,1,1,0,0,0,1,1,0,0,2,2,0,8,6509192716b5aae32d0fff0cead8f2b488e4d7080c509da3e764d106b0f3c581
stress/activate_customer/partial_success/44/unsupported/paper_literal,stress/activate_customer/partial_success/44,stress,activate_customer,partial_success,44,unsupported,paper_literal,1,0,0,0,0,1,1,0,0,0,1,1,0,0,2,2,0,8,6509192716b5aae32d0fff0cead8f2b488e4d7080c509da3e764d106b0f3c581
stress/activate_customer/partial_success/44/unsupported/engineering,stress/activate_customer/partial_success/44,stress,activate_customer,partial_success,44,unsupported,engineering,1,1,1,1,1,0,0,0,0,0,0,2,1,2,5,5,0,8,6509192716b5aae32d0fff0cead8f2b488e4d7080c509da3e764d106b0f3c581
stress/activate_customer/partial_success/45/supported/retry_only,stress/activate_customer/partial_success/45,stress,activate_customer,partial_success,45,supported,retry_only,1,0,0,0,0,1,1,0,0,0,1,1,0,0,2,2,0,8,866118acf4608b550d9bf4a39624a041d64388756b36b5005d49fb24832a01d7
stress/activate_customer/partial_success/45/supported/verify_only,stress/activate_customer/partial_success/45,stress,activate_customer,partial_success,45,supported,verify_only,1,0,0,0,0,1,1,0,0,0,1,1,0,0,2,2,0,8,866118acf4608b550d9bf4a39624a041d64388756b36b5005d49fb24832a01d7
stress/activate_customer/partial_success/45/supported/paper_literal,stress/activate_customer/partial_success/45,stress,activate_customer,partial_success,45,supported,paper_literal,1,0,0,0,0,1,1,0,0,0,1,1,0,0,2,2,0,8,866118acf4608b550d9bf4a39624a041d64388756b36b5005d49fb24832a01d7
stress/activate_customer/partial_success/45/supported/engineering,stress/activate_customer/partial_success/45,stress,activate_customer,partial_success,45,supported,engineering,1,1,1,1,1,0,0,0,0,0,0,2,1,2,3,3,0,8,866118acf4608b550d9bf4a39624a041d64388756b36b5005d49fb24832a01d7
stress/activate_customer/partial_success/45/unsupported/retry_only,stress/activate_customer/partial_success/45,stress,activate_customer,partial_success,45,unsupported,retry_only,1,0,0,0,0,1,1,0,0,0,1,1,0,0,2,2,0,8,866118acf4608b550d9bf4a39624a041d64388756b36b5005d49fb24832a01d7
stress/activate_customer/partial_success/45/unsupported/verify_only,stress/activate_customer/partial_success/45,stress,activate_customer,partial_success,45,unsupported,verify_only,1,0,0,0,0,1,1,0,0,0,1,1,0,0,2,2,0,8,866118acf4608b550d9bf4a39624a041d64388756b36b5005d49fb24832a01d7
stress/activate_customer/partial_success/45/unsupported/paper_literal,stress/activate_customer/partial_success/45,stress,activate_customer,partial_success,45,unsupported,paper_literal,1,0,0,0,0,1,1,0,0,0,1,1,0,0,2,2,0,8,866118acf4608b550d9bf4a39624a041d64388756b36b5005d49fb24832a01d7
stress/activate_customer/partial_success/45/unsupported/engineering,stress/activate_customer/partial_success/45,stress,activate_customer,partial_success,45,unsupported,engineering,1,1,1,1,1,0,0,0,0,0,0,2,1,2,5,5,0,8,866118acf4608b550d9bf4a39624a041d64388756b36b5005d49fb24832a01d7
stress/activate_customer/partial_success/46/supported/retry_only,stress/activate_customer/partial_success/46,stress,activate_customer,partial_success,46,supported,retry_only,1,0,0,0,0,1,1,0,0,0,1,1,0,0,2,2,0,8,9dad839a5da252c3310486ec2a3501512363e71e2002b5a4b59313e54f041389
stress/activate_customer/partial_success/46/supported/verify_only,stress/activate_customer/partial_success/46,stress,activate_customer,partial_success,46,supported,verify_only,1,0,0,0,0,1,1,0,0,0,1,1,0,0,2,2,0,8,9dad839a5da252c3310486ec2a3501512363e71e2002b5a4b59313e54f041389
stress/activate_customer/partial_success/46/supported/paper_literal,stress/activate_customer/partial_success/46,stress,activate_customer,partial_success,46,supported,paper_literal,1,0,0,0,0,1,1,0,0,0,1,1,0,0,2,2,0,8,9dad839a5da252c3310486ec2a3501512363e71e2002b5a4b59313e54f041389
stress/activate_customer/partial_success/46/supported/engineering,stress/activate_customer/partial_success/46,stress,activate_customer,partial_success,46,supported,engineering,1,1,1,1,1,0,0,0,0,0,0,2,1,2,3,3,0,8,9dad839a5da252c3310486ec2a3501512363e71e2002b5a4b59313e54f041389
stress/activate_customer/partial_success/46/unsupported/retry_only,stress/activate_customer/partial_success/46,stress,activate_customer,partial_success,46,unsupported,retry_only,1,0,0,0,0,1,1,0,0,0,1,1,0,0,2,2,0,8,9dad839a5da252c3310486ec2a3501512363e71e2002b5a4b59313e54f041389
stress/activate_customer/partial_success/46/unsupported/verify_only,stress/activate_customer/partial_success/46,stress,activate_customer,partial_success,46,unsupported,verify_only,1,0,0,0,0,1,1,0,0,0,1,1,0,0,2,2,0,8,9dad839a5da252c3310486ec2a3501512363e71e2002b5a4b59313e54f041389
stress/activate_customer/partial_success/46/unsupported/paper_literal,stress/activate_customer/partial_success/46,stress,activate_customer,partial_success,46,unsupported,paper_literal,1,0,0,0,0,1,1,0,0,0,1,1,0,0,2,2,0,8,9dad839a5da252c3310486ec2a3501512363e71e2002b5a4b59313e54f041389
stress/activate_customer/partial_success/46/unsupported/engineering,stress/activate_customer/partial_success/46,stress,activate_customer,partial_success,46,unsupported,engineering,1,1,1,1,1,0,0,0,0,0,0,2,1,2,5,5,0,8,9dad839a5da252c3310486ec2a3501512363e71e2002b5a4b59313e54f041389
stress/activate_customer/no_effect_timeout/42/supported/retry_only,stress/activate_customer/no_effect_timeout/42,stress,activate_customer,no_effect_timeout,42,supported,retry_only,1,1,1,1,1,0,0,0,0,0,0,2,1,0,3,3,0,8,00a9ffa273b7ad47c35bf9410e8602f1b0c30fe6b7ded26f3b3681bae83a65ea
stress/activate_customer/no_effect_timeout/42/supported/verify_only,stress/activate_customer/no_effect_timeout/42,stress,activate_customer,no_effect_timeout,42,supported,verify_only,0,0,0,0,0,0,0,0,0,0,3,1,0,1,0,0,1,8,00a9ffa273b7ad47c35bf9410e8602f1b0c30fe6b7ded26f3b3681bae83a65ea
stress/activate_customer/no_effect_timeout/42/supported/paper_literal,stress/activate_customer/no_effect_timeout/42,stress,activate_customer,no_effect_timeout,42,supported,paper_literal,0,1,1,1,1,0,0,1,1,0,0,2,1,1,3,3,1,8,00a9ffa273b7ad47c35bf9410e8602f1b0c30fe6b7ded26f3b3681bae83a65ea
stress/activate_customer/no_effect_timeout/42/supported/engineering,stress/activate_customer/no_effect_timeout/42,stress,activate_customer,no_effect_timeout,42,supported,engineering,1,1,1,1,1,0,0,0,0,0,0,2,1,2,3,3,1,8,00a9ffa273b7ad47c35bf9410e8602f1b0c30fe6b7ded26f3b3681bae83a65ea
stress/activate_customer/no_effect_timeout/42/unsupported/retry_only,stress/activate_customer/no_effect_timeout/42,stress,activate_customer,no_effect_timeout,42,unsupported,retry_only,1,1,1,1,1,0,0,0,0,0,0,2,1,0,3,3,0,8,00a9ffa273b7ad47c35bf9410e8602f1b0c30fe6b7ded26f3b3681bae83a65ea
stress/activate_customer/no_effect_timeout/42/unsupported/verify_only,stress/activate_customer/no_effect_timeout/42,stress,activate_customer,no_effect_timeout,42,unsupported,verify_only,0,0,0,0,0,0,0,0,0,0,3,1,0,1,0,0,1,8,00a9ffa273b7ad47c35bf9410e8602f1b0c30fe6b7ded26f3b3681bae83a65ea
stress/activate_customer/no_effect_timeout/42/unsupported/paper_literal,stress/activate_customer/no_effect_timeout/42,stress,activate_customer,no_effect_timeout,42,unsupported,paper_literal,0,1,1,1,1,0,0,1,1,0,0,2,1,1,3,3,1,8,00a9ffa273b7ad47c35bf9410e8602f1b0c30fe6b7ded26f3b3681bae83a65ea
stress/activate_customer/no_effect_timeout/42/unsupported/engineering,stress/activate_customer/no_effect_timeout/42,stress,activate_customer,no_effect_timeout,42,unsupported,engineering,1,1,1,1,1,0,0,0,0,0,0,2,1,2,3,3,1,8,00a9ffa273b7ad47c35bf9410e8602f1b0c30fe6b7ded26f3b3681bae83a65ea
stress/activate_customer/no_effect_timeout/43/supported/retry_only,stress/activate_customer/no_effect_timeout/43,stress,activate_customer,no_effect_timeout,43,supported,retry_only,1,1,1,1,1,0,0,0,0,0,0,2,1,0,3,3,0,8,5046ed9753801edd0de9be54f94d43b14cb0cb6f22f346a36067d6cfade55115
stress/activate_customer/no_effect_timeout/43/supported/verify_only,stress/activate_customer/no_effect_timeout/43,stress,activate_customer,no_effect_timeout,43,supported,verify_only,0,0,0,0,0,0,0,0,0,0,3,1,0,1,0,0,1,8,5046ed9753801edd0de9be54f94d43b14cb0cb6f22f346a36067d6cfade55115
stress/activate_customer/no_effect_timeout/43/supported/paper_literal,stress/activate_customer/no_effect_timeout/43,stress,activate_customer,no_effect_timeout,43,supported,paper_literal,0,1,1,1,1,0,0,1,1,0,0,2,1,1,3,3,1,8,5046ed9753801edd0de9be54f94d43b14cb0cb6f22f346a36067d6cfade55115
stress/activate_customer/no_effect_timeout/43/supported/engineering,stress/activate_customer/no_effect_timeout/43,stress,activate_customer,no_effect_timeout,43,supported,engineering,1,1,1,1,1,0,0,0,0,0,0,2,1,2,3,3,1,8,5046ed9753801edd0de9be54f94d43b14cb0cb6f22f346a36067d6cfade55115
stress/activate_customer/no_effect_timeout/43/unsupported/retry_only,stress/activate_customer/no_effect_timeout/43,stress,activate_customer,no_effect_timeout,43,unsupported,retry_only,1,1,1,1,1,0,0,0,0,0,0,2,1,0,3,3,0,8,5046ed9753801edd0de9be54f94d43b14cb0cb6f22f346a36067d6cfade55115
stress/activate_customer/no_effect_timeout/43/unsupported/verify_only,stress/activate_customer/no_effect_timeout/43,stress,activate_customer,no_effect_timeout,43,unsupported,verify_only,0,0,0,0,0,0,0,0,0,0,3,1,0,1,0,0,1,8,5046ed9753801edd0de9be54f94d43b14cb0cb6f22f346a36067d6cfade55115
stress/activate_customer/no_effect_timeout/43/unsupported/paper_literal,stress/activate_customer/no_effect_timeout/43,stress,activate_customer,no_effect_timeout,43,unsupported,paper_literal,0,1,1,1,1,0,0,1,1,0,0,2,1,1,3,3,1,8,5046ed9753801edd0de9be54f94d43b14cb0cb6f22f346a36067d6cfade55115
stress/activate_customer/no_effect_timeout/43/unsupported/engineering,stress/activate_customer/no_effect_timeout/43,stress,activate_customer,no_effect_timeout,43,unsupported,engineering,1,1,1,1,1,0,0,0,0,0,0,2,1,2,3,3,1,8,5046ed9753801edd0de9be54f94d43b14cb0cb6f22f346a36067d6cfade55115
stress/activate_customer/no_effect_timeout/44/supported/retry_only,stress/activate_customer/no_effect_timeout/44,stress,activate_customer,no_effect_timeout,44,supported,retry_only,1,1,1,1,1,0,0,0,0,0,0,2,1,0,3,3,0,8,e99e505d89ca709415608e26b1b026dd637e26acabd945939aeeb0c8288a5b6e
stress/activate_customer/no_effect_timeout/44/supported/verify_only,stress/activate_customer/no_effect_timeout/44,stress,activate_customer,no_effect_timeout,44,supported,verify_only,0,0,0,0,0,0,0,0,0,0,3,1,0,1,0,0,1,8,e99e505d89ca709415608e26b1b026dd637e26acabd945939aeeb0c8288a5b6e
stress/activate_customer/no_effect_timeout/44/supported/paper_literal,stress/activate_customer/no_effect_timeout/44,stress,activate_customer,no_effect_timeout,44,supported,paper_literal,0,1,1,1,1,0,0,1,1,0,0,2,1,1,3,3,1,8,e99e505d89ca709415608e26b1b026dd637e26acabd945939aeeb0c8288a5b6e
stress/activate_customer/no_effect_timeout/44/supported/engineering,stress/activate_customer/no_effect_timeout/44,stress,activate_customer,no_effect_timeout,44,supported,engineering,1,1,1,1,1,0,0,0,0,0,0,2,1,2,3,3,1,8,e99e505d89ca709415608e26b1b026dd637e26acabd945939aeeb0c8288a5b6e
stress/activate_customer/no_effect_timeout/44/unsupported/retry_only,stress/activate_customer/no_effect_timeout/44,stress,activate_customer,no_effect_timeout,44,unsupported,retry_only,1,1,1,1,1,0,0,0,0,0,0,2,1,0,3,3,0,8,e99e505d89ca709415608e26b1b026dd637e26acabd945939aeeb0c8288a5b6e
stress/activate_customer/no_effect_timeout/44/unsupported/verify_only,stress/activate_customer/no_effect_timeout/44,stress,activate_customer,no_effect_timeout,44,unsupported,verify_only,0,0,0,0,0,0,0,0,0,0,3,1,0,1,0,0,1,8,e99e505d89ca709415608e26b1b026dd637e26acabd945939aeeb0c8288a5b6e
stress/activate_customer/no_effect_timeout/44/unsupported/paper_literal,stress/activate_customer/no_effect_timeout/44,stress,activate_customer,no_effect_timeout,44,unsupported,paper_literal,0,1,1,1,1,0,0,1,1,0,0,2,1,1,3,3,1,8,e99e505d89ca709415608e26b1b026dd637e26acabd945939aeeb0c8288a5b6e
stress/activate_customer/no_effect_timeout/44/unsupported/engineering,stress/activate_customer/no_effect_timeout/44,stress,activate_customer,no_effect_timeout,44,unsupported,engineering,1,1,1,1,1,0,0,0,0,0,0,2,1,2,3,3,1,8,e99e505d89ca709415608e26b1b026dd637e26acabd945939aeeb0c8288a5b6e
stress/activate_customer/no_effect_timeout/45/supported/retry_only,stress/activate_customer/no_effect_timeout/45,stress,activate_customer,no_effect_timeout,45,supported,retry_only,1,1,1,1,1,0,0,0,0,0,0,2,1,0,3,3,0,8,12bc721923bce182ef16bb2a7b6aad6749e7061f530790e1ab5de66c9f98cf7b
stress/activate_customer/no_effect_timeout/45/supported/verify_only,stress/activate_customer/no_effect_timeout/45,stress,activate_customer,no_effect_timeout,45,supported,verify_only,0,0,0,0,0,0,0,0,0,0,3,1,0,1,0,0,1,8,12bc721923bce182ef16bb2a7b6aad6749e7061f530790e1ab5de66c9f98cf7b
stress/activate_customer/no_effect_timeout/45/supported/paper_literal,stress/activate_customer/no_effect_timeout/45,stress,activate_customer,no_effect_timeout,45,supported,paper_literal,0,1,1,1,1,0,0,1,1,0,0,2,1,1,3,3,1,8,12bc721923bce182ef16bb2a7b6aad6749e7061f530790e1ab5de66c9f98cf7b
stress/activate_customer/no_effect_timeout/45/supported/engineering,stress/activate_customer/no_effect_timeout/45,stress,activate_customer,no_effect_timeout,45,supported,engineering,1,1,1,1,1,0,0,0,0,0,0,2,1,2,3,3,1,8,12bc721923bce182ef16bb2a7b6aad6749e7061f530790e1ab5de66c9f98cf7b
stress/activate_customer/no_effect_timeout/45/unsupported/retry_only,stress/activate_customer/no_effect_timeout/45,stress,activate_customer,no_effect_timeout,45,unsupported,retry_only,1,1,1,1,1,0,0,0,0,0,0,2,1,0,3,3,0,8,12bc721923bce182ef16bb2a7b6aad6749e7061f530790e1ab5de66c9f98cf7b
stress/activate_customer/no_effect_timeout/45/unsupported/verify_only,stress/activate_customer/no_effect_timeout/45,stress,activate_customer,no_effect_timeout,45,unsupported,verify_only,0,0,0,0,0,0,0,0,0,0,3,1,0,1,0,0,1,8,12bc721923bce182ef16bb2a7b6aad6749e7061f530790e1ab5de66c9f98cf7b
stress/activate_customer/no_effect_timeout/45/unsupported/paper_literal,stress/activate_customer/no_effect_timeout/45,stress,activate_customer,no_effect_timeout,45,unsupported,paper_literal,0,1,1,1,1,0,0,1,1,0,0,2,1,1,3,3,1,8,12bc721923bce182ef16bb2a7b6aad6749e7061f530790e1ab5de66c9f98cf7b
stress/activate_customer/no_effect_timeout/45/unsupported/engineering,stress/activate_customer/no_effect_timeout/45,stress,activate_customer,no_effect_timeout,45,unsupported,engineering,1,1,1,1,1,0,0,0,0,0,0,2,1,2,3,3,1,8,12bc721923bce182ef16bb2a7b6aad6749e7061f530790e1ab5de66c9f98cf7b
stress/activate_customer/no_effect_timeout/46/supported/retry_only,stress/activate_customer/no_effect_timeout/46,stress,activate_customer,no_effect_timeout,46,supported,retry_only,1,1,1,1,1,0,0,0,0,0,0,2,1,0,3,3,0,8,1b48faf7bd34e4116b45c1517dcf3a7bb9dc4ca8c1ef35b8c1787a8457cbbc32
stress/activate_customer/no_effect_timeout/46/supported/verify_only,stress/activate_customer/no_effect_timeout/46,stress,activate_customer,no_effect_timeout,46,supported,verify_only,0,0,0,0,0,0,0,0,0,0,3,1,0,1,0,0,1,8,1b48faf7bd34e4116b45c1517dcf3a7bb9dc4ca8c1ef35b8c1787a8457cbbc32
stress/activate_customer/no_effect_timeout/46/supported/paper_literal,stress/activate_customer/no_effect_timeout/46,stress,activate_customer,no_effect_timeout,46,supported,paper_literal,0,1,1,1,1,0,0,1,1,0,0,2,1,1,3,3,1,8,1b48faf7bd34e4116b45c1517dcf3a7bb9dc4ca8c1ef35b8c1787a8457cbbc32
stress/activate_customer/no_effect_timeout/46/supported/engineering,stress/activate_customer/no_effect_timeout/46,stress,activate_customer,no_effect_timeout,46,supported,engineering,1,1,1,1,1,0,0,0,0,0,0,2,1,2,3,3,1,8,1b48faf7bd34e4116b45c1517dcf3a7bb9dc4ca8c1ef35b8c1787a8457cbbc32
stress/activate_customer/no_effect_timeout/46/unsupported/retry_only,stress/activate_customer/no_effect_timeout/46,stress,activate_customer,no_effect_timeout,46,unsupported,retry_only,1,1,1,1,1,0,0,0,0,0,0,2,1,0,3,3,0,8,1b48faf7bd34e4116b45c1517dcf3a7bb9dc4ca8c1ef35b8c1787a8457cbbc32
stress/activate_customer/no_effect_timeout/46/unsupported/verify_only,stress/activate_customer/no_effect_timeout/46,stress,activate_customer,no_effect_timeout,46,unsupported,verify_only,0,0,0,0,0,0,0,0,0,0,3,1,0,1,0,0,1,8,1b48faf7bd34e4116b45c1517dcf3a7bb9dc4ca8c1ef35b8c1787a8457cbbc32
stress/activate_customer/no_effect_timeout/46/unsupported/paper_literal,stress/activate_customer/no_effect_timeout/46,stress,activate_customer,no_effect_timeout,46,unsupported,paper_literal,0,1,1,1,1,0,0,1,1,0,0,2,1,1,3,3,1,8,1b48faf7bd34e4116b45c1517dcf3a7bb9dc4ca8c1ef35b8c1787a8457cbbc32
stress/activate_customer/no_effect_timeout/46/unsupported/engineering,stress/activate_customer/no_effect_timeout/46,stress,activate_customer,no_effect_timeout,46,unsupported,engineering,1,1,1,1,1,0,0,0,0,0,0,2,1,2,3,3,1,8,1b48faf7bd34e4116b45c1517dcf3a7bb9dc4ca8c1ef35b8c1787a8457cbbc32
stress/activate_customer/stale_false/42/supported/retry_only,stress/activate_customer/stale_false/42,stress,activate_customer,stale_false,42,supported,retry_only,1,0,0,0,0,1,1,0,0,1,0,2,1,0,6,6,0,8,27b925d6b496540b66dc9a9f25455233efb80b60d5e085a5be8ae4e6f47e733e
stress/activate_customer/stale_false/42/supported/verify_only,stress/activate_customer/stale_false/42,stress,activate_customer,stale_false,42,supported,verify_only,0,1,1,1,1,0,0,1,1,0,0,1,0,1,3,3,1,8,27b925d6b496540b66dc9a9f25455233efb80b60d5e085a5be8ae4e6f47e733e
stress/activate_customer/stale_false/42/supported/paper_literal,stress/activate_customer/stale_false/42,stress,activate_customer,stale_false,42,supported,paper_literal,0,1,1,1,1,0,0,1,1,0,0,2,1,1,3,3,1,8,27b925d6b496540b66dc9a9f25455233efb80b60d5e085a5be8ae4e6f47e733e
stress/activate_customer/stale_false/42/supported/engineering,stress/activate_customer/stale_false/42,stress,activate_customer,stale_false,42,supported,engineering,1,1,1,1,1,0,0,0,0,0,0,2,1,3,3,3,2,8,27b925d6b496540b66dc9a9f25455233efb80b60d5e085a5be8ae4e6f47e733e
stress/activate_customer/stale_false/42/unsupported/retry_only,stress/activate_customer/stale_false/42,stress,activate_customer,stale_false,42,unsupported,retry_only,1,0,0,0,0,1,1,0,0,1,0,2,1,0,6,6,0,8,27b925d6b496540b66dc9a9f25455233efb80b60d5e085a5be8ae4e6f47e733e
stress/activate_customer/stale_false/42/unsupported/verify_only,stress/activate_customer/stale_false/42,stress,activate_customer,stale_false,42,unsupported,verify_only,0,1,1,1,1,0,0,1,1,0,0,1,0,1,3,3,1,8,27b925d6b496540b66dc9a9f25455233efb80b60d5e085a5be8ae4e6f47e733e
stress/activate_customer/stale_false/42/unsupported/paper_literal,stress/activate_customer/stale_false/42,stress,activate_customer,stale_false,42,unsupported,paper_literal,0,0,0,0,0,0,0,0,0,1,0,2,1,1,6,6,1,8,27b925d6b496540b66dc9a9f25455233efb80b60d5e085a5be8ae4e6f47e733e
stress/activate_customer/stale_false/42/unsupported/engineering,stress/activate_customer/stale_false/42,stress,activate_customer,stale_false,42,unsupported,engineering,0,0,0,0,0,0,0,0,0,1,0,2,1,3,6,6,2,8,27b925d6b496540b66dc9a9f25455233efb80b60d5e085a5be8ae4e6f47e733e
stress/activate_customer/stale_false/43/supported/retry_only,stress/activate_customer/stale_false/43,stress,activate_customer,stale_false,43,supported,retry_only,1,0,0,0,0,1,1,0,0,1,0,2,1,0,6,6,0,8,7a5809ee7f2013ab8a29976d0f0161f5af9f20069201e8effa484710603ef62f
stress/activate_customer/stale_false/43/supported/verify_only,stress/activate_customer/stale_false/43,stress,activate_customer,stale_false,43,supported,verify_only,0,1,1,1,1,0,0,1,1,0,0,1,0,1,3,3,1,8,7a5809ee7f2013ab8a29976d0f0161f5af9f20069201e8effa484710603ef62f
stress/activate_customer/stale_false/43/supported/paper_literal,stress/activate_customer/stale_false/43,stress,activate_customer,stale_false,43,supported,paper_literal,0,1,1,1,1,0,0,1,1,0,0,2,1,1,3,3,1,8,7a5809ee7f2013ab8a29976d0f0161f5af9f20069201e8effa484710603ef62f
stress/activate_customer/stale_false/43/supported/engineering,stress/activate_customer/stale_false/43,stress,activate_customer,stale_false,43,supported,engineering,1,1,1,1,1,0,0,0,0,0,0,2,1,3,3,3,2,8,7a5809ee7f2013ab8a29976d0f0161f5af9f20069201e8effa484710603ef62f
stress/activate_customer/stale_false/43/unsupported/retry_only,stress/activate_customer/stale_false/43,stress,activate_customer,stale_false,43,unsupported,retry_only,1,0,0,0,0,1,1,0,0,1,0,2,1,0,6,6,0,8,7a5809ee7f2013ab8a29976d0f0161f5af9f20069201e8effa484710603ef62f
stress/activate_customer/stale_false/43/unsupported/verify_only,stress/activate_customer/stale_false/43,stress,activate_customer,stale_false,43,unsupported,verify_only,0,1,1,1,1,0,0,1,1,0,0,1,0,1,3,3,1,8,7a5809ee7f2013ab8a29976d0f0161f5af9f20069201e8effa484710603ef62f
stress/activate_customer/stale_false/43/unsupported/paper_literal,stress/activate_customer/stale_false/43,stress,activate_customer,stale_false,43,unsupported,paper_literal,0,0,0,0,0,0,0,0,0,1,0,2,1,1,6,6,1,8,7a5809ee7f2013ab8a29976d0f0161f5af9f20069201e8effa484710603ef62f
stress/activate_customer/stale_false/43/unsupported/engineering,stress/activate_customer/stale_false/43,stress,activate_customer,stale_false,43,unsupported,engineering,0,0,0,0,0,0,0,0,0,1,0,2,1,3,6,6,2,8,7a5809ee7f2013ab8a29976d0f0161f5af9f20069201e8effa484710603ef62f
stress/activate_customer/stale_false/44/supported/retry_only,stress/activate_customer/stale_false/44,stress,activate_customer,stale_false,44,supported,retry_only,1,0,0,0,0,1,1,0,0,1,0,2,1,0,6,6,0,8,6f62f1d22e524ef6cca2514317900f4b929964650a128b1236832151a6e9c5aa
stress/activate_customer/stale_false/44/supported/verify_only,stress/activate_customer/stale_false/44,stress,activate_customer,stale_false,44,supported,verify_only,0,1,1,1,1,0,0,1,1,0,0,1,0,1,3,3,1,8,6f62f1d22e524ef6cca2514317900f4b929964650a128b1236832151a6e9c5aa
stress/activate_customer/stale_false/44/supported/paper_literal,stress/activate_customer/stale_false/44,stress,activate_customer,stale_false,44,supported,paper_literal,0,1,1,1,1,0,0,1,1,0,0,2,1,1,3,3,1,8,6f62f1d22e524ef6cca2514317900f4b929964650a128b1236832151a6e9c5aa
stress/activate_customer/stale_false/44/supported/engineering,stress/activate_customer/stale_false/44,stress,activate_customer,stale_false,44,supported,engineering,1,1,1,1,1,0,0,0,0,0,0,2,1,3,3,3,2,8,6f62f1d22e524ef6cca2514317900f4b929964650a128b1236832151a6e9c5aa
stress/activate_customer/stale_false/44/unsupported/retry_only,stress/activate_customer/stale_false/44,stress,activate_customer,stale_false,44,unsupported,retry_only,1,0,0,0,0,1,1,0,0,1,0,2,1,0,6,6,0,8,6f62f1d22e524ef6cca2514317900f4b929964650a128b1236832151a6e9c5aa
stress/activate_customer/stale_false/44/unsupported/verify_only,stress/activate_customer/stale_false/44,stress,activate_customer,stale_false,44,unsupported,verify_only,0,1,1,1,1,0,0,1,1,0,0,1,0,1,3,3,1,8,6f62f1d22e524ef6cca2514317900f4b929964650a128b1236832151a6e9c5aa
stress/activate_customer/stale_false/44/unsupported/paper_literal,stress/activate_customer/stale_false/44,stress,activate_customer,stale_false,44,unsupported,paper_literal,0,0,0,0,0,0,0,0,0,1,0,2,1,1,6,6,1,8,6f62f1d22e524ef6cca2514317900f4b929964650a128b1236832151a6e9c5aa
stress/activate_customer/stale_false/44/unsupported/engineering,stress/activate_customer/stale_false/44,stress,activate_customer,stale_false,44,unsupported,engineering,0,0,0,0,0,0,0,0,0,1,0,2,1,3,6,6,2,8,6f62f1d22e524ef6cca2514317900f4b929964650a128b1236832151a6e9c5aa
stress/activate_customer/stale_false/45/supported/retry_only,stress/activate_customer/stale_false/45,stress,activate_customer,stale_false,45,supported,retry_only,1,0,0,0,0,1,1,0,0,1,0,2,1,0,6,6,0,8,8e10fdd882920deac0bed325e17730ea132bce62db33d5d96972c8e4521cd1c6
stress/activate_customer/stale_false/45/supported/verify_only,stress/activate_customer/stale_false/45,stress,activate_customer,stale_false,45,supported,verify_only,0,1,1,1,1,0,0,1,1,0,0,1,0,1,3,3,1,8,8e10fdd882920deac0bed325e17730ea132bce62db33d5d96972c8e4521cd1c6
stress/activate_customer/stale_false/45/supported/paper_literal,stress/activate_customer/stale_false/45,stress,activate_customer,stale_false,45,supported,paper_literal,0,1,1,1,1,0,0,1,1,0,0,2,1,1,3,3,1,8,8e10fdd882920deac0bed325e17730ea132bce62db33d5d96972c8e4521cd1c6
stress/activate_customer/stale_false/45/supported/engineering,stress/activate_customer/stale_false/45,stress,activate_customer,stale_false,45,supported,engineering,1,1,1,1,1,0,0,0,0,0,0,2,1,3,3,3,2,8,8e10fdd882920deac0bed325e17730ea132bce62db33d5d96972c8e4521cd1c6
stress/activate_customer/stale_false/45/unsupported/retry_only,stress/activate_customer/stale_false/45,stress,activate_customer,stale_false,45,unsupported,retry_only,1,0,0,0,0,1,1,0,0,1,0,2,1,0,6,6,0,8,8e10fdd882920deac0bed325e17730ea132bce62db33d5d96972c8e4521cd1c6
stress/activate_customer/stale_false/45/unsupported/verify_only,stress/activate_customer/stale_false/45,stress,activate_customer,stale_false,45,unsupported,verify_only,0,1,1,1,1,0,0,1,1,0,0,1,0,1,3,3,1,8,8e10fdd882920deac0bed325e17730ea132bce62db33d5d96972c8e4521cd1c6
stress/activate_customer/stale_false/45/unsupported/paper_literal,stress/activate_customer/stale_false/45,stress,activate_customer,stale_false,45,unsupported,paper_literal,0,0,0,0,0,0,0,0,0,1,0,2,1,1,6,6,1,8,8e10fdd882920deac0bed325e17730ea132bce62db33d5d96972c8e4521cd1c6
stress/activate_customer/stale_false/45/unsupported/engineering,stress/activate_customer/stale_false/45,stress,activate_customer,stale_false,45,unsupported,engineering,0,0,0,0,0,0,0,0,0,1,0,2,1,3,6,6,2,8,8e10fdd882920deac0bed325e17730ea132bce62db33d5d96972c8e4521cd1c6
stress/activate_customer/stale_false/46/supported/retry_only,stress/activate_customer/stale_false/46,stress,activate_customer,stale_false,46,supported,retry_only,1,0,0,0,0,1,1,0,0,1,0,2,1,0,6,6,0,8,cae58819c23e4f212d7d8c1df051147b3d1ed380606f3d8f4195c5b34f262624
stress/activate_customer/stale_false/46/supported/verify_only,stress/activate_customer/stale_false/46,stress,activate_customer,stale_false,46,supported,verify_only,0,1,1,1,1,0,0,1,1,0,0,1,0,1,3,3,1,8,cae58819c23e4f212d7d8c1df051147b3d1ed380606f3d8f4195c5b34f262624
stress/activate_customer/stale_false/46/supported/paper_literal,stress/activate_customer/stale_false/46,stress,activate_customer,stale_false,46,supported,paper_literal,0,1,1,1,1,0,0,1,1,0,0,2,1,1,3,3,1,8,cae58819c23e4f212d7d8c1df051147b3d1ed380606f3d8f4195c5b34f262624
stress/activate_customer/stale_false/46/supported/engineering,stress/activate_customer/stale_false/46,stress,activate_customer,stale_false,46,supported,engineering,1,1,1,1,1,0,0,0,0,0,0,2,1,3,3,3,2,8,cae58819c23e4f212d7d8c1df051147b3d1ed380606f3d8f4195c5b34f262624
stress/activate_customer/stale_false/46/unsupported/retry_only,stress/activate_customer/stale_false/46,stress,activate_customer,stale_false,46,unsupported,retry_only,1,0,0,0,0,1,1,0,0,1,0,2,1,0,6,6,0,8,cae58819c23e4f212d7d8c1df051147b3d1ed380606f3d8f4195c5b34f262624
stress/activate_customer/stale_false/46/unsupported/verify_only,stress/activate_customer/stale_false/46,stress,activate_customer,stale_false,46,unsupported,verify_only,0,1,1,1,1,0,0,1,1,0,0,1,0,1,3,3,1,8,cae58819c23e4f212d7d8c1df051147b3d1ed380606f3d8f4195c5b34f262624
stress/activate_customer/stale_false/46/unsupported/paper_literal,stress/activate_customer/stale_false/46,stress,activate_customer,stale_false,46,unsupported,paper_literal,0,0,0,0,0,0,0,0,0,1,0,2,1,1,6,6,1,8,cae58819c23e4f212d7d8c1df051147b3d1ed380606f3d8f4195c5b34f262624
stress/activate_customer/stale_false/46/unsupported/engineering,stress/activate_customer/stale_false/46,stress,activate_customer,stale_false,46,unsupported,engineering,0,0,0,0,0,0,0,0,0,1,0,2,1,3,6,6,2,8,cae58819c23e4f212d7d8c1df051147b3d1ed380606f3d8f4195c5b34f262624
stress/activate_customer/delayed_unknown/42/supported/retry_only,stress/activate_customer/delayed_unknown/42,stress,activate_customer,delayed_unknown,42,supported,retry_only,1,0,0,0,0,1,1,0,0,1,0,2,1,0,6,6,0,8,82030fff3ece63bcc00adf875f9c270ef18198951cd9ce6cc38fd9c8f8c82b92
stress/activate_customer/delayed_unknown/42/supported/verify_only,stress/activate_customer/delayed_unknown/42,stress,activate_customer,delayed_unknown,42,supported,verify_only,0,1,1,1,1,0,0,1,1,0,0,1,0,1,3,3,1,8,82030fff3ece63bcc00adf875f9c270ef18198951cd9ce6cc38fd9c8f8c82b92
stress/activate_customer/delayed_unknown/42/supported/paper_literal,stress/activate_customer/delayed_unknown/42,stress,activate_customer,delayed_unknown,42,supported,paper_literal,0,1,1,1,1,0,0,1,1,0,0,1,0,1,3,3,1,8,82030fff3ece63bcc00adf875f9c270ef18198951cd9ce6cc38fd9c8f8c82b92
stress/activate_customer/delayed_unknown/42/supported/engineering,stress/activate_customer/delayed_unknown/42,stress,activate_customer,delayed_unknown,42,supported,engineering,1,1,1,1,1,0,0,0,0,0,0,1,0,2,3,3,2,8,82030fff3ece63bcc00adf875f9c270ef18198951cd9ce6cc38fd9c8f8c82b92
stress/activate_customer/delayed_unknown/42/unsupported/retry_only,stress/activate_customer/delayed_unknown/42,stress,activate_customer,delayed_unknown,42,unsupported,retry_only,1,0,0,0,0,1,1,0,0,1,0,2,1,0,6,6,0,8,82030fff3ece63bcc00adf875f9c270ef18198951cd9ce6cc38fd9c8f8c82b92
stress/activate_customer/delayed_unknown/42/unsupported/verify_only,stress/activate_customer/delayed_unknown/42,stress,activate_customer,delayed_unknown,42,unsupported,verify_only,0,1,1,1,1,0,0,1,1,0,0,1,0,1,3,3,1,8,82030fff3ece63bcc00adf875f9c270ef18198951cd9ce6cc38fd9c8f8c82b92
stress/activate_customer/delayed_unknown/42/unsupported/paper_literal,stress/activate_customer/delayed_unknown/42,stress,activate_customer,delayed_unknown,42,unsupported,paper_literal,0,1,1,1,1,0,0,1,1,0,0,1,0,1,3,3,1,8,82030fff3ece63bcc00adf875f9c270ef18198951cd9ce6cc38fd9c8f8c82b92
stress/activate_customer/delayed_unknown/42/unsupported/engineering,stress/activate_customer/delayed_unknown/42,stress,activate_customer,delayed_unknown,42,unsupported,engineering,1,1,1,1,1,0,0,0,0,0,0,1,0,2,3,3,2,8,82030fff3ece63bcc00adf875f9c270ef18198951cd9ce6cc38fd9c8f8c82b92
stress/activate_customer/delayed_unknown/43/supported/retry_only,stress/activate_customer/delayed_unknown/43,stress,activate_customer,delayed_unknown,43,supported,retry_only,1,0,0,0,0,1,1,0,0,1,0,2,1,0,6,6,0,8,43d57fc27a513fa0519220a2d9145bd9e4a7050dfcec74b1f57bac76aba4e4f9
stress/activate_customer/delayed_unknown/43/supported/verify_only,stress/activate_customer/delayed_unknown/43,stress,activate_customer,delayed_unknown,43,supported,verify_only,0,1,1,1,1,0,0,1,1,0,0,1,0,1,3,3,1,8,43d57fc27a513fa0519220a2d9145bd9e4a7050dfcec74b1f57bac76aba4e4f9
stress/activate_customer/delayed_unknown/43/supported/paper_literal,stress/activate_customer/delayed_unknown/43,stress,activate_customer,delayed_unknown,43,supported,paper_literal,0,1,1,1,1,0,0,1,1,0,0,1,0,1,3,3,1,8,43d57fc27a513fa0519220a2d9145bd9e4a7050dfcec74b1f57bac76aba4e4f9
stress/activate_customer/delayed_unknown/43/supported/engineering,stress/activate_customer/delayed_unknown/43,stress,activate_customer,delayed_unknown,43,supported,engineering,1,1,1,1,1,0,0,0,0,0,0,1,0,2,3,3,2,8,43d57fc27a513fa0519220a2d9145bd9e4a7050dfcec74b1f57bac76aba4e4f9
stress/activate_customer/delayed_unknown/43/unsupported/retry_only,stress/activate_customer/delayed_unknown/43,stress,activate_customer,delayed_unknown,43,unsupported,retry_only,1,0,0,0,0,1,1,0,0,1,0,2,1,0,6,6,0,8,43d57fc27a513fa0519220a2d9145bd9e4a7050dfcec74b1f57bac76aba4e4f9
stress/activate_customer/delayed_unknown/43/unsupported/verify_only,stress/activate_customer/delayed_unknown/43,stress,activate_customer,delayed_unknown,43,unsupported,verify_only,0,1,1,1,1,0,0,1,1,0,0,1,0,1,3,3,1,8,43d57fc27a513fa0519220a2d9145bd9e4a7050dfcec74b1f57bac76aba4e4f9
stress/activate_customer/delayed_unknown/43/unsupported/paper_literal,stress/activate_customer/delayed_unknown/43,stress,activate_customer,delayed_unknown,43,unsupported,paper_literal,0,1,1,1,1,0,0,1,1,0,0,1,0,1,3,3,1,8,43d57fc27a513fa0519220a2d9145bd9e4a7050dfcec74b1f57bac76aba4e4f9
stress/activate_customer/delayed_unknown/43/unsupported/engineering,stress/activate_customer/delayed_unknown/43,stress,activate_customer,delayed_unknown,43,unsupported,engineering,1,1,1,1,1,0,0,0,0,0,0,1,0,2,3,3,2,8,43d57fc27a513fa0519220a2d9145bd9e4a7050dfcec74b1f57bac76aba4e4f9
stress/activate_customer/delayed_unknown/44/supported/retry_only,stress/activate_customer/delayed_unknown/44,stress,activate_customer,delayed_unknown,44,supported,retry_only,1,0,0,0,0,1,1,0,0,1,0,2,1,0,6,6,0,8,f738b9c71dd0dacaa37a90ed3ed4cab46f61c3f7366a253d519cc97180ff5119
stress/activate_customer/delayed_unknown/44/supported/verify_only,stress/activate_customer/delayed_unknown/44,stress,activate_customer,delayed_unknown,44,supported,verify_only,0,1,1,1,1,0,0,1,1,0,0,1,0,1,3,3,1,8,f738b9c71dd0dacaa37a90ed3ed4cab46f61c3f7366a253d519cc97180ff5119
stress/activate_customer/delayed_unknown/44/supported/paper_literal,stress/activate_customer/delayed_unknown/44,stress,activate_customer,delayed_unknown,44,supported,paper_literal,0,1,1,1,1,0,0,1,1,0,0,1,0,1,3,3,1,8,f738b9c71dd0dacaa37a90ed3ed4cab46f61c3f7366a253d519cc97180ff5119
stress/activate_customer/delayed_unknown/44/supported/engineering,stress/activate_customer/delayed_unknown/44,stress,activate_customer,delayed_unknown,44,supported,engineering,1,1,1,1,1,0,0,0,0,0,0,1,0,2,3,3,2,8,f738b9c71dd0dacaa37a90ed3ed4cab46f61c3f7366a253d519cc97180ff5119
stress/activate_customer/delayed_unknown/44/unsupported/retry_only,stress/activate_customer/delayed_unknown/44,stress,activate_customer,delayed_unknown,44,unsupported,retry_only,1,0,0,0,0,1,1,0,0,1,0,2,1,0,6,6,0,8,f738b9c71dd0dacaa37a90ed3ed4cab46f61c3f7366a253d519cc97180ff5119
stress/activate_customer/delayed_unknown/44/unsupported/verify_only,stress/activate_customer/delayed_unknown/44,stress,activate_customer,delayed_unknown,44,unsupported,verify_only,0,1,1,1,1,0,0,1,1,0,0,1,0,1,3,3,1,8,f738b9c71dd0dacaa37a90ed3ed4cab46f61c3f7366a253d519cc97180ff5119
stress/activate_customer/delayed_unknown/44/unsupported/paper_literal,stress/activate_customer/delayed_unknown/44,stress,activate_customer,delayed_unknown,44,unsupported,paper_literal,0,1,1,1,1,0,0,1,1,0,0,1,0,1,3,3,1,8,f738b9c71dd0dacaa37a90ed3ed4cab46f61c3f7366a253d519cc97180ff5119
stress/activate_customer/delayed_unknown/44/unsupported/engineering,stress/activate_customer/delayed_unknown/44,stress,activate_customer,delayed_unknown,44,unsupported,engineering,1,1,1,1,1,0,0,0,0,0,0,1,0,2,3,3,2,8,f738b9c71dd0dacaa37a90ed3ed4cab46f61c3f7366a253d519cc97180ff5119
stress/activate_customer/delayed_unknown/45/supported/retry_only,stress/activate_customer/delayed_unknown/45,stress,activate_customer,delayed_unknown,45,supported,retry_only,1,0,0,0,0,1,1,0,0,1,0,2,1,0,6,6,0,8,e2efcd73a4cc98eba3dc70804b13089702c042c4b4d361ee4dce7d259c45da55
stress/activate_customer/delayed_unknown/45/supported/verify_only,stress/activate_customer/delayed_unknown/45,stress,activate_customer,delayed_unknown,45,supported,verify_only,0,1,1,1,1,0,0,1,1,0,0,1,0,1,3,3,1,8,e2efcd73a4cc98eba3dc70804b13089702c042c4b4d361ee4dce7d259c45da55
stress/activate_customer/delayed_unknown/45/supported/paper_literal,stress/activate_customer/delayed_unknown/45,stress,activate_customer,delayed_unknown,45,supported,paper_literal,0,1,1,1,1,0,0,1,1,0,0,1,0,1,3,3,1,8,e2efcd73a4cc98eba3dc70804b13089702c042c4b4d361ee4dce7d259c45da55
stress/activate_customer/delayed_unknown/45/supported/engineering,stress/activate_customer/delayed_unknown/45,stress,activate_customer,delayed_unknown,45,supported,engineering,1,1,1,1,1,0,0,0,0,0,0,1,0,2,3,3,2,8,e2efcd73a4cc98eba3dc70804b13089702c042c4b4d361ee4dce7d259c45da55
stress/activate_customer/delayed_unknown/45/unsupported/retry_only,stress/activate_customer/delayed_unknown/45,stress,activate_customer,delayed_unknown,45,unsupported,retry_only,1,0,0,0,0,1,1,0,0,1,0,2,1,0,6,6,0,8,e2efcd73a4cc98eba3dc70804b13089702c042c4b4d361ee4dce7d259c45da55
stress/activate_customer/delayed_unknown/45/unsupported/verify_only,stress/activate_customer/delayed_unknown/45,stress,activate_customer,delayed_unknown,45,unsupported,verify_only,0,1,1,1,1,0,0,1,1,0,0,1,0,1,3,3,1,8,e2efcd73a4cc98eba3dc70804b13089702c042c4b4d361ee4dce7d259c45da55
stress/activate_customer/delayed_unknown/45/unsupported/paper_literal,stress/activate_customer/delayed_unknown/45,stress,activate_customer,delayed_unknown,45,unsupported,paper_literal,0,1,1,1,1,0,0,1,1,0,0,1,0,1,3,3,1,8,e2efcd73a4cc98eba3dc70804b13089702c042c4b4d361ee4dce7d259c45da55
stress/activate_customer/delayed_unknown/45/unsupported/engineering,stress/activate_customer/delayed_unknown/45,stress,activate_customer,delayed_unknown,45,unsupported,engineering,1,1,1,1,1,0,0,0,0,0,0,1,0,2,3,3,2,8,e2efcd73a4cc98eba3dc70804b13089702c042c4b4d361ee4dce7d259c45da55
stress/activate_customer/delayed_unknown/46/supported/retry_only,stress/activate_customer/delayed_unknown/46,stress,activate_customer,delayed_unknown,46,supported,retry_only,1,0,0,0,0,1,1,0,0,1,0,2,1,0,6,6,0,8,8c9168a31617ade24416561aadeebccc3b8a613d49d51b35af5b9d2d86952c78
stress/activate_customer/delayed_unknown/46/supported/verify_only,stress/activate_customer/delayed_unknown/46,stress,activate_customer,delayed_unknown,46,supported,verify_only,0,1,1,1,1,0,0,1,1,0,0,1,0,1,3,3,1,8,8c9168a31617ade24416561aadeebccc3b8a613d49d51b35af5b9d2d86952c78
stress/activate_customer/delayed_unknown/46/supported/paper_literal,stress/activate_customer/delayed_unknown/46,stress,activate_customer,delayed_unknown,46,supported,paper_literal,0,1,1,1,1,0,0,1,1,0,0,1,0,1,3,3,1,8,8c9168a31617ade24416561aadeebccc3b8a613d49d51b35af5b9d2d86952c78
stress/activate_customer/delayed_unknown/46/supported/engineering,stress/activate_customer/delayed_unknown/46,stress,activate_customer,delayed_unknown,46,supported,engineering,1,1,1,1,1,0,0,0,0,0,0,1,0,2,3,3,2,8,8c9168a31617ade24416561aadeebccc3b8a613d49d51b35af5b9d2d86952c78
stress/activate_customer/delayed_unknown/46/unsupported/retry_only,stress/activate_customer/delayed_unknown/46,stress,activate_customer,delayed_unknown,46,unsupported,retry_only,1,0,0,0,0,1,1,0,0,1,0,2,1,0,6,6,0,8,8c9168a31617ade24416561aadeebccc3b8a613d49d51b35af5b9d2d86952c78
stress/activate_customer/delayed_unknown/46/unsupported/verify_only,stress/activate_customer/delayed_unknown/46,stress,activate_customer,delayed_unknown,46,unsupported,verify_only,0,1,1,1,1,0,0,1,1,0,0,1,0,1,3,3,1,8,8c9168a31617ade24416561aadeebccc3b8a613d49d51b35af5b9d2d86952c78
stress/activate_customer/delayed_unknown/46/unsupported/paper_literal,stress/activate_customer/delayed_unknown/46,stress,activate_customer,delayed_unknown,46,unsupported,paper_literal,0,1,1,1,1,0,0,1,1,0,0,1,0,1,3,3,1,8,8c9168a31617ade24416561aadeebccc3b8a613d49d51b35af5b9d2d86952c78
stress/activate_customer/delayed_unknown/46/unsupported/engineering,stress/activate_customer/delayed_unknown/46,stress,activate_customer,delayed_unknown,46,unsupported,engineering,1,1,1,1,1,0,0,0,0,0,0,1,0,2,3,3,2,8,8c9168a31617ade24416561aadeebccc3b8a613d49d51b35af5b9d2d86952c78
stress/activate_customer/delayed_commit/42/supported/retry_only,stress/activate_customer/delayed_commit/42,stress,activate_customer,delayed_commit,42,supported,retry_only,1,1,0,1,0,0,1,0,0,1,0,2,1,0,3,6,0,8,1bafdd80bb35ea57ab179546da8564144ddbbec98c917a71aba63b2c66ca0456
stress/activate_customer/delayed_commit/42/supported/verify_only,stress/activate_customer/delayed_commit/42,stress,activate_customer,delayed_commit,42,supported,verify_only,0,0,1,0,1,0,0,0,1,0,0,1,0,1,0,3,1,8,1bafdd80bb35ea57ab179546da8564144ddbbec98c917a71aba63b2c66ca0456
stress/activate_customer/delayed_commit/42/supported/paper_literal,stress/activate_customer/delayed_commit/42,stress,activate_customer,delayed_commit,42,supported,paper_literal,0,0,1,0,1,0,0,0,1,0,0,2,1,1,0,3,1,8,1bafdd80bb35ea57ab179546da8564144ddbbec98c917a71aba63b2c66ca0456
stress/activate_customer/delayed_commit/42/supported/engineering,stress/activate_customer/delayed_commit/42,stress,activate_customer,delayed_commit,42,supported,engineering,1,1,1,1,1,0,0,0,0,0,0,2,1,3,3,3,2,8,1bafdd80bb35ea57ab179546da8564144ddbbec98c917a71aba63b2c66ca0456
stress/activate_customer/delayed_commit/42/unsupported/retry_only,stress/activate_customer/delayed_commit/42,stress,activate_customer,delayed_commit,42,unsupported,retry_only,1,1,0,1,0,0,1,0,0,1,0,2,1,0,3,6,0,8,1bafdd80bb35ea57ab179546da8564144ddbbec98c917a71aba63b2c66ca0456
stress/activate_customer/delayed_commit/42/unsupported/verify_only,stress/activate_customer/delayed_commit/42,stress,activate_customer,delayed_commit,42,unsupported,verify_only,0,0,1,0,1,0,0,0,1,0,0,1,0,1,0,3,1,8,1bafdd80bb35ea57ab179546da8564144ddbbec98c917a71aba63b2c66ca0456
stress/activate_customer/delayed_commit/42/unsupported/paper_literal,stress/activate_customer/delayed_commit/42,stress,activate_customer,delayed_commit,42,unsupported,paper_literal,0,1,0,1,0,0,0,1,0,1,0,2,1,1,3,6,1,8,1bafdd80bb35ea57ab179546da8564144ddbbec98c917a71aba63b2c66ca0456
stress/activate_customer/delayed_commit/42/unsupported/engineering,stress/activate_customer/delayed_commit/42,stress,activate_customer,delayed_commit,42,unsupported,engineering,1,1,0,1,0,0,1,0,0,1,0,2,1,2,3,6,1,8,1bafdd80bb35ea57ab179546da8564144ddbbec98c917a71aba63b2c66ca0456
stress/activate_customer/delayed_commit/43/supported/retry_only,stress/activate_customer/delayed_commit/43,stress,activate_customer,delayed_commit,43,supported,retry_only,1,1,0,1,0,0,1,0,0,1,0,2,1,0,3,6,0,8,298c10c523770af0d853961a357bbad7409f400c155af80618d99e87dbb1940f
stress/activate_customer/delayed_commit/43/supported/verify_only,stress/activate_customer/delayed_commit/43,stress,activate_customer,delayed_commit,43,supported,verify_only,0,0,1,0,1,0,0,0,1,0,0,1,0,1,0,3,1,8,298c10c523770af0d853961a357bbad7409f400c155af80618d99e87dbb1940f
stress/activate_customer/delayed_commit/43/supported/paper_literal,stress/activate_customer/delayed_commit/43,stress,activate_customer,delayed_commit,43,supported,paper_literal,0,0,1,0,1,0,0,0,1,0,0,2,1,1,0,3,1,8,298c10c523770af0d853961a357bbad7409f400c155af80618d99e87dbb1940f
stress/activate_customer/delayed_commit/43/supported/engineering,stress/activate_customer/delayed_commit/43,stress,activate_customer,delayed_commit,43,supported,engineering,1,1,1,1,1,0,0,0,0,0,0,2,1,3,3,3,2,8,298c10c523770af0d853961a357bbad7409f400c155af80618d99e87dbb1940f
stress/activate_customer/delayed_commit/43/unsupported/retry_only,stress/activate_customer/delayed_commit/43,stress,activate_customer,delayed_commit,43,unsupported,retry_only,1,1,0,1,0,0,1,0,0,1,0,2,1,0,3,6,0,8,298c10c523770af0d853961a357bbad7409f400c155af80618d99e87dbb1940f
stress/activate_customer/delayed_commit/43/unsupported/verify_only,stress/activate_customer/delayed_commit/43,stress,activate_customer,delayed_commit,43,unsupported,verify_only,0,0,1,0,1,0,0,0,1,0,0,1,0,1,0,3,1,8,298c10c523770af0d853961a357bbad7409f400c155af80618d99e87dbb1940f
stress/activate_customer/delayed_commit/43/unsupported/paper_literal,stress/activate_customer/delayed_commit/43,stress,activate_customer,delayed_commit,43,unsupported,paper_literal,0,1,0,1,0,0,0,1,0,1,0,2,1,1,3,6,1,8,298c10c523770af0d853961a357bbad7409f400c155af80618d99e87dbb1940f
stress/activate_customer/delayed_commit/43/unsupported/engineering,stress/activate_customer/delayed_commit/43,stress,activate_customer,delayed_commit,43,unsupported,engineering,1,1,0,1,0,0,1,0,0,1,0,2,1,2,3,6,1,8,298c10c523770af0d853961a357bbad7409f400c155af80618d99e87dbb1940f
stress/activate_customer/delayed_commit/44/supported/retry_only,stress/activate_customer/delayed_commit/44,stress,activate_customer,delayed_commit,44,supported,retry_only,1,1,0,1,0,0,1,0,0,1,0,2,1,0,3,6,0,8,ecd77d3ff4db27bd20dd6c7f70aa2dd5c9f3c4077a415343cab3b93fe0c42257
stress/activate_customer/delayed_commit/44/supported/verify_only,stress/activate_customer/delayed_commit/44,stress,activate_customer,delayed_commit,44,supported,verify_only,0,0,1,0,1,0,0,0,1,0,0,1,0,1,0,3,1,8,ecd77d3ff4db27bd20dd6c7f70aa2dd5c9f3c4077a415343cab3b93fe0c42257
stress/activate_customer/delayed_commit/44/supported/paper_literal,stress/activate_customer/delayed_commit/44,stress,activate_customer,delayed_commit,44,supported,paper_literal,0,0,1,0,1,0,0,0,1,0,0,2,1,1,0,3,1,8,ecd77d3ff4db27bd20dd6c7f70aa2dd5c9f3c4077a415343cab3b93fe0c42257
stress/activate_customer/delayed_commit/44/supported/engineering,stress/activate_customer/delayed_commit/44,stress,activate_customer,delayed_commit,44,supported,engineering,1,1,1,1,1,0,0,0,0,0,0,2,1,3,3,3,2,8,ecd77d3ff4db27bd20dd6c7f70aa2dd5c9f3c4077a415343cab3b93fe0c42257
stress/activate_customer/delayed_commit/44/unsupported/retry_only,stress/activate_customer/delayed_commit/44,stress,activate_customer,delayed_commit,44,unsupported,retry_only,1,1,0,1,0,0,1,0,0,1,0,2,1,0,3,6,0,8,ecd77d3ff4db27bd20dd6c7f70aa2dd5c9f3c4077a415343cab3b93fe0c42257
stress/activate_customer/delayed_commit/44/unsupported/verify_only,stress/activate_customer/delayed_commit/44,stress,activate_customer,delayed_commit,44,unsupported,verify_only,0,0,1,0,1,0,0,0,1,0,0,1,0,1,0,3,1,8,ecd77d3ff4db27bd20dd6c7f70aa2dd5c9f3c4077a415343cab3b93fe0c42257
stress/activate_customer/delayed_commit/44/unsupported/paper_literal,stress/activate_customer/delayed_commit/44,stress,activate_customer,delayed_commit,44,unsupported,paper_literal,0,1,0,1,0,0,0,1,0,1,0,2,1,1,3,6,1,8,ecd77d3ff4db27bd20dd6c7f70aa2dd5c9f3c4077a415343cab3b93fe0c42257
stress/activate_customer/delayed_commit/44/unsupported/engineering,stress/activate_customer/delayed_commit/44,stress,activate_customer,delayed_commit,44,unsupported,engineering,1,1,0,1,0,0,1,0,0,1,0,2,1,2,3,6,1,8,ecd77d3ff4db27bd20dd6c7f70aa2dd5c9f3c4077a415343cab3b93fe0c42257
stress/activate_customer/delayed_commit/45/supported/retry_only,stress/activate_customer/delayed_commit/45,stress,activate_customer,delayed_commit,45,supported,retry_only,1,1,0,1,0,0,1,0,0,1,0,2,1,0,3,6,0,8,cb321f4450ef6a648e55206b62fd7d65a03f80b9a260f889c6324e8e042c4b4f
stress/activate_customer/delayed_commit/45/supported/verify_only,stress/activate_customer/delayed_commit/45,stress,activate_customer,delayed_commit,45,supported,verify_only,0,0,1,0,1,0,0,0,1,0,0,1,0,1,0,3,1,8,cb321f4450ef6a648e55206b62fd7d65a03f80b9a260f889c6324e8e042c4b4f
stress/activate_customer/delayed_commit/45/supported/paper_literal,stress/activate_customer/delayed_commit/45,stress,activate_customer,delayed_commit,45,supported,paper_literal,0,0,1,0,1,0,0,0,1,0,0,2,1,1,0,3,1,8,cb321f4450ef6a648e55206b62fd7d65a03f80b9a260f889c6324e8e042c4b4f
stress/activate_customer/delayed_commit/45/supported/engineering,stress/activate_customer/delayed_commit/45,stress,activate_customer,delayed_commit,45,supported,engineering,1,1,1,1,1,0,0,0,0,0,0,2,1,3,3,3,2,8,cb321f4450ef6a648e55206b62fd7d65a03f80b9a260f889c6324e8e042c4b4f
stress/activate_customer/delayed_commit/45/unsupported/retry_only,stress/activate_customer/delayed_commit/45,stress,activate_customer,delayed_commit,45,unsupported,retry_only,1,1,0,1,0,0,1,0,0,1,0,2,1,0,3,6,0,8,cb321f4450ef6a648e55206b62fd7d65a03f80b9a260f889c6324e8e042c4b4f
stress/activate_customer/delayed_commit/45/unsupported/verify_only,stress/activate_customer/delayed_commit/45,stress,activate_customer,delayed_commit,45,unsupported,verify_only,0,0,1,0,1,0,0,0,1,0,0,1,0,1,0,3,1,8,cb321f4450ef6a648e55206b62fd7d65a03f80b9a260f889c6324e8e042c4b4f
stress/activate_customer/delayed_commit/45/unsupported/paper_literal,stress/activate_customer/delayed_commit/45,stress,activate_customer,delayed_commit,45,unsupported,paper_literal,0,1,0,1,0,0,0,1,0,1,0,2,1,1,3,6,1,8,cb321f4450ef6a648e55206b62fd7d65a03f80b9a260f889c6324e8e042c4b4f
stress/activate_customer/delayed_commit/45/unsupported/engineering,stress/activate_customer/delayed_commit/45,stress,activate_customer,delayed_commit,45,unsupported,engineering,1,1,0,1,0,0,1,0,0,1,0,2,1,2,3,6,1,8,cb321f4450ef6a648e55206b62fd7d65a03f80b9a260f889c6324e8e042c4b4f
stress/activate_customer/delayed_commit/46/supported/retry_only,stress/activate_customer/delayed_commit/46,stress,activate_customer,delayed_commit,46,supported,retry_only,1,1,0,1,0,0,1,0,0,1,0,2,1,0,3,6,0,8,051310047c3bd6c217d40582f0aad36df4d11025924432462a839163974ab8b3
stress/activate_customer/delayed_commit/46/supported/verify_only,stress/activate_customer/delayed_commit/46,stress,activate_customer,delayed_commit,46,supported,verify_only,0,0,1,0,1,0,0,0,1,0,0,1,0,1,0,3,1,8,051310047c3bd6c217d40582f0aad36df4d11025924432462a839163974ab8b3
stress/activate_customer/delayed_commit/46/supported/paper_literal,stress/activate_customer/delayed_commit/46,stress,activate_customer,delayed_commit,46,supported,paper_literal,0,0,1,0,1,0,0,0,1,0,0,2,1,1,0,3,1,8,051310047c3bd6c217d40582f0aad36df4d11025924432462a839163974ab8b3
stress/activate_customer/delayed_commit/46/supported/engineering,stress/activate_customer/delayed_commit/46,stress,activate_customer,delayed_commit,46,supported,engineering,1,1,1,1,1,0,0,0,0,0,0,2,1,3,3,3,2,8,051310047c3bd6c217d40582f0aad36df4d11025924432462a839163974ab8b3
stress/activate_customer/delayed_commit/46/unsupported/retry_only,stress/activate_customer/delayed_commit/46,stress,activate_customer,delayed_commit,46,unsupported,retry_only,1,1,0,1,0,0,1,0,0,1,0,2,1,0,3,6,0,8,051310047c3bd6c217d40582f0aad36df4d11025924432462a839163974ab8b3
stress/activate_customer/delayed_commit/46/unsupported/verify_only,stress/activate_customer/delayed_commit/46,stress,activate_customer,delayed_commit,46,unsupported,verify_only,0,0,1,0,1,0,0,0,1,0,0,1,0,1,0,3,1,8,051310047c3bd6c217d40582f0aad36df4d11025924432462a839163974ab8b3
stress/activate_customer/delayed_commit/46/unsupported/paper_literal,stress/activate_customer/delayed_commit/46,stress,activate_customer,delayed_commit,46,unsupported,paper_literal,0,1,0,1,0,0,0,1,0,1,0,2,1,1,3,6,1,8,051310047c3bd6c217d40582f0aad36df4d11025924432462a839163974ab8b3
stress/activate_customer/delayed_commit/46/unsupported/engineering,stress/activate_customer/delayed_commit/46,stress,activate_customer,delayed_commit,46,unsupported,engineering,1,1,0,1,0,0,1,0,0,1,0,2,1,2,3,6,1,8,051310047c3bd6c217d40582f0aad36df4d11025924432462a839163974ab8b3
stress/activate_customer/unknown_forever/42/supported/retry_only,stress/activate_customer/unknown_forever/42,stress,activate_customer,unknown_forever,42,supported,retry_only,1,1,1,1,1,0,0,0,0,0,0,2,1,0,3,3,0,8,00ca65020595d3154c63593ef05d7645b3b1b9ac4d1f24169a0510648db4dd82
stress/activate_customer/unknown_forever/42/supported/verify_only,stress/activate_customer/unknown_forever/42,stress,activate_customer,unknown_forever,42,supported,verify_only,0,0,0,0,0,0,0,0,0,0,3,1,0,1,0,0,1,8,00ca65020595d3154c63593ef05d7645b3b1b9ac4d1f24169a0510648db4dd82
stress/activate_customer/unknown_forever/42/supported/paper_literal,stress/activate_customer/unknown_forever/42,stress,activate_customer,unknown_forever,42,supported,paper_literal,0,0,0,0,0,0,0,0,0,0,3,1,0,1,0,0,1,8,00ca65020595d3154c63593ef05d7645b3b1b9ac4d1f24169a0510648db4dd82
stress/activate_customer/unknown_forever/42/supported/engineering,stress/activate_customer/unknown_forever/42,stress,activate_customer,unknown_forever,42,supported,engineering,0,0,0,0,0,0,0,0,0,0,3,1,0,3,0,0,3,8,00ca65020595d3154c63593ef05d7645b3b1b9ac4d1f24169a0510648db4dd82
stress/activate_customer/unknown_forever/42/unsupported/retry_only,stress/activate_customer/unknown_forever/42,stress,activate_customer,unknown_forever,42,unsupported,retry_only,1,1,1,1,1,0,0,0,0,0,0,2,1,0,3,3,0,8,00ca65020595d3154c63593ef05d7645b3b1b9ac4d1f24169a0510648db4dd82
stress/activate_customer/unknown_forever/42/unsupported/verify_only,stress/activate_customer/unknown_forever/42,stress,activate_customer,unknown_forever,42,unsupported,verify_only,0,0,0,0,0,0,0,0,0,0,3,1,0,1,0,0,1,8,00ca65020595d3154c63593ef05d7645b3b1b9ac4d1f24169a0510648db4dd82
stress/activate_customer/unknown_forever/42/unsupported/paper_literal,stress/activate_customer/unknown_forever/42,stress,activate_customer,unknown_forever,42,unsupported,paper_literal,0,0,0,0,0,0,0,0,0,0,3,1,0,1,0,0,1,8,00ca65020595d3154c63593ef05d7645b3b1b9ac4d1f24169a0510648db4dd82
stress/activate_customer/unknown_forever/42/unsupported/engineering,stress/activate_customer/unknown_forever/42,stress,activate_customer,unknown_forever,42,unsupported,engineering,0,0,0,0,0,0,0,0,0,0,3,1,0,3,0,0,3,8,00ca65020595d3154c63593ef05d7645b3b1b9ac4d1f24169a0510648db4dd82
stress/activate_customer/unknown_forever/43/supported/retry_only,stress/activate_customer/unknown_forever/43,stress,activate_customer,unknown_forever,43,supported,retry_only,1,1,1,1,1,0,0,0,0,0,0,2,1,0,3,3,0,8,3697619cae2c42ec9f20e02d54566ba7a979ea673edee20c097dec636333af39
stress/activate_customer/unknown_forever/43/supported/verify_only,stress/activate_customer/unknown_forever/43,stress,activate_customer,unknown_forever,43,supported,verify_only,0,0,0,0,0,0,0,0,0,0,3,1,0,1,0,0,1,8,3697619cae2c42ec9f20e02d54566ba7a979ea673edee20c097dec636333af39
stress/activate_customer/unknown_forever/43/supported/paper_literal,stress/activate_customer/unknown_forever/43,stress,activate_customer,unknown_forever,43,supported,paper_literal,0,0,0,0,0,0,0,0,0,0,3,1,0,1,0,0,1,8,3697619cae2c42ec9f20e02d54566ba7a979ea673edee20c097dec636333af39
stress/activate_customer/unknown_forever/43/supported/engineering,stress/activate_customer/unknown_forever/43,stress,activate_customer,unknown_forever,43,supported,engineering,0,0,0,0,0,0,0,0,0,0,3,1,0,3,0,0,3,8,3697619cae2c42ec9f20e02d54566ba7a979ea673edee20c097dec636333af39
stress/activate_customer/unknown_forever/43/unsupported/retry_only,stress/activate_customer/unknown_forever/43,stress,activate_customer,unknown_forever,43,unsupported,retry_only,1,1,1,1,1,0,0,0,0,0,0,2,1,0,3,3,0,8,3697619cae2c42ec9f20e02d54566ba7a979ea673edee20c097dec636333af39
stress/activate_customer/unknown_forever/43/unsupported/verify_only,stress/activate_customer/unknown_forever/43,stress,activate_customer,unknown_forever,43,unsupported,verify_only,0,0,0,0,0,0,0,0,0,0,3,1,0,1,0,0,1,8,3697619cae2c42ec9f20e02d54566ba7a979ea673edee20c097dec636333af39
stress/activate_customer/unknown_forever/43/unsupported/paper_literal,stress/activate_customer/unknown_forever/43,stress,activate_customer,unknown_forever,43,unsupported,paper_literal,0,0,0,0,0,0,0,0,0,0,3,1,0,1,0,0,1,8,3697619cae2c42ec9f20e02d54566ba7a979ea673edee20c097dec636333af39
stress/activate_customer/unknown_forever/43/unsupported/engineering,stress/activate_customer/unknown_forever/43,stress,activate_customer,unknown_forever,43,unsupported,engineering,0,0,0,0,0,0,0,0,0,0,3,1,0,3,0,0,3,8,3697619cae2c42ec9f20e02d54566ba7a979ea673edee20c097dec636333af39
stress/activate_customer/unknown_forever/44/supported/retry_only,stress/activate_customer/unknown_forever/44,stress,activate_customer,unknown_forever,44,supported,retry_only,1,1,1,1,1,0,0,0,0,0,0,2,1,0,3,3,0,8,37dde5e6412d95f5370e3935013620ade134833d9a7cf04c2998926ce82369d8
stress/activate_customer/unknown_forever/44/supported/verify_only,stress/activate_customer/unknown_forever/44,stress,activate_customer,unknown_forever,44,supported,verify_only,0,0,0,0,0,0,0,0,0,0,3,1,0,1,0,0,1,8,37dde5e6412d95f5370e3935013620ade134833d9a7cf04c2998926ce82369d8
stress/activate_customer/unknown_forever/44/supported/paper_literal,stress/activate_customer/unknown_forever/44,stress,activate_customer,unknown_forever,44,supported,paper_literal,0,0,0,0,0,0,0,0,0,0,3,1,0,1,0,0,1,8,37dde5e6412d95f5370e3935013620ade134833d9a7cf04c2998926ce82369d8
stress/activate_customer/unknown_forever/44/supported/engineering,stress/activate_customer/unknown_forever/44,stress,activate_customer,unknown_forever,44,supported,engineering,0,0,0,0,0,0,0,0,0,0,3,1,0,3,0,0,3,8,37dde5e6412d95f5370e3935013620ade134833d9a7cf04c2998926ce82369d8
stress/activate_customer/unknown_forever/44/unsupported/retry_only,stress/activate_customer/unknown_forever/44,stress,activate_customer,unknown_forever,44,unsupported,retry_only,1,1,1,1,1,0,0,0,0,0,0,2,1,0,3,3,0,8,37dde5e6412d95f5370e3935013620ade134833d9a7cf04c2998926ce82369d8
stress/activate_customer/unknown_forever/44/unsupported/verify_only,stress/activate_customer/unknown_forever/44,stress,activate_customer,unknown_forever,44,unsupported,verify_only,0,0,0,0,0,0,0,0,0,0,3,1,0,1,0,0,1,8,37dde5e6412d95f5370e3935013620ade134833d9a7cf04c2998926ce82369d8
stress/activate_customer/unknown_forever/44/unsupported/paper_literal,stress/activate_customer/unknown_forever/44,stress,activate_customer,unknown_forever,44,unsupported,paper_literal,0,0,0,0,0,0,0,0,0,0,3,1,0,1,0,0,1,8,37dde5e6412d95f5370e3935013620ade134833d9a7cf04c2998926ce82369d8
stress/activate_customer/unknown_forever/44/unsupported/engineering,stress/activate_customer/unknown_forever/44,stress,activate_customer,unknown_forever,44,unsupported,engineering,0,0,0,0,0,0,0,0,0,0,3,1,0,3,0,0,3,8,37dde5e6412d95f5370e3935013620ade134833d9a7cf04c2998926ce82369d8
stress/activate_customer/unknown_forever/45/supported/retry_only,stress/activate_customer/unknown_forever/45,stress,activate_customer,unknown_forever,45,supported,retry_only,1,1,1,1,1,0,0,0,0,0,0,2,1,0,3,3,0,8,fce55f8e6514ffe2f0b29b990b36739512ec3763d2f2c48cc169199802f6d155
stress/activate_customer/unknown_forever/45/supported/verify_only,stress/activate_customer/unknown_forever/45,stress,activate_customer,unknown_forever,45,supported,verify_only,0,0,0,0,0,0,0,0,0,0,3,1,0,1,0,0,1,8,fce55f8e6514ffe2f0b29b990b36739512ec3763d2f2c48cc169199802f6d155
stress/activate_customer/unknown_forever/45/supported/paper_literal,stress/activate_customer/unknown_forever/45,stress,activate_customer,unknown_forever,45,supported,paper_literal,0,0,0,0,0,0,0,0,0,0,3,1,0,1,0,0,1,8,fce55f8e6514ffe2f0b29b990b36739512ec3763d2f2c48cc169199802f6d155
stress/activate_customer/unknown_forever/45/supported/engineering,stress/activate_customer/unknown_forever/45,stress,activate_customer,unknown_forever,45,supported,engineering,0,0,0,0,0,0,0,0,0,0,3,1,0,3,0,0,3,8,fce55f8e6514ffe2f0b29b990b36739512ec3763d2f2c48cc169199802f6d155
stress/activate_customer/unknown_forever/45/unsupported/retry_only,stress/activate_customer/unknown_forever/45,stress,activate_customer,unknown_forever,45,unsupported,retry_only,1,1,1,1,1,0,0,0,0,0,0,2,1,0,3,3,0,8,fce55f8e6514ffe2f0b29b990b36739512ec3763d2f2c48cc169199802f6d155
stress/activate_customer/unknown_forever/45/unsupported/verify_only,stress/activate_customer/unknown_forever/45,stress,activate_customer,unknown_forever,45,unsupported,verify_only,0,0,0,0,0,0,0,0,0,0,3,1,0,1,0,0,1,8,fce55f8e6514ffe2f0b29b990b36739512ec3763d2f2c48cc169199802f6d155
stress/activate_customer/unknown_forever/45/unsupported/paper_literal,stress/activate_customer/unknown_forever/45,stress,activate_customer,unknown_forever,45,unsupported,paper_literal,0,0,0,0,0,0,0,0,0,0,3,1,0,1,0,0,1,8,fce55f8e6514ffe2f0b29b990b36739512ec3763d2f2c48cc169199802f6d155
stress/activate_customer/unknown_forever/45/unsupported/engineering,stress/activate_customer/unknown_forever/45,stress,activate_customer,unknown_forever,45,unsupported,engineering,0,0,0,0,0,0,0,0,0,0,3,1,0,3,0,0,3,8,fce55f8e6514ffe2f0b29b990b36739512ec3763d2f2c48cc169199802f6d155
stress/activate_customer/unknown_forever/46/supported/retry_only,stress/activate_customer/unknown_forever/46,stress,activate_customer,unknown_forever,46,supported,retry_only,1,1,1,1,1,0,0,0,0,0,0,2,1,0,3,3,0,8,6c53bad10e3eb530eaea2746dc1ff90cbe821e5e6df31bac732fdfdcef6df33e
stress/activate_customer/unknown_forever/46/supported/verify_only,stress/activate_customer/unknown_forever/46,stress,activate_customer,unknown_forever,46,supported,verify_only,0,0,0,0,0,0,0,0,0,0,3,1,0,1,0,0,1,8,6c53bad10e3eb530eaea2746dc1ff90cbe821e5e6df31bac732fdfdcef6df33e
stress/activate_customer/unknown_forever/46/supported/paper_literal,stress/activate_customer/unknown_forever/46,stress,activate_customer,unknown_forever,46,supported,paper_literal,0,0,0,0,0,0,0,0,0,0,3,1,0,1,0,0,1,8,6c53bad10e3eb530eaea2746dc1ff90cbe821e5e6df31bac732fdfdcef6df33e
stress/activate_customer/unknown_forever/46/supported/engineering,stress/activate_customer/unknown_forever/46,stress,activate_customer,unknown_forever,46,supported,engineering,0,0,0,0,0,0,0,0,0,0,3,1,0,3,0,0,3,8,6c53bad10e3eb530eaea2746dc1ff90cbe821e5e6df31bac732fdfdcef6df33e
stress/activate_customer/unknown_forever/46/unsupported/retry_only,stress/activate_customer/unknown_forever/46,stress,activate_customer,unknown_forever,46,unsupported,retry_only,1,1,1,1,1,0,0,0,0,0,0,2,1,0,3,3,0,8,6c53bad10e3eb530eaea2746dc1ff90cbe821e5e6df31bac732fdfdcef6df33e
stress/activate_customer/unknown_forever/46/unsupported/verify_only,stress/activate_customer/unknown_forever/46,stress,activate_customer,unknown_forever,46,unsupported,verify_only,0,0,0,0,0,0,0,0,0,0,3,1,0,1,0,0,1,8,6c53bad10e3eb530eaea2746dc1ff90cbe821e5e6df31bac732fdfdcef6df33e
stress/activate_customer/unknown_forever/46/unsupported/paper_literal,stress/activate_customer/unknown_forever/46,stress,activate_customer,unknown_forever,46,unsupported,paper_literal,0,0,0,0,0,0,0,0,0,0,3,1,0,1,0,0,1,8,6c53bad10e3eb530eaea2746dc1ff90cbe821e5e6df31bac732fdfdcef6df33e
stress/activate_customer/unknown_forever/46/unsupported/engineering,stress/activate_customer/unknown_forever/46,stress,activate_customer,unknown_forever,46,unsupported,engineering,0,0,0,0,0,0,0,0,0,0,3,1,0,3,0,0,3,8,6c53bad10e3eb530eaea2746dc1ff90cbe821e5e6df31bac732fdfdcef6df33e
stress/activate_customer/definitive_conflict/42/supported/retry_only,stress/activate_customer/definitive_conflict/42,stress,activate_customer,definitive_conflict,42,supported,retry_only,1,1,1,1,1,0,0,0,0,0,0,2,1,0,3,3,0,8,2704daeb6626b6a7db56394a0c689e0ae69357f472f215b8303902feb5a6a26e
stress/activate_customer/definitive_conflict/42/supported/verify_only,stress/activate_customer/definitive_conflict/42,stress,activate_customer,definitive_conflict,42,supported,verify_only,0,0,0,0,0,0,0,0,0,0,3,1,0,0,0,0,0,8,2704daeb6626b6a7db56394a0c689e0ae69357f472f215b8303902feb5a6a26e
stress/activate_customer/definitive_conflict/42/supported/paper_literal,stress/activate_customer/definitive_conflict/42,stress,activate_customer,definitive_conflict,42,supported,paper_literal,0,0,0,0,0,0,0,0,0,0,3,1,0,0,0,0,0,8,2704daeb6626b6a7db56394a0c689e0ae69357f472f215b8303902feb5a6a26e
stress/activate_customer/definitive_conflict/42/supported/engineering,stress/activate_customer/definitive_conflict/42,stress,activate_customer,definitive_conflict,42,supported,engineering,0,0,0,0,0,0,0,0,0,0,3,1,0,0,0,0,0,8,2704daeb6626b6a7db56394a0c689e0ae69357f472f215b8303902feb5a6a26e
stress/activate_customer/definitive_conflict/42/unsupported/retry_only,stress/activate_customer/definitive_conflict/42,stress,activate_customer,definitive_conflict,42,unsupported,retry_only,1,1,1,1,1,0,0,0,0,0,0,2,1,0,3,3,0,8,2704daeb6626b6a7db56394a0c689e0ae69357f472f215b8303902feb5a6a26e
stress/activate_customer/definitive_conflict/42/unsupported/verify_only,stress/activate_customer/definitive_conflict/42,stress,activate_customer,definitive_conflict,42,unsupported,verify_only,0,0,0,0,0,0,0,0,0,0,3,1,0,0,0,0,0,8,2704daeb6626b6a7db56394a0c689e0ae69357f472f215b8303902feb5a6a26e
stress/activate_customer/definitive_conflict/42/unsupported/paper_literal,stress/activate_customer/definitive_conflict/42,stress,activate_customer,definitive_conflict,42,unsupported,paper_literal,0,0,0,0,0,0,0,0,0,0,3,1,0,0,0,0,0,8,2704daeb6626b6a7db56394a0c689e0ae69357f472f215b8303902feb5a6a26e
stress/activate_customer/definitive_conflict/42/unsupported/engineering,stress/activate_customer/definitive_conflict/42,stress,activate_customer,definitive_conflict,42,unsupported,engineering,0,0,0,0,0,0,0,0,0,0,3,1,0,0,0,0,0,8,2704daeb6626b6a7db56394a0c689e0ae69357f472f215b8303902feb5a6a26e
stress/activate_customer/definitive_conflict/43/supported/retry_only,stress/activate_customer/definitive_conflict/43,stress,activate_customer,definitive_conflict,43,supported,retry_only,1,1,1,1,1,0,0,0,0,0,0,2,1,0,3,3,0,8,7fdbace62d98a407ffa4490a437fb1b1dcf410b0a707b4ad2fc7ff9b59a09dd6
stress/activate_customer/definitive_conflict/43/supported/verify_only,stress/activate_customer/definitive_conflict/43,stress,activate_customer,definitive_conflict,43,supported,verify_only,0,0,0,0,0,0,0,0,0,0,3,1,0,0,0,0,0,8,7fdbace62d98a407ffa4490a437fb1b1dcf410b0a707b4ad2fc7ff9b59a09dd6
stress/activate_customer/definitive_conflict/43/supported/paper_literal,stress/activate_customer/definitive_conflict/43,stress,activate_customer,definitive_conflict,43,supported,paper_literal,0,0,0,0,0,0,0,0,0,0,3,1,0,0,0,0,0,8,7fdbace62d98a407ffa4490a437fb1b1dcf410b0a707b4ad2fc7ff9b59a09dd6
stress/activate_customer/definitive_conflict/43/supported/engineering,stress/activate_customer/definitive_conflict/43,stress,activate_customer,definitive_conflict,43,supported,engineering,0,0,0,0,0,0,0,0,0,0,3,1,0,0,0,0,0,8,7fdbace62d98a407ffa4490a437fb1b1dcf410b0a707b4ad2fc7ff9b59a09dd6
stress/activate_customer/definitive_conflict/43/unsupported/retry_only,stress/activate_customer/definitive_conflict/43,stress,activate_customer,definitive_conflict,43,unsupported,retry_only,1,1,1,1,1,0,0,0,0,0,0,2,1,0,3,3,0,8,7fdbace62d98a407ffa4490a437fb1b1dcf410b0a707b4ad2fc7ff9b59a09dd6
stress/activate_customer/definitive_conflict/43/unsupported/verify_only,stress/activate_customer/definitive_conflict/43,stress,activate_customer,definitive_conflict,43,unsupported,verify_only,0,0,0,0,0,0,0,0,0,0,3,1,0,0,0,0,0,8,7fdbace62d98a407ffa4490a437fb1b1dcf410b0a707b4ad2fc7ff9b59a09dd6
stress/activate_customer/definitive_conflict/43/unsupported/paper_literal,stress/activate_customer/definitive_conflict/43,stress,activate_customer,definitive_conflict,43,unsupported,paper_literal,0,0,0,0,0,0,0,0,0,0,3,1,0,0,0,0,0,8,7fdbace62d98a407ffa4490a437fb1b1dcf410b0a707b4ad2fc7ff9b59a09dd6
stress/activate_customer/definitive_conflict/43/unsupported/engineering,stress/activate_customer/definitive_conflict/43,stress,activate_customer,definitive_conflict,43,unsupported,engineering,0,0,0,0,0,0,0,0,0,0,3,1,0,0,0,0,0,8,7fdbace62d98a407ffa4490a437fb1b1dcf410b0a707b4ad2fc7ff9b59a09dd6
stress/activate_customer/definitive_conflict/44/supported/retry_only,stress/activate_customer/definitive_conflict/44,stress,activate_customer,definitive_conflict,44,supported,retry_only,1,1,1,1,1,0,0,0,0,0,0,2,1,0,3,3,0,8,cfad1cb095bbab65b371ae8ba6a8ce9cd0cd30bc736486e9919ff5984756f2bb
stress/activate_customer/definitive_conflict/44/supported/verify_only,stress/activate_customer/definitive_conflict/44,stress,activate_customer,definitive_conflict,44,supported,verify_only,0,0,0,0,0,0,0,0,0,0,3,1,0,0,0,0,0,8,cfad1cb095bbab65b371ae8ba6a8ce9cd0cd30bc736486e9919ff5984756f2bb
stress/activate_customer/definitive_conflict/44/supported/paper_literal,stress/activate_customer/definitive_conflict/44,stress,activate_customer,definitive_conflict,44,supported,paper_literal,0,0,0,0,0,0,0,0,0,0,3,1,0,0,0,0,0,8,cfad1cb095bbab65b371ae8ba6a8ce9cd0cd30bc736486e9919ff5984756f2bb
stress/activate_customer/definitive_conflict/44/supported/engineering,stress/activate_customer/definitive_conflict/44,stress,activate_customer,definitive_conflict,44,supported,engineering,0,0,0,0,0,0,0,0,0,0,3,1,0,0,0,0,0,8,cfad1cb095bbab65b371ae8ba6a8ce9cd0cd30bc736486e9919ff5984756f2bb
stress/activate_customer/definitive_conflict/44/unsupported/retry_only,stress/activate_customer/definitive_conflict/44,stress,activate_customer,definitive_conflict,44,unsupported,retry_only,1,1,1,1,1,0,0,0,0,0,0,2,1,0,3,3,0,8,cfad1cb095bbab65b371ae8ba6a8ce9cd0cd30bc736486e9919ff5984756f2bb
stress/activate_customer/definitive_conflict/44/unsupported/verify_only,stress/activate_customer/definitive_conflict/44,stress,activate_customer,definitive_conflict,44,unsupported,verify_only,0,0,0,0,0,0,0,0,0,0,3,1,0,0,0,0,0,8,cfad1cb095bbab65b371ae8ba6a8ce9cd0cd30bc736486e9919ff5984756f2bb
stress/activate_customer/definitive_conflict/44/unsupported/paper_literal,stress/activate_customer/definitive_conflict/44,stress,activate_customer,definitive_conflict,44,unsupported,paper_literal,0,0,0,0,0,0,0,0,0,0,3,1,0,0,0,0,0,8,cfad1cb095bbab65b371ae8ba6a8ce9cd0cd30bc736486e9919ff5984756f2bb
stress/activate_customer/definitive_conflict/44/unsupported/engineering,stress/activate_customer/definitive_conflict/44,stress,activate_customer,definitive_conflict,44,unsupported,engineering,0,0,0,0,0,0,0,0,0,0,3,1,0,0,0,0,0,8,cfad1cb095bbab65b371ae8ba6a8ce9cd0cd30bc736486e9919ff5984756f2bb
stress/activate_customer/definitive_conflict/45/supported/retry_only,stress/activate_customer/definitive_conflict/45,stress,activate_customer,definitive_conflict,45,supported,retry_only,1,1,1,1,1,0,0,0,0,0,0,2,1,0,3,3,0,8,a91ec05e2c74aee1c149c81657c11cba19d9a59abdffde4c2081aeb42dc5e4dc
stress/activate_customer/definitive_conflict/45/supported/verify_only,stress/activate_customer/definitive_conflict/45,stress,activate_customer,definitive_conflict,45,supported,verify_only,0,0,0,0,0,0,0,0,0,0,3,1,0,0,0,0,0,8,a91ec05e2c74aee1c149c81657c11cba19d9a59abdffde4c2081aeb42dc5e4dc
stress/activate_customer/definitive_conflict/45/supported/paper_literal,stress/activate_customer/definitive_conflict/45,stress,activate_customer,definitive_conflict,45,supported,paper_literal,0,0,0,0,0,0,0,0,0,0,3,1,0,0,0,0,0,8,a91ec05e2c74aee1c149c81657c11cba19d9a59abdffde4c2081aeb42dc5e4dc
stress/activate_customer/definitive_conflict/45/supported/engineering,stress/activate_customer/definitive_conflict/45,stress,activate_customer,definitive_conflict,45,supported,engineering,0,0,0,0,0,0,0,0,0,0,3,1,0,0,0,0,0,8,a91ec05e2c74aee1c149c81657c11cba19d9a59abdffde4c2081aeb42dc5e4dc
stress/activate_customer/definitive_conflict/45/unsupported/retry_only,stress/activate_customer/definitive_conflict/45,stress,activate_customer,definitive_conflict,45,unsupported,retry_only,1,1,1,1,1,0,0,0,0,0,0,2,1,0,3,3,0,8,a91ec05e2c74aee1c149c81657c11cba19d9a59abdffde4c2081aeb42dc5e4dc
stress/activate_customer/definitive_conflict/45/unsupported/verify_only,stress/activate_customer/definitive_conflict/45,stress,activate_customer,definitive_conflict,45,unsupported,verify_only,0,0,0,0,0,0,0,0,0,0,3,1,0,0,0,0,0,8,a91ec05e2c74aee1c149c81657c11cba19d9a59abdffde4c2081aeb42dc5e4dc
stress/activate_customer/definitive_conflict/45/unsupported/paper_literal,stress/activate_customer/definitive_conflict/45,stress,activate_customer,definitive_conflict,45,unsupported,paper_literal,0,0,0,0,0,0,0,0,0,0,3,1,0,0,0,0,0,8,a91ec05e2c74aee1c149c81657c11cba19d9a59abdffde4c2081aeb42dc5e4dc
stress/activate_customer/definitive_conflict/45/unsupported/engineering,stress/activate_customer/definitive_conflict/45,stress,activate_customer,definitive_conflict,45,unsupported,engineering,0,0,0,0,0,0,0,0,0,0,3,1,0,0,0,0,0,8,a91ec05e2c74aee1c149c81657c11cba19d9a59abdffde4c2081aeb42dc5e4dc
stress/activate_customer/definitive_conflict/46/supported/retry_only,stress/activate_customer/definitive_conflict/46,stress,activate_customer,definitive_conflict,46,supported,retry_only,1,1,1,1,1,0,0,0,0,0,0,2,1,0,3,3,0,8,949fbf6ff56da7c10be1f5f2d76a99beb31d92be1abc537e582896f3ec4c4cbb
stress/activate_customer/definitive_conflict/46/supported/verify_only,stress/activate_customer/definitive_conflict/46,stress,activate_customer,definitive_conflict,46,supported,verify_only,0,0,0,0,0,0,0,0,0,0,3,1,0,0,0,0,0,8,949fbf6ff56da7c10be1f5f2d76a99beb31d92be1abc537e582896f3ec4c4cbb
stress/activate_customer/definitive_conflict/46/supported/paper_literal,stress/activate_customer/definitive_conflict/46,stress,activate_customer,definitive_conflict,46,supported,paper_literal,0,0,0,0,0,0,0,0,0,0,3,1,0,0,0,0,0,8,949fbf6ff56da7c10be1f5f2d76a99beb31d92be1abc537e582896f3ec4c4cbb
stress/activate_customer/definitive_conflict/46/supported/engineering,stress/activate_customer/definitive_conflict/46,stress,activate_customer,definitive_conflict,46,supported,engineering,0,0,0,0,0,0,0,0,0,0,3,1,0,0,0,0,0,8,949fbf6ff56da7c10be1f5f2d76a99beb31d92be1abc537e582896f3ec4c4cbb
stress/activate_customer/definitive_conflict/46/unsupported/retry_only,stress/activate_customer/definitive_conflict/46,stress,activate_customer,definitive_conflict,46,unsupported,retry_only,1,1,1,1,1,0,0,0,0,0,0,2,1,0,3,3,0,8,949fbf6ff56da7c10be1f5f2d76a99beb31d92be1abc537e582896f3ec4c4cbb
stress/activate_customer/definitive_conflict/46/unsupported/verify_only,stress/activate_customer/definitive_conflict/46,stress,activate_customer,definitive_conflict,46,unsupported,verify_only,0,0,0,0,0,0,0,0,0,0,3,1,0,0,0,0,0,8,949fbf6ff56da7c10be1f5f2d76a99beb31d92be1abc537e582896f3ec4c4cbb
stress/activate_customer/definitive_conflict/46/unsupported/paper_literal,stress/activate_customer/definitive_conflict/46,stress,activate_customer,definitive_conflict,46,unsupported,paper_literal,0,0,0,0,0,0,0,0,0,0,3,1,0,0,0,0,0,8,949fbf6ff56da7c10be1f5f2d76a99beb31d92be1abc537e582896f3ec4c4cbb
stress/activate_customer/definitive_conflict/46/unsupported/engineering,stress/activate_customer/definitive_conflict/46,stress,activate_customer,definitive_conflict,46,unsupported,engineering,0,0,0,0,0,0,0,0,0,0,3,1,0,0,0,0,0,8,949fbf6ff56da7c10be1f5f2d76a99beb31d92be1abc537e582896f3ec4c4cbb
stress/activate_customer/partial_ambiguous/42/supported/retry_only,stress/activate_customer/partial_ambiguous/42,stress,activate_customer,partial_ambiguous,42,supported,retry_only,1,1,1,1,1,0,0,0,0,0,0,2,1,0,5,5,0,8,3d65c3350d98bc796420fb4ca4288871fe54016eb88f9ec7356d2ed996febaa1
stress/activate_customer/partial_ambiguous/42/supported/verify_only,stress/activate_customer/partial_ambiguous/42,stress,activate_customer,partial_ambiguous,42,supported,verify_only,1,0,0,0,0,1,1,0,0,0,1,1,0,1,2,2,1,8,3d65c3350d98bc796420fb4ca4288871fe54016eb88f9ec7356d2ed996febaa1
stress/activate_customer/partial_ambiguous/42/supported/paper_literal,stress/activate_customer/partial_ambiguous/42,stress,activate_customer,partial_ambiguous,42,supported,paper_literal,1,0,0,0,0,1,1,0,0,0,1,1,0,1,2,2,1,8,3d65c3350d98bc796420fb4ca4288871fe54016eb88f9ec7356d2ed996febaa1
stress/activate_customer/partial_ambiguous/42/supported/engineering,stress/activate_customer/partial_ambiguous/42,stress,activate_customer,partial_ambiguous,42,supported,engineering,1,1,1,1,1,0,0,0,0,0,0,2,1,2,3,3,1,8,3d65c3350d98bc796420fb4ca4288871fe54016eb88f9ec7356d2ed996febaa1
stress/activate_customer/partial_ambiguous/42/unsupported/retry_only,stress/activate_customer/partial_ambiguous/42,stress,activate_customer,partial_ambiguous,42,unsupported,retry_only,1,1,1,1,1,0,0,0,0,0,0,2,1,0,5,5,0,8,3d65c3350d98bc796420fb4ca4288871fe54016eb88f9ec7356d2ed996febaa1
stress/activate_customer/partial_ambiguous/42/unsupported/verify_only,stress/activate_customer/partial_ambiguous/42,stress,activate_customer,partial_ambiguous,42,unsupported,verify_only,1,0,0,0,0,1,1,0,0,0,1,1,0,1,2,2,1,8,3d65c3350d98bc796420fb4ca4288871fe54016eb88f9ec7356d2ed996febaa1
stress/activate_customer/partial_ambiguous/42/unsupported/paper_literal,stress/activate_customer/partial_ambiguous/42,stress,activate_customer,partial_ambiguous,42,unsupported,paper_literal,1,0,0,0,0,1,1,0,0,0,1,1,0,1,2,2,1,8,3d65c3350d98bc796420fb4ca4288871fe54016eb88f9ec7356d2ed996febaa1
stress/activate_customer/partial_ambiguous/42/unsupported/engineering,stress/activate_customer/partial_ambiguous/42,stress,activate_customer,partial_ambiguous,42,unsupported,engineering,1,1,1,1,1,0,0,0,0,0,0,2,1,2,5,5,1,8,3d65c3350d98bc796420fb4ca4288871fe54016eb88f9ec7356d2ed996febaa1
stress/activate_customer/partial_ambiguous/43/supported/retry_only,stress/activate_customer/partial_ambiguous/43,stress,activate_customer,partial_ambiguous,43,supported,retry_only,1,1,1,1,1,0,0,0,0,0,0,2,1,0,5,5,0,8,851349e3a9d2d943763f48d48e18738147a306d0ab19c11e9a4f6d4a6ee4a280
stress/activate_customer/partial_ambiguous/43/supported/verify_only,stress/activate_customer/partial_ambiguous/43,stress,activate_customer,partial_ambiguous,43,supported,verify_only,1,0,0,0,0,1,1,0,0,0,1,1,0,1,2,2,1,8,851349e3a9d2d943763f48d48e18738147a306d0ab19c11e9a4f6d4a6ee4a280
stress/activate_customer/partial_ambiguous/43/supported/paper_literal,stress/activate_customer/partial_ambiguous/43,stress,activate_customer,partial_ambiguous,43,supported,paper_literal,1,0,0,0,0,1,1,0,0,0,1,1,0,1,2,2,1,8,851349e3a9d2d943763f48d48e18738147a306d0ab19c11e9a4f6d4a6ee4a280
stress/activate_customer/partial_ambiguous/43/supported/engineering,stress/activate_customer/partial_ambiguous/43,stress,activate_customer,partial_ambiguous,43,supported,engineering,1,1,1,1,1,0,0,0,0,0,0,2,1,2,3,3,1,8,851349e3a9d2d943763f48d48e18738147a306d0ab19c11e9a4f6d4a6ee4a280
stress/activate_customer/partial_ambiguous/43/unsupported/retry_only,stress/activate_customer/partial_ambiguous/43,stress,activate_customer,partial_ambiguous,43,unsupported,retry_only,1,1,1,1,1,0,0,0,0,0,0,2,1,0,5,5,0,8,851349e3a9d2d943763f48d48e18738147a306d0ab19c11e9a4f6d4a6ee4a280
stress/activate_customer/partial_ambiguous/43/unsupported/verify_only,stress/activate_customer/partial_ambiguous/43,stress,activate_customer,partial_ambiguous,43,unsupported,verify_only,1,0,0,0,0,1,1,0,0,0,1,1,0,1,2,2,1,8,851349e3a9d2d943763f48d48e18738147a306d0ab19c11e9a4f6d4a6ee4a280
stress/activate_customer/partial_ambiguous/43/unsupported/paper_literal,stress/activate_customer/partial_ambiguous/43,stress,activate_customer,partial_ambiguous,43,unsupported,paper_literal,1,0,0,0,0,1,1,0,0,0,1,1,0,1,2,2,1,8,851349e3a9d2d943763f48d48e18738147a306d0ab19c11e9a4f6d4a6ee4a280
stress/activate_customer/partial_ambiguous/43/unsupported/engineering,stress/activate_customer/partial_ambiguous/43,stress,activate_customer,partial_ambiguous,43,unsupported,engineering,1,1,1,1,1,0,0,0,0,0,0,2,1,2,5,5,1,8,851349e3a9d2d943763f48d48e18738147a306d0ab19c11e9a4f6d4a6ee4a280
stress/activate_customer/partial_ambiguous/44/supported/retry_only,stress/activate_customer/partial_ambiguous/44,stress,activate_customer,partial_ambiguous,44,supported,retry_only,1,1,1,1,1,0,0,0,0,0,0,2,1,0,5,5,0,8,3645b48bda099d243eb762611d77e7cb4ee31e3124536501c4c2634657e3ca0a
stress/activate_customer/partial_ambiguous/44/supported/verify_only,stress/activate_customer/partial_ambiguous/44,stress,activate_customer,partial_ambiguous,44,supported,verify_only,1,0,0,0,0,1,1,0,0,0,1,1,0,1,2,2,1,8,3645b48bda099d243eb762611d77e7cb4ee31e3124536501c4c2634657e3ca0a
stress/activate_customer/partial_ambiguous/44/supported/paper_literal,stress/activate_customer/partial_ambiguous/44,stress,activate_customer,partial_ambiguous,44,supported,paper_literal,1,0,0,0,0,1,1,0,0,0,1,1,0,1,2,2,1,8,3645b48bda099d243eb762611d77e7cb4ee31e3124536501c4c2634657e3ca0a
stress/activate_customer/partial_ambiguous/44/supported/engineering,stress/activate_customer/partial_ambiguous/44,stress,activate_customer,partial_ambiguous,44,supported,engineering,1,1,1,1,1,0,0,0,0,0,0,2,1,2,3,3,1,8,3645b48bda099d243eb762611d77e7cb4ee31e3124536501c4c2634657e3ca0a
stress/activate_customer/partial_ambiguous/44/unsupported/retry_only,stress/activate_customer/partial_ambiguous/44,stress,activate_customer,partial_ambiguous,44,unsupported,retry_only,1,1,1,1,1,0,0,0,0,0,0,2,1,0,5,5,0,8,3645b48bda099d243eb762611d77e7cb4ee31e3124536501c4c2634657e3ca0a
stress/activate_customer/partial_ambiguous/44/unsupported/verify_only,stress/activate_customer/partial_ambiguous/44,stress,activate_customer,partial_ambiguous,44,unsupported,verify_only,1,0,0,0,0,1,1,0,0,0,1,1,0,1,2,2,1,8,3645b48bda099d243eb762611d77e7cb4ee31e3124536501c4c2634657e3ca0a
stress/activate_customer/partial_ambiguous/44/unsupported/paper_literal,stress/activate_customer/partial_ambiguous/44,stress,activate_customer,partial_ambiguous,44,unsupported,paper_literal,1,0,0,0,0,1,1,0,0,0,1,1,0,1,2,2,1,8,3645b48bda099d243eb762611d77e7cb4ee31e3124536501c4c2634657e3ca0a
stress/activate_customer/partial_ambiguous/44/unsupported/engineering,stress/activate_customer/partial_ambiguous/44,stress,activate_customer,partial_ambiguous,44,unsupported,engineering,1,1,1,1,1,0,0,0,0,0,0,2,1,2,5,5,1,8,3645b48bda099d243eb762611d77e7cb4ee31e3124536501c4c2634657e3ca0a
stress/activate_customer/partial_ambiguous/45/supported/retry_only,stress/activate_customer/partial_ambiguous/45,stress,activate_customer,partial_ambiguous,45,supported,retry_only,1,1,1,1,1,0,0,0,0,0,0,2,1,0,5,5,0,8,bd7680ce205adcb45e41ccdae2eee2ac1001d36c88df519bda1d83d6a7eb6135
stress/activate_customer/partial_ambiguous/45/supported/verify_only,stress/activate_customer/partial_ambiguous/45,stress,activate_customer,partial_ambiguous,45,supported,verify_only,1,0,0,0,0,1,1,0,0,0,1,1,0,1,2,2,1,8,bd7680ce205adcb45e41ccdae2eee2ac1001d36c88df519bda1d83d6a7eb6135
stress/activate_customer/partial_ambiguous/45/supported/paper_literal,stress/activate_customer/partial_ambiguous/45,stress,activate_customer,partial_ambiguous,45,supported,paper_literal,1,0,0,0,0,1,1,0,0,0,1,1,0,1,2,2,1,8,bd7680ce205adcb45e41ccdae2eee2ac1001d36c88df519bda1d83d6a7eb6135
stress/activate_customer/partial_ambiguous/45/supported/engineering,stress/activate_customer/partial_ambiguous/45,stress,activate_customer,partial_ambiguous,45,supported,engineering,1,1,1,1,1,0,0,0,0,0,0,2,1,2,3,3,1,8,bd7680ce205adcb45e41ccdae2eee2ac1001d36c88df519bda1d83d6a7eb6135
stress/activate_customer/partial_ambiguous/45/unsupported/retry_only,stress/activate_customer/partial_ambiguous/45,stress,activate_customer,partial_ambiguous,45,unsupported,retry_only,1,1,1,1,1,0,0,0,0,0,0,2,1,0,5,5,0,8,bd7680ce205adcb45e41ccdae2eee2ac1001d36c88df519bda1d83d6a7eb6135
stress/activate_customer/partial_ambiguous/45/unsupported/verify_only,stress/activate_customer/partial_ambiguous/45,stress,activate_customer,partial_ambiguous,45,unsupported,verify_only,1,0,0,0,0,1,1,0,0,0,1,1,0,1,2,2,1,8,bd7680ce205adcb45e41ccdae2eee2ac1001d36c88df519bda1d83d6a7eb6135
stress/activate_customer/partial_ambiguous/45/unsupported/paper_literal,stress/activate_customer/partial_ambiguous/45,stress,activate_customer,partial_ambiguous,45,unsupported,paper_literal,1,0,0,0,0,1,1,0,0,0,1,1,0,1,2,2,1,8,bd7680ce205adcb45e41ccdae2eee2ac1001d36c88df519bda1d83d6a7eb6135
stress/activate_customer/partial_ambiguous/45/unsupported/engineering,stress/activate_customer/partial_ambiguous/45,stress,activate_customer,partial_ambiguous,45,unsupported,engineering,1,1,1,1,1,0,0,0,0,0,0,2,1,2,5,5,1,8,bd7680ce205adcb45e41ccdae2eee2ac1001d36c88df519bda1d83d6a7eb6135
stress/activate_customer/partial_ambiguous/46/supported/retry_only,stress/activate_customer/partial_ambiguous/46,stress,activate_customer,partial_ambiguous,46,supported,retry_only,1,1,1,1,1,0,0,0,0,0,0,2,1,0,5,5,0,8,3f628b1b247767ca23d9f800bb36fdb7d347979518ef1c90357718907d74d95a
stress/activate_customer/partial_ambiguous/46/supported/verify_only,stress/activate_customer/partial_ambiguous/46,stress,activate_customer,partial_ambiguous,46,supported,verify_only,1,0,0,0,0,1,1,0,0,0,1,1,0,1,2,2,1,8,3f628b1b247767ca23d9f800bb36fdb7d347979518ef1c90357718907d74d95a
stress/activate_customer/partial_ambiguous/46/supported/paper_literal,stress/activate_customer/partial_ambiguous/46,stress,activate_customer,partial_ambiguous,46,supported,paper_literal,1,0,0,0,0,1,1,0,0,0,1,1,0,1,2,2,1,8,3f628b1b247767ca23d9f800bb36fdb7d347979518ef1c90357718907d74d95a
stress/activate_customer/partial_ambiguous/46/supported/engineering,stress/activate_customer/partial_ambiguous/46,stress,activate_customer,partial_ambiguous,46,supported,engineering,1,1,1,1,1,0,0,0,0,0,0,2,1,2,3,3,1,8,3f628b1b247767ca23d9f800bb36fdb7d347979518ef1c90357718907d74d95a
stress/activate_customer/partial_ambiguous/46/unsupported/retry_only,stress/activate_customer/partial_ambiguous/46,stress,activate_customer,partial_ambiguous,46,unsupported,retry_only,1,1,1,1,1,0,0,0,0,0,0,2,1,0,5,5,0,8,3f628b1b247767ca23d9f800bb36fdb7d347979518ef1c90357718907d74d95a
stress/activate_customer/partial_ambiguous/46/unsupported/verify_only,stress/activate_customer/partial_ambiguous/46,stress,activate_customer,partial_ambiguous,46,unsupported,verify_only,1,0,0,0,0,1,1,0,0,0,1,1,0,1,2,2,1,8,3f628b1b247767ca23d9f800bb36fdb7d347979518ef1c90357718907d74d95a
stress/activate_customer/partial_ambiguous/46/unsupported/paper_literal,stress/activate_customer/partial_ambiguous/46,stress,activate_customer,partial_ambiguous,46,unsupported,paper_literal,1,0,0,0,0,1,1,0,0,0,1,1,0,1,2,2,1,8,3f628b1b247767ca23d9f800bb36fdb7d347979518ef1c90357718907d74d95a
stress/activate_customer/partial_ambiguous/46/unsupported/engineering,stress/activate_customer/partial_ambiguous/46,stress,activate_customer,partial_ambiguous,46,unsupported,engineering,1,1,1,1,1,0,0,0,0,0,0,2,1,2,5,5,1,8,3f628b1b247767ca23d9f800bb36fdb7d347979518ef1c90357718907d74d95a
stress/activate_customer/commit_after_budget/42/supported/retry_only,stress/activate_customer/commit_after_budget/42,stress,activate_customer,commit_after_budget,42,supported,retry_only,1,1,0,1,0,0,1,0,0,1,0,2,1,0,3,6,0,8,ddeca95d8ea4733cde06ef2e07799ff0e6e99fd647c35c2ddd57ed841d4d1857
stress/activate_customer/commit_after_budget/42/supported/verify_only,stress/activate_customer/commit_after_budget/42,stress,activate_customer,commit_after_budget,42,supported,verify_only,0,0,1,0,1,0,0,0,1,0,0,1,0,1,0,3,1,8,ddeca95d8ea4733cde06ef2e07799ff0e6e99fd647c35c2ddd57ed841d4d1857
stress/activate_customer/commit_after_budget/42/supported/paper_literal,stress/activate_customer/commit_after_budget/42,stress,activate_customer,commit_after_budget,42,supported,paper_literal,0,0,1,0,1,0,0,0,1,0,0,1,0,1,0,3,1,8,ddeca95d8ea4733cde06ef2e07799ff0e6e99fd647c35c2ddd57ed841d4d1857
stress/activate_customer/commit_after_budget/42/supported/engineering,stress/activate_customer/commit_after_budget/42,stress,activate_customer,commit_after_budget,42,supported,engineering,0,0,1,0,1,0,0,0,1,0,0,1,0,3,0,3,3,8,ddeca95d8ea4733cde06ef2e07799ff0e6e99fd647c35c2ddd57ed841d4d1857
stress/activate_customer/commit_after_budget/42/unsupported/retry_only,stress/activate_customer/commit_after_budget/42,stress,activate_customer,commit_after_budget,42,unsupported,retry_only,1,1,0,1,0,0,1,0,0,1,0,2,1,0,3,6,0,8,ddeca95d8ea4733cde06ef2e07799ff0e6e99fd647c35c2ddd57ed841d4d1857
stress/activate_customer/commit_after_budget/42/unsupported/verify_only,stress/activate_customer/commit_after_budget/42,stress,activate_customer,commit_after_budget,42,unsupported,verify_only,0,0,1,0,1,0,0,0,1,0,0,1,0,1,0,3,1,8,ddeca95d8ea4733cde06ef2e07799ff0e6e99fd647c35c2ddd57ed841d4d1857
stress/activate_customer/commit_after_budget/42/unsupported/paper_literal,stress/activate_customer/commit_after_budget/42,stress,activate_customer,commit_after_budget,42,unsupported,paper_literal,0,0,1,0,1,0,0,0,1,0,0,1,0,1,0,3,1,8,ddeca95d8ea4733cde06ef2e07799ff0e6e99fd647c35c2ddd57ed841d4d1857
stress/activate_customer/commit_after_budget/42/unsupported/engineering,stress/activate_customer/commit_after_budget/42,stress,activate_customer,commit_after_budget,42,unsupported,engineering,0,0,1,0,1,0,0,0,1,0,0,1,0,3,0,3,3,8,ddeca95d8ea4733cde06ef2e07799ff0e6e99fd647c35c2ddd57ed841d4d1857
stress/activate_customer/commit_after_budget/43/supported/retry_only,stress/activate_customer/commit_after_budget/43,stress,activate_customer,commit_after_budget,43,supported,retry_only,1,1,0,1,0,0,1,0,0,1,0,2,1,0,3,6,0,8,8e94fd0e23cdf53088e04c05519b2c410362a89db06cd8d6408dc2360eafc27a
stress/activate_customer/commit_after_budget/43/supported/verify_only,stress/activate_customer/commit_after_budget/43,stress,activate_customer,commit_after_budget,43,supported,verify_only,0,0,1,0,1,0,0,0,1,0,0,1,0,1,0,3,1,8,8e94fd0e23cdf53088e04c05519b2c410362a89db06cd8d6408dc2360eafc27a
stress/activate_customer/commit_after_budget/43/supported/paper_literal,stress/activate_customer/commit_after_budget/43,stress,activate_customer,commit_after_budget,43,supported,paper_literal,0,0,1,0,1,0,0,0,1,0,0,1,0,1,0,3,1,8,8e94fd0e23cdf53088e04c05519b2c410362a89db06cd8d6408dc2360eafc27a
stress/activate_customer/commit_after_budget/43/supported/engineering,stress/activate_customer/commit_after_budget/43,stress,activate_customer,commit_after_budget,43,supported,engineering,0,0,1,0,1,0,0,0,1,0,0,1,0,3,0,3,3,8,8e94fd0e23cdf53088e04c05519b2c410362a89db06cd8d6408dc2360eafc27a
stress/activate_customer/commit_after_budget/43/unsupported/retry_only,stress/activate_customer/commit_after_budget/43,stress,activate_customer,commit_after_budget,43,unsupported,retry_only,1,1,0,1,0,0,1,0,0,1,0,2,1,0,3,6,0,8,8e94fd0e23cdf53088e04c05519b2c410362a89db06cd8d6408dc2360eafc27a
stress/activate_customer/commit_after_budget/43/unsupported/verify_only,stress/activate_customer/commit_after_budget/43,stress,activate_customer,commit_after_budget,43,unsupported,verify_only,0,0,1,0,1,0,0,0,1,0,0,1,0,1,0,3,1,8,8e94fd0e23cdf53088e04c05519b2c410362a89db06cd8d6408dc2360eafc27a
stress/activate_customer/commit_after_budget/43/unsupported/paper_literal,stress/activate_customer/commit_after_budget/43,stress,activate_customer,commit_after_budget,43,unsupported,paper_literal,0,0,1,0,1,0,0,0,1,0,0,1,0,1,0,3,1,8,8e94fd0e23cdf53088e04c05519b2c410362a89db06cd8d6408dc2360eafc27a
stress/activate_customer/commit_after_budget/43/unsupported/engineering,stress/activate_customer/commit_after_budget/43,stress,activate_customer,commit_after_budget,43,unsupported,engineering,0,0,1,0,1,0,0,0,1,0,0,1,0,3,0,3,3,8,8e94fd0e23cdf53088e04c05519b2c410362a89db06cd8d6408dc2360eafc27a
stress/activate_customer/commit_after_budget/44/supported/retry_only,stress/activate_customer/commit_after_budget/44,stress,activate_customer,commit_after_budget,44,supported,retry_only,1,1,0,1,0,0,1,0,0,1,0,2,1,0,3,6,0,8,c0e8f5216a226d6f983d5964646490283a0a87fc54b8b5e428f58202bbfc1ef3
stress/activate_customer/commit_after_budget/44/supported/verify_only,stress/activate_customer/commit_after_budget/44,stress,activate_customer,commit_after_budget,44,supported,verify_only,0,0,1,0,1,0,0,0,1,0,0,1,0,1,0,3,1,8,c0e8f5216a226d6f983d5964646490283a0a87fc54b8b5e428f58202bbfc1ef3
stress/activate_customer/commit_after_budget/44/supported/paper_literal,stress/activate_customer/commit_after_budget/44,stress,activate_customer,commit_after_budget,44,supported,paper_literal,0,0,1,0,1,0,0,0,1,0,0,1,0,1,0,3,1,8,c0e8f5216a226d6f983d5964646490283a0a87fc54b8b5e428f58202bbfc1ef3
stress/activate_customer/commit_after_budget/44/supported/engineering,stress/activate_customer/commit_after_budget/44,stress,activate_customer,commit_after_budget,44,supported,engineering,0,0,1,0,1,0,0,0,1,0,0,1,0,3,0,3,3,8,c0e8f5216a226d6f983d5964646490283a0a87fc54b8b5e428f58202bbfc1ef3
stress/activate_customer/commit_after_budget/44/unsupported/retry_only,stress/activate_customer/commit_after_budget/44,stress,activate_customer,commit_after_budget,44,unsupported,retry_only,1,1,0,1,0,0,1,0,0,1,0,2,1,0,3,6,0,8,c0e8f5216a226d6f983d5964646490283a0a87fc54b8b5e428f58202bbfc1ef3
stress/activate_customer/commit_after_budget/44/unsupported/verify_only,stress/activate_customer/commit_after_budget/44,stress,activate_customer,commit_after_budget,44,unsupported,verify_only,0,0,1,0,1,0,0,0,1,0,0,1,0,1,0,3,1,8,c0e8f5216a226d6f983d5964646490283a0a87fc54b8b5e428f58202bbfc1ef3
stress/activate_customer/commit_after_budget/44/unsupported/paper_literal,stress/activate_customer/commit_after_budget/44,stress,activate_customer,commit_after_budget,44,unsupported,paper_literal,0,0,1,0,1,0,0,0,1,0,0,1,0,1,0,3,1,8,c0e8f5216a226d6f983d5964646490283a0a87fc54b8b5e428f58202bbfc1ef3
stress/activate_customer/commit_after_budget/44/unsupported/engineering,stress/activate_customer/commit_after_budget/44,stress,activate_customer,commit_after_budget,44,unsupported,engineering,0,0,1,0,1,0,0,0,1,0,0,1,0,3,0,3,3,8,c0e8f5216a226d6f983d5964646490283a0a87fc54b8b5e428f58202bbfc1ef3
stress/activate_customer/commit_after_budget/45/supported/retry_only,stress/activate_customer/commit_after_budget/45,stress,activate_customer,commit_after_budget,45,supported,retry_only,1,1,0,1,0,0,1,0,0,1,0,2,1,0,3,6,0,8,f2b50bd0ab28a92c067a7898ec19442e827b32800ed483a4aefefd2aa0fc3eda
stress/activate_customer/commit_after_budget/45/supported/verify_only,stress/activate_customer/commit_after_budget/45,stress,activate_customer,commit_after_budget,45,supported,verify_only,0,0,1,0,1,0,0,0,1,0,0,1,0,1,0,3,1,8,f2b50bd0ab28a92c067a7898ec19442e827b32800ed483a4aefefd2aa0fc3eda
stress/activate_customer/commit_after_budget/45/supported/paper_literal,stress/activate_customer/commit_after_budget/45,stress,activate_customer,commit_after_budget,45,supported,paper_literal,0,0,1,0,1,0,0,0,1,0,0,1,0,1,0,3,1,8,f2b50bd0ab28a92c067a7898ec19442e827b32800ed483a4aefefd2aa0fc3eda
stress/activate_customer/commit_after_budget/45/supported/engineering,stress/activate_customer/commit_after_budget/45,stress,activate_customer,commit_after_budget,45,supported,engineering,0,0,1,0,1,0,0,0,1,0,0,1,0,3,0,3,3,8,f2b50bd0ab28a92c067a7898ec19442e827b32800ed483a4aefefd2aa0fc3eda
stress/activate_customer/commit_after_budget/45/unsupported/retry_only,stress/activate_customer/commit_after_budget/45,stress,activate_customer,commit_after_budget,45,unsupported,retry_only,1,1,0,1,0,0,1,0,0,1,0,2,1,0,3,6,0,8,f2b50bd0ab28a92c067a7898ec19442e827b32800ed483a4aefefd2aa0fc3eda
stress/activate_customer/commit_after_budget/45/unsupported/verify_only,stress/activate_customer/commit_after_budget/45,stress,activate_customer,commit_after_budget,45,unsupported,verify_only,0,0,1,0,1,0,0,0,1,0,0,1,0,1,0,3,1,8,f2b50bd0ab28a92c067a7898ec19442e827b32800ed483a4aefefd2aa0fc3eda
stress/activate_customer/commit_after_budget/45/unsupported/paper_literal,stress/activate_customer/commit_after_budget/45,stress,activate_customer,commit_after_budget,45,unsupported,paper_literal,0,0,1,0,1,0,0,0,1,0,0,1,0,1,0,3,1,8,f2b50bd0ab28a92c067a7898ec19442e827b32800ed483a4aefefd2aa0fc3eda
stress/activate_customer/commit_after_budget/45/unsupported/engineering,stress/activate_customer/commit_after_budget/45,stress,activate_customer,commit_after_budget,45,unsupported,engineering,0,0,1,0,1,0,0,0,1,0,0,1,0,3,0,3,3,8,f2b50bd0ab28a92c067a7898ec19442e827b32800ed483a4aefefd2aa0fc3eda
stress/activate_customer/commit_after_budget/46/supported/retry_only,stress/activate_customer/commit_after_budget/46,stress,activate_customer,commit_after_budget,46,supported,retry_only,1,1,0,1,0,0,1,0,0,1,0,2,1,0,3,6,0,8,ce3733355b1a9c3232451434de19d777d4f0b3036690953cb7a77c77b737432c
stress/activate_customer/commit_after_budget/46/supported/verify_only,stress/activate_customer/commit_after_budget/46,stress,activate_customer,commit_after_budget,46,supported,verify_only,0,0,1,0,1,0,0,0,1,0,0,1,0,1,0,3,1,8,ce3733355b1a9c3232451434de19d777d4f0b3036690953cb7a77c77b737432c
stress/activate_customer/commit_after_budget/46/supported/paper_literal,stress/activate_customer/commit_after_budget/46,stress,activate_customer,commit_after_budget,46,supported,paper_literal,0,0,1,0,1,0,0,0,1,0,0,1,0,1,0,3,1,8,ce3733355b1a9c3232451434de19d777d4f0b3036690953cb7a77c77b737432c
stress/activate_customer/commit_after_budget/46/supported/engineering,stress/activate_customer/commit_after_budget/46,stress,activate_customer,commit_after_budget,46,supported,engineering,0,0,1,0,1,0,0,0,1,0,0,1,0,3,0,3,3,8,ce3733355b1a9c3232451434de19d777d4f0b3036690953cb7a77c77b737432c
stress/activate_customer/commit_after_budget/46/unsupported/retry_only,stress/activate_customer/commit_after_budget/46,stress,activate_customer,commit_after_budget,46,unsupported,retry_only,1,1,0,1,0,0,1,0,0,1,0,2,1,0,3,6,0,8,ce3733355b1a9c3232451434de19d777d4f0b3036690953cb7a77c77b737432c
stress/activate_customer/commit_after_budget/46/unsupported/verify_only,stress/activate_customer/commit_after_budget/46,stress,activate_customer,commit_after_budget,46,unsupported,verify_only,0,0,1,0,1,0,0,0,1,0,0,1,0,1,0,3,1,8,ce3733355b1a9c3232451434de19d777d4f0b3036690953cb7a77c77b737432c
stress/activate_customer/commit_after_budget/46/unsupported/paper_literal,stress/activate_customer/commit_after_budget/46,stress,activate_customer,commit_after_budget,46,unsupported,paper_literal,0,0,1,0,1,0,0,0,1,0,0,1,0,1,0,3,1,8,ce3733355b1a9c3232451434de19d777d4f0b3036690953cb7a77c77b737432c
stress/activate_customer/commit_after_budget/46/unsupported/engineering,stress/activate_customer/commit_after_budget/46,stress,activate_customer,commit_after_budget,46,unsupported,engineering,0,0,1,0,1,0,0,0,1,0,0,1,0,3,0,3,3,8,ce3733355b1a9c3232451434de19d777d4f0b3036690953cb7a77c77b737432c
stress/record_invoice/clean/42/supported/retry_only,stress/record_invoice/clean/42,stress,record_invoice,clean,42,supported,retry_only,1,1,1,1,1,0,0,0,0,0,0,1,0,0,3,3,0,8,41dbf8131d410def293aa21a3077a1c22a066a4cc6d78b31b166f3a59c6e8e83
stress/record_invoice/clean/42/supported/verify_only,stress/record_invoice/clean/42,stress,record_invoice,clean,42,supported,verify_only,1,1,1,1,1,0,0,0,0,0,0,1,0,0,3,3,0,8,41dbf8131d410def293aa21a3077a1c22a066a4cc6d78b31b166f3a59c6e8e83
stress/record_invoice/clean/42/supported/paper_literal,stress/record_invoice/clean/42,stress,record_invoice,clean,42,supported,paper_literal,1,1,1,1,1,0,0,0,0,0,0,1,0,0,3,3,0,8,41dbf8131d410def293aa21a3077a1c22a066a4cc6d78b31b166f3a59c6e8e83
stress/record_invoice/clean/42/supported/engineering,stress/record_invoice/clean/42,stress,record_invoice,clean,42,supported,engineering,1,1,1,1,1,0,0,0,0,0,0,1,0,1,3,3,0,8,41dbf8131d410def293aa21a3077a1c22a066a4cc6d78b31b166f3a59c6e8e83
stress/record_invoice/clean/42/unsupported/retry_only,stress/record_invoice/clean/42,stress,record_invoice,clean,42,unsupported,retry_only,1,1,1,1,1,0,0,0,0,0,0,1,0,0,3,3,0,8,41dbf8131d410def293aa21a3077a1c22a066a4cc6d78b31b166f3a59c6e8e83
stress/record_invoice/clean/42/unsupported/verify_only,stress/record_invoice/clean/42,stress,record_invoice,clean,42,unsupported,verify_only,1,1,1,1,1,0,0,0,0,0,0,1,0,0,3,3,0,8,41dbf8131d410def293aa21a3077a1c22a066a4cc6d78b31b166f3a59c6e8e83
stress/record_invoice/clean/42/unsupported/paper_literal,stress/record_invoice/clean/42,stress,record_invoice,clean,42,unsupported,paper_literal,1,1,1,1,1,0,0,0,0,0,0,1,0,0,3,3,0,8,41dbf8131d410def293aa21a3077a1c22a066a4cc6d78b31b166f3a59c6e8e83
stress/record_invoice/clean/42/unsupported/engineering,stress/record_invoice/clean/42,stress,record_invoice,clean,42,unsupported,engineering,1,1,1,1,1,0,0,0,0,0,0,1,0,1,3,3,0,8,41dbf8131d410def293aa21a3077a1c22a066a4cc6d78b31b166f3a59c6e8e83
stress/record_invoice/clean/43/supported/retry_only,stress/record_invoice/clean/43,stress,record_invoice,clean,43,supported,retry_only,1,1,1,1,1,0,0,0,0,0,0,1,0,0,3,3,0,8,d1e8860150aa8b829982f84de24352e95826e509ed098a1b3438e2ac4a852d22
stress/record_invoice/clean/43/supported/verify_only,stress/record_invoice/clean/43,stress,record_invoice,clean,43,supported,verify_only,1,1,1,1,1,0,0,0,0,0,0,1,0,0,3,3,0,8,d1e8860150aa8b829982f84de24352e95826e509ed098a1b3438e2ac4a852d22
stress/record_invoice/clean/43/supported/paper_literal,stress/record_invoice/clean/43,stress,record_invoice,clean,43,supported,paper_literal,1,1,1,1,1,0,0,0,0,0,0,1,0,0,3,3,0,8,d1e8860150aa8b829982f84de24352e95826e509ed098a1b3438e2ac4a852d22
stress/record_invoice/clean/43/supported/engineering,stress/record_invoice/clean/43,stress,record_invoice,clean,43,supported,engineering,1,1,1,1,1,0,0,0,0,0,0,1,0,1,3,3,0,8,d1e8860150aa8b829982f84de24352e95826e509ed098a1b3438e2ac4a852d22
stress/record_invoice/clean/43/unsupported/retry_only,stress/record_invoice/clean/43,stress,record_invoice,clean,43,unsupported,retry_only,1,1,1,1,1,0,0,0,0,0,0,1,0,0,3,3,0,8,d1e8860150aa8b829982f84de24352e95826e509ed098a1b3438e2ac4a852d22
stress/record_invoice/clean/43/unsupported/verify_only,stress/record_invoice/clean/43,stress,record_invoice,clean,43,unsupported,verify_only,1,1,1,1,1,0,0,0,0,0,0,1,0,0,3,3,0,8,d1e8860150aa8b829982f84de24352e95826e509ed098a1b3438e2ac4a852d22
stress/record_invoice/clean/43/unsupported/paper_literal,stress/record_invoice/clean/43,stress,record_invoice,clean,43,unsupported,paper_literal,1,1,1,1,1,0,0,0,0,0,0,1,0,0,3,3,0,8,d1e8860150aa8b829982f84de24352e95826e509ed098a1b3438e2ac4a852d22
stress/record_invoice/clean/43/unsupported/engineering,stress/record_invoice/clean/43,stress,record_invoice,clean,43,unsupported,engineering,1,1,1,1,1,0,0,0,0,0,0,1,0,1,3,3,0,8,d1e8860150aa8b829982f84de24352e95826e509ed098a1b3438e2ac4a852d22
stress/record_invoice/clean/44/supported/retry_only,stress/record_invoice/clean/44,stress,record_invoice,clean,44,supported,retry_only,1,1,1,1,1,0,0,0,0,0,0,1,0,0,3,3,0,8,74265de8eee640d3ff2e98c35f460e78268dd2ae159c28690732effc7273ce33
stress/record_invoice/clean/44/supported/verify_only,stress/record_invoice/clean/44,stress,record_invoice,clean,44,supported,verify_only,1,1,1,1,1,0,0,0,0,0,0,1,0,0,3,3,0,8,74265de8eee640d3ff2e98c35f460e78268dd2ae159c28690732effc7273ce33
stress/record_invoice/clean/44/supported/paper_literal,stress/record_invoice/clean/44,stress,record_invoice,clean,44,supported,paper_literal,1,1,1,1,1,0,0,0,0,0,0,1,0,0,3,3,0,8,74265de8eee640d3ff2e98c35f460e78268dd2ae159c28690732effc7273ce33
stress/record_invoice/clean/44/supported/engineering,stress/record_invoice/clean/44,stress,record_invoice,clean,44,supported,engineering,1,1,1,1,1,0,0,0,0,0,0,1,0,1,3,3,0,8,74265de8eee640d3ff2e98c35f460e78268dd2ae159c28690732effc7273ce33
stress/record_invoice/clean/44/unsupported/retry_only,stress/record_invoice/clean/44,stress,record_invoice,clean,44,unsupported,retry_only,1,1,1,1,1,0,0,0,0,0,0,1,0,0,3,3,0,8,74265de8eee640d3ff2e98c35f460e78268dd2ae159c28690732effc7273ce33
stress/record_invoice/clean/44/unsupported/verify_only,stress/record_invoice/clean/44,stress,record_invoice,clean,44,unsupported,verify_only,1,1,1,1,1,0,0,0,0,0,0,1,0,0,3,3,0,8,74265de8eee640d3ff2e98c35f460e78268dd2ae159c28690732effc7273ce33
stress/record_invoice/clean/44/unsupported/paper_literal,stress/record_invoice/clean/44,stress,record_invoice,clean,44,unsupported,paper_literal,1,1,1,1,1,0,0,0,0,0,0,1,0,0,3,3,0,8,74265de8eee640d3ff2e98c35f460e78268dd2ae159c28690732effc7273ce33
stress/record_invoice/clean/44/unsupported/engineering,stress/record_invoice/clean/44,stress,record_invoice,clean,44,unsupported,engineering,1,1,1,1,1,0,0,0,0,0,0,1,0,1,3,3,0,8,74265de8eee640d3ff2e98c35f460e78268dd2ae159c28690732effc7273ce33
stress/record_invoice/clean/45/supported/retry_only,stress/record_invoice/clean/45,stress,record_invoice,clean,45,supported,retry_only,1,1,1,1,1,0,0,0,0,0,0,1,0,0,3,3,0,8,cdecd7ed65789c2bb279de4d77cb14974f040bcedc8db8396b10d6ccc4daf871
stress/record_invoice/clean/45/supported/verify_only,stress/record_invoice/clean/45,stress,record_invoice,clean,45,supported,verify_only,1,1,1,1,1,0,0,0,0,0,0,1,0,0,3,3,0,8,cdecd7ed65789c2bb279de4d77cb14974f040bcedc8db8396b10d6ccc4daf871
stress/record_invoice/clean/45/supported/paper_literal,stress/record_invoice/clean/45,stress,record_invoice,clean,45,supported,paper_literal,1,1,1,1,1,0,0,0,0,0,0,1,0,0,3,3,0,8,cdecd7ed65789c2bb279de4d77cb14974f040bcedc8db8396b10d6ccc4daf871
stress/record_invoice/clean/45/supported/engineering,stress/record_invoice/clean/45,stress,record_invoice,clean,45,supported,engineering,1,1,1,1,1,0,0,0,0,0,0,1,0,1,3,3,0,8,cdecd7ed65789c2bb279de4d77cb14974f040bcedc8db8396b10d6ccc4daf871
stress/record_invoice/clean/45/unsupported/retry_only,stress/record_invoice/clean/45,stress,record_invoice,clean,45,unsupported,retry_only,1,1,1,1,1,0,0,0,0,0,0,1,0,0,3,3,0,8,cdecd7ed65789c2bb279de4d77cb14974f040bcedc8db8396b10d6ccc4daf871
stress/record_invoice/clean/45/unsupported/verify_only,stress/record_invoice/clean/45,stress,record_invoice,clean,45,unsupported,verify_only,1,1,1,1,1,0,0,0,0,0,0,1,0,0,3,3,0,8,cdecd7ed65789c2bb279de4d77cb14974f040bcedc8db8396b10d6ccc4daf871
stress/record_invoice/clean/45/unsupported/paper_literal,stress/record_invoice/clean/45,stress,record_invoice,clean,45,unsupported,paper_literal,1,1,1,1,1,0,0,0,0,0,0,1,0,0,3,3,0,8,cdecd7ed65789c2bb279de4d77cb14974f040bcedc8db8396b10d6ccc4daf871
stress/record_invoice/clean/45/unsupported/engineering,stress/record_invoice/clean/45,stress,record_invoice,clean,45,unsupported,engineering,1,1,1,1,1,0,0,0,0,0,0,1,0,1,3,3,0,8,cdecd7ed65789c2bb279de4d77cb14974f040bcedc8db8396b10d6ccc4daf871
stress/record_invoice/clean/46/supported/retry_only,stress/record_invoice/clean/46,stress,record_invoice,clean,46,supported,retry_only,1,1,1,1,1,0,0,0,0,0,0,1,0,0,3,3,0,8,d0ed4d5ecfad8a51b2910ac43718d43a5304c7e3bcb37df9cc59ddf1bade3d8d
stress/record_invoice/clean/46/supported/verify_only,stress/record_invoice/clean/46,stress,record_invoice,clean,46,supported,verify_only,1,1,1,1,1,0,0,0,0,0,0,1,0,0,3,3,0,8,d0ed4d5ecfad8a51b2910ac43718d43a5304c7e3bcb37df9cc59ddf1bade3d8d
stress/record_invoice/clean/46/supported/paper_literal,stress/record_invoice/clean/46,stress,record_invoice,clean,46,supported,paper_literal,1,1,1,1,1,0,0,0,0,0,0,1,0,0,3,3,0,8,d0ed4d5ecfad8a51b2910ac43718d43a5304c7e3bcb37df9cc59ddf1bade3d8d
stress/record_invoice/clean/46/supported/engineering,stress/record_invoice/clean/46,stress,record_invoice,clean,46,supported,engineering,1,1,1,1,1,0,0,0,0,0,0,1,0,1,3,3,0,8,d0ed4d5ecfad8a51b2910ac43718d43a5304c7e3bcb37df9cc59ddf1bade3d8d
stress/record_invoice/clean/46/unsupported/retry_only,stress/record_invoice/clean/46,stress,record_invoice,clean,46,unsupported,retry_only,1,1,1,1,1,0,0,0,0,0,0,1,0,0,3,3,0,8,d0ed4d5ecfad8a51b2910ac43718d43a5304c7e3bcb37df9cc59ddf1bade3d8d
stress/record_invoice/clean/46/unsupported/verify_only,stress/record_invoice/clean/46,stress,record_invoice,clean,46,unsupported,verify_only,1,1,1,1,1,0,0,0,0,0,0,1,0,0,3,3,0,8,d0ed4d5ecfad8a51b2910ac43718d43a5304c7e3bcb37df9cc59ddf1bade3d8d
stress/record_invoice/clean/46/unsupported/paper_literal,stress/record_invoice/clean/46,stress,record_invoice,clean,46,unsupported,paper_literal,1,1,1,1,1,0,0,0,0,0,0,1,0,0,3,3,0,8,d0ed4d5ecfad8a51b2910ac43718d43a5304c7e3bcb37df9cc59ddf1bade3d8d
stress/record_invoice/clean/46/unsupported/engineering,stress/record_invoice/clean/46,stress,record_invoice,clean,46,unsupported,engineering,1,1,1,1,1,0,0,0,0,0,0,1,0,1,3,3,0,8,d0ed4d5ecfad8a51b2910ac43718d43a5304c7e3bcb37df9cc59ddf1bade3d8d
stress/record_invoice/commit_timeout/42/supported/retry_only,stress/record_invoice/commit_timeout/42,stress,record_invoice,commit_timeout,42,supported,retry_only,1,1,1,0,0,1,1,0,0,1,0,2,1,0,6,6,0,8,d4e34f28eb06ef2fe61b1805f1b5475cb31741f426a821cf5347e43b2c2451f1
stress/record_invoice/commit_timeout/42/supported/verify_only,stress/record_invoice/commit_timeout/42,stress,record_invoice,commit_timeout,42,supported,verify_only,1,1,1,1,1,0,0,0,0,0,0,1,0,1,3,3,1,8,d4e34f28eb06ef2fe61b1805f1b5475cb31741f426a821cf5347e43b2c2451f1
stress/record_invoice/commit_timeout/42/supported/paper_literal,stress/record_invoice/commit_timeout/42,stress,record_invoice,commit_timeout,42,supported,paper_literal,1,1,1,1,1,0,0,0,0,0,0,1,0,1,3,3,1,8,d4e34f28eb06ef2fe61b1805f1b5475cb31741f426a821cf5347e43b2c2451f1
stress/record_invoice/commit_timeout/42/supported/engineering,stress/record_invoice/commit_timeout/42,stress,record_invoice,commit_timeout,42,supported,engineering,1,1,1,1,1,0,0,0,0,0,0,1,0,1,3,3,1,8,d4e34f28eb06ef2fe61b1805f1b5475cb31741f426a821cf5347e43b2c2451f1
stress/record_invoice/commit_timeout/42/unsupported/retry_only,stress/record_invoice/commit_timeout/42,stress,record_invoice,commit_timeout,42,unsupported,retry_only,1,1,1,0,0,1,1,0,0,1,0,2,1,0,6,6,0,8,d4e34f28eb06ef2fe61b1805f1b5475cb31741f426a821cf5347e43b2c2451f1
stress/record_invoice/commit_timeout/42/unsupported/verify_only,stress/record_invoice/commit_timeout/42,stress,record_invoice,commit_timeout,42,unsupported,verify_only,1,1,1,1,1,0,0,0,0,0,0,1,0,1,3,3,1,8,d4e34f28eb06ef2fe61b1805f1b5475cb31741f426a821cf5347e43b2c2451f1
stress/record_invoice/commit_timeout/42/unsupported/paper_literal,stress/record_invoice/commit_timeout/42,stress,record_invoice,commit_timeout,42,unsupported,paper_literal,1,1,1,1,1,0,0,0,0,0,0,1,0,1,3,3,1,8,d4e34f28eb06ef2fe61b1805f1b5475cb31741f426a821cf5347e43b2c2451f1
stress/record_invoice/commit_timeout/42/unsupported/engineering,stress/record_invoice/commit_timeout/42,stress,record_invoice,commit_timeout,42,unsupported,engineering,1,1,1,1,1,0,0,0,0,0,0,1,0,1,3,3,1,8,d4e34f28eb06ef2fe61b1805f1b5475cb31741f426a821cf5347e43b2c2451f1
stress/record_invoice/commit_timeout/43/supported/retry_only,stress/record_invoice/commit_timeout/43,stress,record_invoice,commit_timeout,43,supported,retry_only,1,1,1,0,0,1,1,0,0,1,0,2,1,0,6,6,0,8,8c69fea72225477d5ebe9e2178ca121b5da9666422a311c31cd73a0be83bb7e6
stress/record_invoice/commit_timeout/43/supported/verify_only,stress/record_invoice/commit_timeout/43,stress,record_invoice,commit_timeout,43,supported,verify_only,1,1,1,1,1,0,0,0,0,0,0,1,0,1,3,3,1,8,8c69fea72225477d5ebe9e2178ca121b5da9666422a311c31cd73a0be83bb7e6
stress/record_invoice/commit_timeout/43/supported/paper_literal,stress/record_invoice/commit_timeout/43,stress,record_invoice,commit_timeout,43,supported,paper_literal,1,1,1,1,1,0,0,0,0,0,0,1,0,1,3,3,1,8,8c69fea72225477d5ebe9e2178ca121b5da9666422a311c31cd73a0be83bb7e6
stress/record_invoice/commit_timeout/43/supported/engineering,stress/record_invoice/commit_timeout/43,stress,record_invoice,commit_timeout,43,supported,engineering,1,1,1,1,1,0,0,0,0,0,0,1,0,1,3,3,1,8,8c69fea72225477d5ebe9e2178ca121b5da9666422a311c31cd73a0be83bb7e6
stress/record_invoice/commit_timeout/43/unsupported/retry_only,stress/record_invoice/commit_timeout/43,stress,record_invoice,commit_timeout,43,unsupported,retry_only,1,1,1,0,0,1,1,0,0,1,0,2,1,0,6,6,0,8,8c69fea72225477d5ebe9e2178ca121b5da9666422a311c31cd73a0be83bb7e6
stress/record_invoice/commit_timeout/43/unsupported/verify_only,stress/record_invoice/commit_timeout/43,stress,record_invoice,commit_timeout,43,unsupported,verify_only,1,1,1,1,1,0,0,0,0,0,0,1,0,1,3,3,1,8,8c69fea72225477d5ebe9e2178ca121b5da9666422a311c31cd73a0be83bb7e6
stress/record_invoice/commit_timeout/43/unsupported/paper_literal,stress/record_invoice/commit_timeout/43,stress,record_invoice,commit_timeout,43,unsupported,paper_literal,1,1,1,1,1,0,0,0,0,0,0,1,0,1,3,3,1,8,8c69fea72225477d5ebe9e2178ca121b5da9666422a311c31cd73a0be83bb7e6
stress/record_invoice/commit_timeout/43/unsupported/engineering,stress/record_invoice/commit_timeout/43,stress,record_invoice,commit_timeout,43,unsupported,engineering,1,1,1,1,1,0,0,0,0,0,0,1,0,1,3,3,1,8,8c69fea72225477d5ebe9e2178ca121b5da9666422a311c31cd73a0be83bb7e6
stress/record_invoice/commit_timeout/44/supported/retry_only,stress/record_invoice/commit_timeout/44,stress,record_invoice,commit_timeout,44,supported,retry_only,1,1,1,0,0,1,1,0,0,1,0,2,1,0,6,6,0,8,8613478d780514e4bb78cd1356fca425ac779d6e57cf063da5070baa96d68e3d
stress/record_invoice/commit_timeout/44/supported/verify_only,stress/record_invoice/commit_timeout/44,stress,record_invoice,commit_timeout,44,supported,verify_only,1,1,1,1,1,0,0,0,0,0,0,1,0,1,3,3,1,8,8613478d780514e4bb78cd1356fca425ac779d6e57cf063da5070baa96d68e3d
stress/record_invoice/commit_timeout/44/supported/paper_literal,stress/record_invoice/commit_timeout/44,stress,record_invoice,commit_timeout,44,supported,paper_literal,1,1,1,1,1,0,0,0,0,0,0,1,0,1,3,3,1,8,8613478d780514e4bb78cd1356fca425ac779d6e57cf063da5070baa96d68e3d
stress/record_invoice/commit_timeout/44/supported/engineering,stress/record_invoice/commit_timeout/44,stress,record_invoice,commit_timeout,44,supported,engineering,1,1,1,1,1,0,0,0,0,0,0,1,0,1,3,3,1,8,8613478d780514e4bb78cd1356fca425ac779d6e57cf063da5070baa96d68e3d
stress/record_invoice/commit_timeout/44/unsupported/retry_only,stress/record_invoice/commit_timeout/44,stress,record_invoice,commit_timeout,44,unsupported,retry_only,1,1,1,0,0,1,1,0,0,1,0,2,1,0,6,6,0,8,8613478d780514e4bb78cd1356fca425ac779d6e57cf063da5070baa96d68e3d
stress/record_invoice/commit_timeout/44/unsupported/verify_only,stress/record_invoice/commit_timeout/44,stress,record_invoice,commit_timeout,44,unsupported,verify_only,1,1,1,1,1,0,0,0,0,0,0,1,0,1,3,3,1,8,8613478d780514e4bb78cd1356fca425ac779d6e57cf063da5070baa96d68e3d
stress/record_invoice/commit_timeout/44/unsupported/paper_literal,stress/record_invoice/commit_timeout/44,stress,record_invoice,commit_timeout,44,unsupported,paper_literal,1,1,1,1,1,0,0,0,0,0,0,1,0,1,3,3,1,8,8613478d780514e4bb78cd1356fca425ac779d6e57cf063da5070baa96d68e3d
stress/record_invoice/commit_timeout/44/unsupported/engineering,stress/record_invoice/commit_timeout/44,stress,record_invoice,commit_timeout,44,unsupported,engineering,1,1,1,1,1,0,0,0,0,0,0,1,0,1,3,3,1,8,8613478d780514e4bb78cd1356fca425ac779d6e57cf063da5070baa96d68e3d
stress/record_invoice/commit_timeout/45/supported/retry_only,stress/record_invoice/commit_timeout/45,stress,record_invoice,commit_timeout,45,supported,retry_only,1,1,1,0,0,1,1,0,0,1,0,2,1,0,6,6,0,8,a4a7de4b8d4d4cc93d5bc58ab658ac30a554efda64d7c784626630932fd2a818
stress/record_invoice/commit_timeout/45/supported/verify_only,stress/record_invoice/commit_timeout/45,stress,record_invoice,commit_timeout,45,supported,verify_only,1,1,1,1,1,0,0,0,0,0,0,1,0,1,3,3,1,8,a4a7de4b8d4d4cc93d5bc58ab658ac30a554efda64d7c784626630932fd2a818
stress/record_invoice/commit_timeout/45/supported/paper_literal,stress/record_invoice/commit_timeout/45,stress,record_invoice,commit_timeout,45,supported,paper_literal,1,1,1,1,1,0,0,0,0,0,0,1,0,1,3,3,1,8,a4a7de4b8d4d4cc93d5bc58ab658ac30a554efda64d7c784626630932fd2a818
stress/record_invoice/commit_timeout/45/supported/engineering,stress/record_invoice/commit_timeout/45,stress,record_invoice,commit_timeout,45,supported,engineering,1,1,1,1,1,0,0,0,0,0,0,1,0,1,3,3,1,8,a4a7de4b8d4d4cc93d5bc58ab658ac30a554efda64d7c784626630932fd2a818
stress/record_invoice/commit_timeout/45/unsupported/retry_only,stress/record_invoice/commit_timeout/45,stress,record_invoice,commit_timeout,45,unsupported,retry_only,1,1,1,0,0,1,1,0,0,1,0,2,1,0,6,6,0,8,a4a7de4b8d4d4cc93d5bc58ab658ac30a554efda64d7c784626630932fd2a818
stress/record_invoice/commit_timeout/45/unsupported/verify_only,stress/record_invoice/commit_timeout/45,stress,record_invoice,commit_timeout,45,unsupported,verify_only,1,1,1,1,1,0,0,0,0,0,0,1,0,1,3,3,1,8,a4a7de4b8d4d4cc93d5bc58ab658ac30a554efda64d7c784626630932fd2a818
stress/record_invoice/commit_timeout/45/unsupported/paper_literal,stress/record_invoice/commit_timeout/45,stress,record_invoice,commit_timeout,45,unsupported,paper_literal,1,1,1,1,1,0,0,0,0,0,0,1,0,1,3,3,1,8,a4a7de4b8d4d4cc93d5bc58ab658ac30a554efda64d7c784626630932fd2a818
stress/record_invoice/commit_timeout/45/unsupported/engineering,stress/record_invoice/commit_timeout/45,stress,record_invoice,commit_timeout,45,unsupported,engineering,1,1,1,1,1,0,0,0,0,0,0,1,0,1,3,3,1,8,a4a7de4b8d4d4cc93d5bc58ab658ac30a554efda64d7c784626630932fd2a818
stress/record_invoice/commit_timeout/46/supported/retry_only,stress/record_invoice/commit_timeout/46,stress,record_invoice,commit_timeout,46,supported,retry_only,1,1,1,0,0,1,1,0,0,1,0,2,1,0,6,6,0,8,d6859742fba2e03aa9e14a95a659d110cced8f9f4710e30c45876bd960672605
stress/record_invoice/commit_timeout/46/supported/verify_only,stress/record_invoice/commit_timeout/46,stress,record_invoice,commit_timeout,46,supported,verify_only,1,1,1,1,1,0,0,0,0,0,0,1,0,1,3,3,1,8,d6859742fba2e03aa9e14a95a659d110cced8f9f4710e30c45876bd960672605
stress/record_invoice/commit_timeout/46/supported/paper_literal,stress/record_invoice/commit_timeout/46,stress,record_invoice,commit_timeout,46,supported,paper_literal,1,1,1,1,1,0,0,0,0,0,0,1,0,1,3,3,1,8,d6859742fba2e03aa9e14a95a659d110cced8f9f4710e30c45876bd960672605
stress/record_invoice/commit_timeout/46/supported/engineering,stress/record_invoice/commit_timeout/46,stress,record_invoice,commit_timeout,46,supported,engineering,1,1,1,1,1,0,0,0,0,0,0,1,0,1,3,3,1,8,d6859742fba2e03aa9e14a95a659d110cced8f9f4710e30c45876bd960672605
stress/record_invoice/commit_timeout/46/unsupported/retry_only,stress/record_invoice/commit_timeout/46,stress,record_invoice,commit_timeout,46,unsupported,retry_only,1,1,1,0,0,1,1,0,0,1,0,2,1,0,6,6,0,8,d6859742fba2e03aa9e14a95a659d110cced8f9f4710e30c45876bd960672605
stress/record_invoice/commit_timeout/46/unsupported/verify_only,stress/record_invoice/commit_timeout/46,stress,record_invoice,commit_timeout,46,unsupported,verify_only,1,1,1,1,1,0,0,0,0,0,0,1,0,1,3,3,1,8,d6859742fba2e03aa9e14a95a659d110cced8f9f4710e30c45876bd960672605
stress/record_invoice/commit_timeout/46/unsupported/paper_literal,stress/record_invoice/commit_timeout/46,stress,record_invoice,commit_timeout,46,unsupported,paper_literal,1,1,1,1,1,0,0,0,0,0,0,1,0,1,3,3,1,8,d6859742fba2e03aa9e14a95a659d110cced8f9f4710e30c45876bd960672605
stress/record_invoice/commit_timeout/46/unsupported/engineering,stress/record_invoice/commit_timeout/46,stress,record_invoice,commit_timeout,46,unsupported,engineering,1,1,1,1,1,0,0,0,0,0,0,1,0,1,3,3,1,8,d6859742fba2e03aa9e14a95a659d110cced8f9f4710e30c45876bd960672605
stress/record_invoice/false_success/42/supported/retry_only,stress/record_invoice/false_success/42,stress,record_invoice,false_success,42,supported,retry_only,1,0,0,0,0,1,1,0,0,0,3,1,0,0,0,0,0,8,18c35484ff8eeb945f3bb41db37554fefdf96a3361995e8d12778b925aebee6a
stress/record_invoice/false_success/42/supported/verify_only,stress/record_invoice/false_success/42,stress,record_invoice,false_success,42,supported,verify_only,1,0,0,0,0,1,1,0,0,0,3,1,0,0,0,0,0,8,18c35484ff8eeb945f3bb41db37554fefdf96a3361995e8d12778b925aebee6a
stress/record_invoice/false_success/42/supported/paper_literal,stress/record_invoice/false_success/42,stress,record_invoice,false_success,42,supported,paper_literal,1,0,0,0,0,1,1,0,0,0,3,1,0,0,0,0,0,8,18c35484ff8eeb945f3bb41db37554fefdf96a3361995e8d12778b925aebee6a
stress/record_invoice/false_success/42/supported/engineering,stress/record_invoice/false_success/42,stress,record_invoice,false_success,42,supported,engineering,1,1,1,1,1,0,0,0,0,0,0,2,1,2,3,3,0,8,18c35484ff8eeb945f3bb41db37554fefdf96a3361995e8d12778b925aebee6a
stress/record_invoice/false_success/42/unsupported/retry_only,stress/record_invoice/false_success/42,stress,record_invoice,false_success,42,unsupported,retry_only,1,0,0,0,0,1,1,0,0,0,3,1,0,0,0,0,0,8,18c35484ff8eeb945f3bb41db37554fefdf96a3361995e8d12778b925aebee6a
stress/record_invoice/false_success/42/unsupported/verify_only,stress/record_invoice/false_success/42,stress,record_invoice,false_success,42,unsupported,verify_only,1,0,0,0,0,1,1,0,0,0,3,1,0,0,0,0,0,8,18c35484ff8eeb945f3bb41db37554fefdf96a3361995e8d12778b925aebee6a
stress/record_invoice/false_success/42/unsupported/paper_literal,stress/record_invoice/false_success/42,stress,record_invoice,false_success,42,unsupported,paper_literal,1,0,0,0,0,1,1,0,0,0,3,1,0,0,0,0,0,8,18c35484ff8eeb945f3bb41db37554fefdf96a3361995e8d12778b925aebee6a
stress/record_invoice/false_success/42/unsupported/engineering,stress/record_invoice/false_success/42,stress,record_invoice,false_success,42,unsupported,engineering,1,1,1,1,1,0,0,0,0,0,0,2,1,2,3,3,0,8,18c35484ff8eeb945f3bb41db37554fefdf96a3361995e8d12778b925aebee6a
stress/record_invoice/false_success/43/supported/retry_only,stress/record_invoice/false_success/43,stress,record_invoice,false_success,43,supported,retry_only,1,0,0,0,0,1,1,0,0,0,3,1,0,0,0,0,0,8,6f172e1d9a883366f027dcd26daf9d18cec15160377acb29921ce296c3dc5c16
stress/record_invoice/false_success/43/supported/verify_only,stress/record_invoice/false_success/43,stress,record_invoice,false_success,43,supported,verify_only,1,0,0,0,0,1,1,0,0,0,3,1,0,0,0,0,0,8,6f172e1d9a883366f027dcd26daf9d18cec15160377acb29921ce296c3dc5c16
stress/record_invoice/false_success/43/supported/paper_literal,stress/record_invoice/false_success/43,stress,record_invoice,false_success,43,supported,paper_literal,1,0,0,0,0,1,1,0,0,0,3,1,0,0,0,0,0,8,6f172e1d9a883366f027dcd26daf9d18cec15160377acb29921ce296c3dc5c16
stress/record_invoice/false_success/43/supported/engineering,stress/record_invoice/false_success/43,stress,record_invoice,false_success,43,supported,engineering,1,1,1,1,1,0,0,0,0,0,0,2,1,2,3,3,0,8,6f172e1d9a883366f027dcd26daf9d18cec15160377acb29921ce296c3dc5c16
stress/record_invoice/false_success/43/unsupported/retry_only,stress/record_invoice/false_success/43,stress,record_invoice,false_success,43,unsupported,retry_only,1,0,0,0,0,1,1,0,0,0,3,1,0,0,0,0,0,8,6f172e1d9a883366f027dcd26daf9d18cec15160377acb29921ce296c3dc5c16
stress/record_invoice/false_success/43/unsupported/verify_only,stress/record_invoice/false_success/43,stress,record_invoice,false_success,43,unsupported,verify_only,1,0,0,0,0,1,1,0,0,0,3,1,0,0,0,0,0,8,6f172e1d9a883366f027dcd26daf9d18cec15160377acb29921ce296c3dc5c16
stress/record_invoice/false_success/43/unsupported/paper_literal,stress/record_invoice/false_success/43,stress,record_invoice,false_success,43,unsupported,paper_literal,1,0,0,0,0,1,1,0,0,0,3,1,0,0,0,0,0,8,6f172e1d9a883366f027dcd26daf9d18cec15160377acb29921ce296c3dc5c16
stress/record_invoice/false_success/43/unsupported/engineering,stress/record_invoice/false_success/43,stress,record_invoice,false_success,43,unsupported,engineering,1,1,1,1,1,0,0,0,0,0,0,2,1,2,3,3,0,8,6f172e1d9a883366f027dcd26daf9d18cec15160377acb29921ce296c3dc5c16
stress/record_invoice/false_success/44/supported/retry_only,stress/record_invoice/false_success/44,stress,record_invoice,false_success,44,supported,retry_only,1,0,0,0,0,1,1,0,0,0,3,1,0,0,0,0,0,8,f39908e6433738953c59fcc8a7f9e41fc17f9d985ce4c02e6718c32267c29224
stress/record_invoice/false_success/44/supported/verify_only,stress/record_invoice/false_success/44,stress,record_invoice,false_success,44,supported,verify_only,1,0,0,0,0,1,1,0,0,0,3,1,0,0,0,0,0,8,f39908e6433738953c59fcc8a7f9e41fc17f9d985ce4c02e6718c32267c29224
stress/record_invoice/false_success/44/supported/paper_literal,stress/record_invoice/false_success/44,stress,record_invoice,false_success,44,supported,paper_literal,1,0,0,0,0,1,1,0,0,0,3,1,0,0,0,0,0,8,f39908e6433738953c59fcc8a7f9e41fc17f9d985ce4c02e6718c32267c29224
stress/record_invoice/false_success/44/supported/engineering,stress/record_invoice/false_success/44,stress,record_invoice,false_success,44,supported,engineering,1,1,1,1,1,0,0,0,0,0,0,2,1,2,3,3,0,8,f39908e6433738953c59fcc8a7f9e41fc17f9d985ce4c02e6718c32267c29224
stress/record_invoice/false_success/44/unsupported/retry_only,stress/record_invoice/false_success/44,stress,record_invoice,false_success,44,unsupported,retry_only,1,0,0,0,0,1,1,0,0,0,3,1,0,0,0,0,0,8,f39908e6433738953c59fcc8a7f9e41fc17f9d985ce4c02e6718c32267c29224
stress/record_invoice/false_success/44/unsupported/verify_only,stress/record_invoice/false_success/44,stress,record_invoice,false_success,44,unsupported,verify_only,1,0,0,0,0,1,1,0,0,0,3,1,0,0,0,0,0,8,f39908e6433738953c59fcc8a7f9e41fc17f9d985ce4c02e6718c32267c29224
stress/record_invoice/false_success/44/unsupported/paper_literal,stress/record_invoice/false_success/44,stress,record_invoice,false_success,44,unsupported,paper_literal,1,0,0,0,0,1,1,0,0,0,3,1,0,0,0,0,0,8,f39908e6433738953c59fcc8a7f9e41fc17f9d985ce4c02e6718c32267c29224
stress/record_invoice/false_success/44/unsupported/engineering,stress/record_invoice/false_success/44,stress,record_invoice,false_success,44,unsupported,engineering,1,1,1,1,1,0,0,0,0,0,0,2,1,2,3,3,0,8,f39908e6433738953c59fcc8a7f9e41fc17f9d985ce4c02e6718c32267c29224
stress/record_invoice/false_success/45/supported/retry_only,stress/record_invoice/false_success/45,stress,record_invoice,false_success,45,supported,retry_only,1,0,0,0,0,1,1,0,0,0,3,1,0,0,0,0,0,8,54b6e5a2599ffb8c351059a18a547e8bf1a49a793299750d96ad3916e5bceca6
stress/record_invoice/false_success/45/supported/verify_only,stress/record_invoice/false_success/45,stress,record_invoice,false_success,45,supported,verify_only,1,0,0,0,0,1,1,0,0,0,3,1,0,0,0,0,0,8,54b6e5a2599ffb8c351059a18a547e8bf1a49a793299750d96ad3916e5bceca6
stress/record_invoice/false_success/45/supported/paper_literal,stress/record_invoice/false_success/45,stress,record_invoice,false_success,45,supported,paper_literal,1,0,0,0,0,1,1,0,0,0,3,1,0,0,0,0,0,8,54b6e5a2599ffb8c351059a18a547e8bf1a49a793299750d96ad3916e5bceca6
stress/record_invoice/false_success/45/supported/engineering,stress/record_invoice/false_success/45,stress,record_invoice,false_success,45,supported,engineering,1,1,1,1,1,0,0,0,0,0,0,2,1,2,3,3,0,8,54b6e5a2599ffb8c351059a18a547e8bf1a49a793299750d96ad3916e5bceca6
stress/record_invoice/false_success/45/unsupported/retry_only,stress/record_invoice/false_success/45,stress,record_invoice,false_success,45,unsupported,retry_only,1,0,0,0,0,1,1,0,0,0,3,1,0,0,0,0,0,8,54b6e5a2599ffb8c351059a18a547e8bf1a49a793299750d96ad3916e5bceca6
stress/record_invoice/false_success/45/unsupported/verify_only,stress/record_invoice/false_success/45,stress,record_invoice,false_success,45,unsupported,verify_only,1,0,0,0,0,1,1,0,0,0,3,1,0,0,0,0,0,8,54b6e5a2599ffb8c351059a18a547e8bf1a49a793299750d96ad3916e5bceca6
stress/record_invoice/false_success/45/unsupported/paper_literal,stress/record_invoice/false_success/45,stress,record_invoice,false_success,45,unsupported,paper_literal,1,0,0,0,0,1,1,0,0,0,3,1,0,0,0,0,0,8,54b6e5a2599ffb8c351059a18a547e8bf1a49a793299750d96ad3916e5bceca6
stress/record_invoice/false_success/45/unsupported/engineering,stress/record_invoice/false_success/45,stress,record_invoice,false_success,45,unsupported,engineering,1,1,1,1,1,0,0,0,0,0,0,2,1,2,3,3,0,8,54b6e5a2599ffb8c351059a18a547e8bf1a49a793299750d96ad3916e5bceca6
stress/record_invoice/false_success/46/supported/retry_only,stress/record_invoice/false_success/46,stress,record_invoice,false_success,46,supported,retry_only,1,0,0,0,0,1,1,0,0,0,3,1,0,0,0,0,0,8,daebe2eec30e2ddd60ebbd998f35b212fa2912f302d5b4171380b28e5a9ef55b
stress/record_invoice/false_success/46/supported/verify_only,stress/record_invoice/false_success/46,stress,record_invoice,false_success,46,supported,verify_only,1,0,0,0,0,1,1,0,0,0,3,1,0,0,0,0,0,8,daebe2eec30e2ddd60ebbd998f35b212fa2912f302d5b4171380b28e5a9ef55b
stress/record_invoice/false_success/46/supported/paper_literal,stress/record_invoice/false_success/46,stress,record_invoice,false_success,46,supported,paper_literal,1,0,0,0,0,1,1,0,0,0,3,1,0,0,0,0,0,8,daebe2eec30e2ddd60ebbd998f35b212fa2912f302d5b4171380b28e5a9ef55b
stress/record_invoice/false_success/46/supported/engineering,stress/record_invoice/false_success/46,stress,record_invoice,false_success,46,supported,engineering,1,1,1,1,1,0,0,0,0,0,0,2,1,2,3,3,0,8,daebe2eec30e2ddd60ebbd998f35b212fa2912f302d5b4171380b28e5a9ef55b
stress/record_invoice/false_success/46/unsupported/retry_only,stress/record_invoice/false_success/46,stress,record_invoice,false_success,46,unsupported,retry_only,1,0,0,0,0,1,1,0,0,0,3,1,0,0,0,0,0,8,daebe2eec30e2ddd60ebbd998f35b212fa2912f302d5b4171380b28e5a9ef55b
stress/record_invoice/false_success/46/unsupported/verify_only,stress/record_invoice/false_success/46,stress,record_invoice,false_success,46,unsupported,verify_only,1,0,0,0,0,1,1,0,0,0,3,1,0,0,0,0,0,8,daebe2eec30e2ddd60ebbd998f35b212fa2912f302d5b4171380b28e5a9ef55b
stress/record_invoice/false_success/46/unsupported/paper_literal,stress/record_invoice/false_success/46,stress,record_invoice,false_success,46,unsupported,paper_literal,1,0,0,0,0,1,1,0,0,0,3,1,0,0,0,0,0,8,daebe2eec30e2ddd60ebbd998f35b212fa2912f302d5b4171380b28e5a9ef55b
stress/record_invoice/false_success/46/unsupported/engineering,stress/record_invoice/false_success/46,stress,record_invoice,false_success,46,unsupported,engineering,1,1,1,1,1,0,0,0,0,0,0,2,1,2,3,3,0,8,daebe2eec30e2ddd60ebbd998f35b212fa2912f302d5b4171380b28e5a9ef55b
stress/record_invoice/partial_success/42/supported/retry_only,stress/record_invoice/partial_success/42,stress,record_invoice,partial_success,42,supported,retry_only,1,0,0,0,0,1,1,0,0,0,1,1,0,0,2,2,0,8,8d300b56b1ff7e1a557b0d3b293c1673c7ac6d8544e5339f4bf084c03eeb5375
stress/record_invoice/partial_success/42/supported/verify_only,stress/record_invoice/partial_success/42,stress,record_invoice,partial_success,42,supported,verify_only,1,0,0,0,0,1,1,0,0,0,1,1,0,0,2,2,0,8,8d300b56b1ff7e1a557b0d3b293c1673c7ac6d8544e5339f4bf084c03eeb5375
stress/record_invoice/partial_success/42/supported/paper_literal,stress/record_invoice/partial_success/42,stress,record_invoice,partial_success,42,supported,paper_literal,1,0,0,0,0,1,1,0,0,0,1,1,0,0,2,2,0,8,8d300b56b1ff7e1a557b0d3b293c1673c7ac6d8544e5339f4bf084c03eeb5375
stress/record_invoice/partial_success/42/supported/engineering,stress/record_invoice/partial_success/42,stress,record_invoice,partial_success,42,supported,engineering,1,1,1,1,1,0,0,0,0,0,0,2,1,2,3,3,0,8,8d300b56b1ff7e1a557b0d3b293c1673c7ac6d8544e5339f4bf084c03eeb5375
stress/record_invoice/partial_success/42/unsupported/retry_only,stress/record_invoice/partial_success/42,stress,record_invoice,partial_success,42,unsupported,retry_only,1,0,0,0,0,1,1,0,0,0,1,1,0,0,2,2,0,8,8d300b56b1ff7e1a557b0d3b293c1673c7ac6d8544e5339f4bf084c03eeb5375
stress/record_invoice/partial_success/42/unsupported/verify_only,stress/record_invoice/partial_success/42,stress,record_invoice,partial_success,42,unsupported,verify_only,1,0,0,0,0,1,1,0,0,0,1,1,0,0,2,2,0,8,8d300b56b1ff7e1a557b0d3b293c1673c7ac6d8544e5339f4bf084c03eeb5375
stress/record_invoice/partial_success/42/unsupported/paper_literal,stress/record_invoice/partial_success/42,stress,record_invoice,partial_success,42,unsupported,paper_literal,1,0,0,0,0,1,1,0,0,0,1,1,0,0,2,2,0,8,8d300b56b1ff7e1a557b0d3b293c1673c7ac6d8544e5339f4bf084c03eeb5375
stress/record_invoice/partial_success/42/unsupported/engineering,stress/record_invoice/partial_success/42,stress,record_invoice,partial_success,42,unsupported,engineering,0,1,1,0,0,0,0,0,0,1,0,2,1,3,5,5,1,8,8d300b56b1ff7e1a557b0d3b293c1673c7ac6d8544e5339f4bf084c03eeb5375
stress/record_invoice/partial_success/43/supported/retry_only,stress/record_invoice/partial_success/43,stress,record_invoice,partial_success,43,supported,retry_only,1,0,0,0,0,1,1,0,0,0,1,1,0,0,2,2,0,8,aca202263dccd08be90250bb90cadd35c8fc59313e4707ee8851625b1ec00d30
stress/record_invoice/partial_success/43/supported/verify_only,stress/record_invoice/partial_success/43,stress,record_invoice,partial_success,43,supported,verify_only,1,0,0,0,0,1,1,0,0,0,1,1,0,0,2,2,0,8,aca202263dccd08be90250bb90cadd35c8fc59313e4707ee8851625b1ec00d30
stress/record_invoice/partial_success/43/supported/paper_literal,stress/record_invoice/partial_success/43,stress,record_invoice,partial_success,43,supported,paper_literal,1,0,0,0,0,1,1,0,0,0,1,1,0,0,2,2,0,8,aca202263dccd08be90250bb90cadd35c8fc59313e4707ee8851625b1ec00d30
stress/record_invoice/partial_success/43/supported/engineering,stress/record_invoice/partial_success/43,stress,record_invoice,partial_success,43,supported,engineering,1,1,1,1,1,0,0,0,0,0,0,2,1,2,3,3,0,8,aca202263dccd08be90250bb90cadd35c8fc59313e4707ee8851625b1ec00d30
stress/record_invoice/partial_success/43/unsupported/retry_only,stress/record_invoice/partial_success/43,stress,record_invoice,partial_success,43,unsupported,retry_only,1,0,0,0,0,1,1,0,0,0,1,1,0,0,2,2,0,8,aca202263dccd08be90250bb90cadd35c8fc59313e4707ee8851625b1ec00d30
stress/record_invoice/partial_success/43/unsupported/verify_only,stress/record_invoice/partial_success/43,stress,record_invoice,partial_success,43,unsupported,verify_only,1,0,0,0,0,1,1,0,0,0,1,1,0,0,2,2,0,8,aca202263dccd08be90250bb90cadd35c8fc59313e4707ee8851625b1ec00d30
stress/record_invoice/partial_success/43/unsupported/paper_literal,stress/record_invoice/partial_success/43,stress,record_invoice,partial_success,43,unsupported,paper_literal,1,0,0,0,0,1,1,0,0,0,1,1,0,0,2,2,0,8,aca202263dccd08be90250bb90cadd35c8fc59313e4707ee8851625b1ec00d30
stress/record_invoice/partial_success/43/unsupported/engineering,stress/record_invoice/partial_success/43,stress,record_invoice,partial_success,43,unsupported,engineering,0,1,1,0,0,0,0,0,0,1,0,2,1,3,5,5,1,8,aca202263dccd08be90250bb90cadd35c8fc59313e4707ee8851625b1ec00d30
stress/record_invoice/partial_success/44/supported/retry_only,stress/record_invoice/partial_success/44,stress,record_invoice,partial_success,44,supported,retry_only,1,0,0,0,0,1,1,0,0,0,1,1,0,0,2,2,0,8,df841d68969947adfd1524107f4b2460af03192946a81378302c210020055958
stress/record_invoice/partial_success/44/supported/verify_only,stress/record_invoice/partial_success/44,stress,record_invoice,partial_success,44,supported,verify_only,1,0,0,0,0,1,1,0,0,0,1,1,0,0,2,2,0,8,df841d68969947adfd1524107f4b2460af03192946a81378302c210020055958
stress/record_invoice/partial_success/44/supported/paper_literal,stress/record_invoice/partial_success/44,stress,record_invoice,partial_success,44,supported,paper_literal,1,0,0,0,0,1,1,0,0,0,1,1,0,0,2,2,0,8,df841d68969947adfd1524107f4b2460af03192946a81378302c210020055958
stress/record_invoice/partial_success/44/supported/engineering,stress/record_invoice/partial_success/44,stress,record_invoice,partial_success,44,supported,engineering,1,1,1,1,1,0,0,0,0,0,0,2,1,2,3,3,0,8,df841d68969947adfd1524107f4b2460af03192946a81378302c210020055958
stress/record_invoice/partial_success/44/unsupported/retry_only,stress/record_invoice/partial_success/44,stress,record_invoice,partial_success,44,unsupported,retry_only,1,0,0,0,0,1,1,0,0,0,1,1,0,0,2,2,0,8,df841d68969947adfd1524107f4b2460af03192946a81378302c210020055958
stress/record_invoice/partial_success/44/unsupported/verify_only,stress/record_invoice/partial_success/44,stress,record_invoice,partial_success,44,unsupported,verify_only,1,0,0,0,0,1,1,0,0,0,1,1,0,0,2,2,0,8,df841d68969947adfd1524107f4b2460af03192946a81378302c210020055958
stress/record_invoice/partial_success/44/unsupported/paper_literal,stress/record_invoice/partial_success/44,stress,record_invoice,partial_success,44,unsupported,paper_literal,1,0,0,0,0,1,1,0,0,0,1,1,0,0,2,2,0,8,df841d68969947adfd1524107f4b2460af03192946a81378302c210020055958
stress/record_invoice/partial_success/44/unsupported/engineering,stress/record_invoice/partial_success/44,stress,record_invoice,partial_success,44,unsupported,engineering,0,1,1,0,0,0,0,0,0,1,0,2,1,3,5,5,1,8,df841d68969947adfd1524107f4b2460af03192946a81378302c210020055958
stress/record_invoice/partial_success/45/supported/retry_only,stress/record_invoice/partial_success/45,stress,record_invoice,partial_success,45,supported,retry_only,1,0,0,0,0,1,1,0,0,0,1,1,0,0,2,2,0,8,4011ba222a33758b6db905ca90e2f86cf09a43951d6a3168317b05eb4e28ed53
stress/record_invoice/partial_success/45/supported/verify_only,stress/record_invoice/partial_success/45,stress,record_invoice,partial_success,45,supported,verify_only,1,0,0,0,0,1,1,0,0,0,1,1,0,0,2,2,0,8,4011ba222a33758b6db905ca90e2f86cf09a43951d6a3168317b05eb4e28ed53
stress/record_invoice/partial_success/45/supported/paper_literal,stress/record_invoice/partial_success/45,stress,record_invoice,partial_success,45,supported,paper_literal,1,0,0,0,0,1,1,0,0,0,1,1,0,0,2,2,0,8,4011ba222a33758b6db905ca90e2f86cf09a43951d6a3168317b05eb4e28ed53
stress/record_invoice/partial_success/45/supported/engineering,stress/record_invoice/partial_success/45,stress,record_invoice,partial_success,45,supported,engineering,1,1,1,1,1,0,0,0,0,0,0,2,1,2,3,3,0,8,4011ba222a33758b6db905ca90e2f86cf09a43951d6a3168317b05eb4e28ed53
stress/record_invoice/partial_success/45/unsupported/retry_only,stress/record_invoice/partial_success/45,stress,record_invoice,partial_success,45,unsupported,retry_only,1,0,0,0,0,1,1,0,0,0,1,1,0,0,2,2,0,8,4011ba222a33758b6db905ca90e2f86cf09a43951d6a3168317b05eb4e28ed53
stress/record_invoice/partial_success/45/unsupported/verify_only,stress/record_invoice/partial_success/45,stress,record_invoice,partial_success,45,unsupported,verify_only,1,0,0,0,0,1,1,0,0,0,1,1,0,0,2,2,0,8,4011ba222a33758b6db905ca90e2f86cf09a43951d6a3168317b05eb4e28ed53
stress/record_invoice/partial_success/45/unsupported/paper_literal,stress/record_invoice/partial_success/45,stress,record_invoice,partial_success,45,unsupported,paper_literal,1,0,0,0,0,1,1,0,0,0,1,1,0,0,2,2,0,8,4011ba222a33758b6db905ca90e2f86cf09a43951d6a3168317b05eb4e28ed53
stress/record_invoice/partial_success/45/unsupported/engineering,stress/record_invoice/partial_success/45,stress,record_invoice,partial_success,45,unsupported,engineering,0,1,1,0,0,0,0,0,0,1,0,2,1,3,5,5,1,8,4011ba222a33758b6db905ca90e2f86cf09a43951d6a3168317b05eb4e28ed53
stress/record_invoice/partial_success/46/supported/retry_only,stress/record_invoice/partial_success/46,stress,record_invoice,partial_success,46,supported,retry_only,1,0,0,0,0,1,1,0,0,0,1,1,0,0,2,2,0,8,4be3bb0881dcb7529430ec540241e6b4dd588fdacc19461d7555961426966627
stress/record_invoice/partial_success/46/supported/verify_only,stress/record_invoice/partial_success/46,stress,record_invoice,partial_success,46,supported,verify_only,1,0,0,0,0,1,1,0,0,0,1,1,0,0,2,2,0,8,4be3bb0881dcb7529430ec540241e6b4dd588fdacc19461d7555961426966627
stress/record_invoice/partial_success/46/supported/paper_literal,stress/record_invoice/partial_success/46,stress,record_invoice,partial_success,46,supported,paper_literal,1,0,0,0,0,1,1,0,0,0,1,1,0,0,2,2,0,8,4be3bb0881dcb7529430ec540241e6b4dd588fdacc19461d7555961426966627
stress/record_invoice/partial_success/46/supported/engineering,stress/record_invoice/partial_success/46,stress,record_invoice,partial_success,46,supported,engineering,1,1,1,1,1,0,0,0,0,0,0,2,1,2,3,3,0,8,4be3bb0881dcb7529430ec540241e6b4dd588fdacc19461d7555961426966627
stress/record_invoice/partial_success/46/unsupported/retry_only,stress/record_invoice/partial_success/46,stress,record_invoice,partial_success,46,unsupported,retry_only,1,0,0,0,0,1,1,0,0,0,1,1,0,0,2,2,0,8,4be3bb0881dcb7529430ec540241e6b4dd588fdacc19461d7555961426966627
stress/record_invoice/partial_success/46/unsupported/verify_only,stress/record_invoice/partial_success/46,stress,record_invoice,partial_success,46,unsupported,verify_only,1,0,0,0,0,1,1,0,0,0,1,1,0,0,2,2,0,8,4be3bb0881dcb7529430ec540241e6b4dd588fdacc19461d7555961426966627
stress/record_invoice/partial_success/46/unsupported/paper_literal,stress/record_invoice/partial_success/46,stress,record_invoice,partial_success,46,unsupported,paper_literal,1,0,0,0,0,1,1,0,0,0,1,1,0,0,2,2,0,8,4be3bb0881dcb7529430ec540241e6b4dd588fdacc19461d7555961426966627
stress/record_invoice/partial_success/46/unsupported/engineering,stress/record_invoice/partial_success/46,stress,record_invoice,partial_success,46,unsupported,engineering,0,1,1,0,0,0,0,0,0,1,0,2,1,3,5,5,1,8,4be3bb0881dcb7529430ec540241e6b4dd588fdacc19461d7555961426966627
stress/record_invoice/no_effect_timeout/42/supported/retry_only,stress/record_invoice/no_effect_timeout/42,stress,record_invoice,no_effect_timeout,42,supported,retry_only,1,1,1,1,1,0,0,0,0,0,0,2,1,0,3,3,0,8,dbc4acab8d98fa3471c6ee3e592eaf81079165e94a5ba44fb91166118bb35280
stress/record_invoice/no_effect_timeout/42/supported/verify_only,stress/record_invoice/no_effect_timeout/42,stress,record_invoice,no_effect_timeout,42,supported,verify_only,0,0,0,0,0,0,0,0,0,0,3,1,0,1,0,0,1,8,dbc4acab8d98fa3471c6ee3e592eaf81079165e94a5ba44fb91166118bb35280
stress/record_invoice/no_effect_timeout/42/supported/paper_literal,stress/record_invoice/no_effect_timeout/42,stress,record_invoice,no_effect_timeout,42,supported,paper_literal,0,1,1,1,1,0,0,1,1,0,0,2,1,1,3,3,1,8,dbc4acab8d98fa3471c6ee3e592eaf81079165e94a5ba44fb91166118bb35280
stress/record_invoice/no_effect_timeout/42/supported/engineering,stress/record_invoice/no_effect_timeout/42,stress,record_invoice,no_effect_timeout,42,supported,engineering,1,1,1,1,1,0,0,0,0,0,0,2,1,2,3,3,1,8,dbc4acab8d98fa3471c6ee3e592eaf81079165e94a5ba44fb91166118bb35280
stress/record_invoice/no_effect_timeout/42/unsupported/retry_only,stress/record_invoice/no_effect_timeout/42,stress,record_invoice,no_effect_timeout,42,unsupported,retry_only,1,1,1,1,1,0,0,0,0,0,0,2,1,0,3,3,0,8,dbc4acab8d98fa3471c6ee3e592eaf81079165e94a5ba44fb91166118bb35280
stress/record_invoice/no_effect_timeout/42/unsupported/verify_only,stress/record_invoice/no_effect_timeout/42,stress,record_invoice,no_effect_timeout,42,unsupported,verify_only,0,0,0,0,0,0,0,0,0,0,3,1,0,1,0,0,1,8,dbc4acab8d98fa3471c6ee3e592eaf81079165e94a5ba44fb91166118bb35280
stress/record_invoice/no_effect_timeout/42/unsupported/paper_literal,stress/record_invoice/no_effect_timeout/42,stress,record_invoice,no_effect_timeout,42,unsupported,paper_literal,0,1,1,1,1,0,0,1,1,0,0,2,1,1,3,3,1,8,dbc4acab8d98fa3471c6ee3e592eaf81079165e94a5ba44fb91166118bb35280
stress/record_invoice/no_effect_timeout/42/unsupported/engineering,stress/record_invoice/no_effect_timeout/42,stress,record_invoice,no_effect_timeout,42,unsupported,engineering,1,1,1,1,1,0,0,0,0,0,0,2,1,2,3,3,1,8,dbc4acab8d98fa3471c6ee3e592eaf81079165e94a5ba44fb91166118bb35280
stress/record_invoice/no_effect_timeout/43/supported/retry_only,stress/record_invoice/no_effect_timeout/43,stress,record_invoice,no_effect_timeout,43,supported,retry_only,1,1,1,1,1,0,0,0,0,0,0,2,1,0,3,3,0,8,a29d0f26fdbdd363e608ccc3aa233442a5a6045ee38df7d1a41841e3485b0ebb
stress/record_invoice/no_effect_timeout/43/supported/verify_only,stress/record_invoice/no_effect_timeout/43,stress,record_invoice,no_effect_timeout,43,supported,verify_only,0,0,0,0,0,0,0,0,0,0,3,1,0,1,0,0,1,8,a29d0f26fdbdd363e608ccc3aa233442a5a6045ee38df7d1a41841e3485b0ebb
stress/record_invoice/no_effect_timeout/43/supported/paper_literal,stress/record_invoice/no_effect_timeout/43,stress,record_invoice,no_effect_timeout,43,supported,paper_literal,0,1,1,1,1,0,0,1,1,0,0,2,1,1,3,3,1,8,a29d0f26fdbdd363e608ccc3aa233442a5a6045ee38df7d1a41841e3485b0ebb
stress/record_invoice/no_effect_timeout/43/supported/engineering,stress/record_invoice/no_effect_timeout/43,stress,record_invoice,no_effect_timeout,43,supported,engineering,1,1,1,1,1,0,0,0,0,0,0,2,1,2,3,3,1,8,a29d0f26fdbdd363e608ccc3aa233442a5a6045ee38df7d1a41841e3485b0ebb
stress/record_invoice/no_effect_timeout/43/unsupported/retry_only,stress/record_invoice/no_effect_timeout/43,stress,record_invoice,no_effect_timeout,43,unsupported,retry_only,1,1,1,1,1,0,0,0,0,0,0,2,1,0,3,3,0,8,a29d0f26fdbdd363e608ccc3aa233442a5a6045ee38df7d1a41841e3485b0ebb
stress/record_invoice/no_effect_timeout/43/unsupported/verify_only,stress/record_invoice/no_effect_timeout/43,stress,record_invoice,no_effect_timeout,43,unsupported,verify_only,0,0,0,0,0,0,0,0,0,0,3,1,0,1,0,0,1,8,a29d0f26fdbdd363e608ccc3aa233442a5a6045ee38df7d1a41841e3485b0ebb
stress/record_invoice/no_effect_timeout/43/unsupported/paper_literal,stress/record_invoice/no_effect_timeout/43,stress,record_invoice,no_effect_timeout,43,unsupported,paper_literal,0,1,1,1,1,0,0,1,1,0,0,2,1,1,3,3,1,8,a29d0f26fdbdd363e608ccc3aa233442a5a6045ee38df7d1a41841e3485b0ebb
stress/record_invoice/no_effect_timeout/43/unsupported/engineering,stress/record_invoice/no_effect_timeout/43,stress,record_invoice,no_effect_timeout,43,unsupported,engineering,1,1,1,1,1,0,0,0,0,0,0,2,1,2,3,3,1,8,a29d0f26fdbdd363e608ccc3aa233442a5a6045ee38df7d1a41841e3485b0ebb
stress/record_invoice/no_effect_timeout/44/supported/retry_only,stress/record_invoice/no_effect_timeout/44,stress,record_invoice,no_effect_timeout,44,supported,retry_only,1,1,1,1,1,0,0,0,0,0,0,2,1,0,3,3,0,8,3aef9524e6c47f1e6dd0b2279d9a4e2bf65b52614a97bdca1a2a832404b12ce0
stress/record_invoice/no_effect_timeout/44/supported/verify_only,stress/record_invoice/no_effect_timeout/44,stress,record_invoice,no_effect_timeout,44,supported,verify_only,0,0,0,0,0,0,0,0,0,0,3,1,0,1,0,0,1,8,3aef9524e6c47f1e6dd0b2279d9a4e2bf65b52614a97bdca1a2a832404b12ce0
stress/record_invoice/no_effect_timeout/44/supported/paper_literal,stress/record_invoice/no_effect_timeout/44,stress,record_invoice,no_effect_timeout,44,supported,paper_literal,0,1,1,1,1,0,0,1,1,0,0,2,1,1,3,3,1,8,3aef9524e6c47f1e6dd0b2279d9a4e2bf65b52614a97bdca1a2a832404b12ce0
stress/record_invoice/no_effect_timeout/44/supported/engineering,stress/record_invoice/no_effect_timeout/44,stress,record_invoice,no_effect_timeout,44,supported,engineering,1,1,1,1,1,0,0,0,0,0,0,2,1,2,3,3,1,8,3aef9524e6c47f1e6dd0b2279d9a4e2bf65b52614a97bdca1a2a832404b12ce0
stress/record_invoice/no_effect_timeout/44/unsupported/retry_only,stress/record_invoice/no_effect_timeout/44,stress,record_invoice,no_effect_timeout,44,unsupported,retry_only,1,1,1,1,1,0,0,0,0,0,0,2,1,0,3,3,0,8,3aef9524e6c47f1e6dd0b2279d9a4e2bf65b52614a97bdca1a2a832404b12ce0
stress/record_invoice/no_effect_timeout/44/unsupported/verify_only,stress/record_invoice/no_effect_timeout/44,stress,record_invoice,no_effect_timeout,44,unsupported,verify_only,0,0,0,0,0,0,0,0,0,0,3,1,0,1,0,0,1,8,3aef9524e6c47f1e6dd0b2279d9a4e2bf65b52614a97bdca1a2a832404b12ce0
stress/record_invoice/no_effect_timeout/44/unsupported/paper_literal,stress/record_invoice/no_effect_timeout/44,stress,record_invoice,no_effect_timeout,44,unsupported,paper_literal,0,1,1,1,1,0,0,1,1,0,0,2,1,1,3,3,1,8,3aef9524e6c47f1e6dd0b2279d9a4e2bf65b52614a97bdca1a2a832404b12ce0
stress/record_invoice/no_effect_timeout/44/unsupported/engineering,stress/record_invoice/no_effect_timeout/44,stress,record_invoice,no_effect_timeout,44,unsupported,engineering,1,1,1,1,1,0,0,0,0,0,0,2,1,2,3,3,1,8,3aef9524e6c47f1e6dd0b2279d9a4e2bf65b52614a97bdca1a2a832404b12ce0
stress/record_invoice/no_effect_timeout/45/supported/retry_only,stress/record_invoice/no_effect_timeout/45,stress,record_invoice,no_effect_timeout,45,supported,retry_only,1,1,1,1,1,0,0,0,0,0,0,2,1,0,3,3,0,8,8f027cc7d0b9018f52cf2ab9b5632f7f072404f13b47ec82bb61113217248b2d
stress/record_invoice/no_effect_timeout/45/supported/verify_only,stress/record_invoice/no_effect_timeout/45,stress,record_invoice,no_effect_timeout,45,supported,verify_only,0,0,0,0,0,0,0,0,0,0,3,1,0,1,0,0,1,8,8f027cc7d0b9018f52cf2ab9b5632f7f072404f13b47ec82bb61113217248b2d
stress/record_invoice/no_effect_timeout/45/supported/paper_literal,stress/record_invoice/no_effect_timeout/45,stress,record_invoice,no_effect_timeout,45,supported,paper_literal,0,1,1,1,1,0,0,1,1,0,0,2,1,1,3,3,1,8,8f027cc7d0b9018f52cf2ab9b5632f7f072404f13b47ec82bb61113217248b2d
stress/record_invoice/no_effect_timeout/45/supported/engineering,stress/record_invoice/no_effect_timeout/45,stress,record_invoice,no_effect_timeout,45,supported,engineering,1,1,1,1,1,0,0,0,0,0,0,2,1,2,3,3,1,8,8f027cc7d0b9018f52cf2ab9b5632f7f072404f13b47ec82bb61113217248b2d
stress/record_invoice/no_effect_timeout/45/unsupported/retry_only,stress/record_invoice/no_effect_timeout/45,stress,record_invoice,no_effect_timeout,45,unsupported,retry_only,1,1,1,1,1,0,0,0,0,0,0,2,1,0,3,3,0,8,8f027cc7d0b9018f52cf2ab9b5632f7f072404f13b47ec82bb61113217248b2d
stress/record_invoice/no_effect_timeout/45/unsupported/verify_only,stress/record_invoice/no_effect_timeout/45,stress,record_invoice,no_effect_timeout,45,unsupported,verify_only,0,0,0,0,0,0,0,0,0,0,3,1,0,1,0,0,1,8,8f027cc7d0b9018f52cf2ab9b5632f7f072404f13b47ec82bb61113217248b2d
stress/record_invoice/no_effect_timeout/45/unsupported/paper_literal,stress/record_invoice/no_effect_timeout/45,stress,record_invoice,no_effect_timeout,45,unsupported,paper_literal,0,1,1,1,1,0,0,1,1,0,0,2,1,1,3,3,1,8,8f027cc7d0b9018f52cf2ab9b5632f7f072404f13b47ec82bb61113217248b2d
stress/record_invoice/no_effect_timeout/45/unsupported/engineering,stress/record_invoice/no_effect_timeout/45,stress,record_invoice,no_effect_timeout,45,unsupported,engineering,1,1,1,1,1,0,0,0,0,0,0,2,1,2,3,3,1,8,8f027cc7d0b9018f52cf2ab9b5632f7f072404f13b47ec82bb61113217248b2d
stress/record_invoice/no_effect_timeout/46/supported/retry_only,stress/record_invoice/no_effect_timeout/46,stress,record_invoice,no_effect_timeout,46,supported,retry_only,1,1,1,1,1,0,0,0,0,0,0,2,1,0,3,3,0,8,d9bcb3860e1e0859d210026b345ed51e5a926fafa8aa3bb2bd7904e0eb406173
stress/record_invoice/no_effect_timeout/46/supported/verify_only,stress/record_invoice/no_effect_timeout/46,stress,record_invoice,no_effect_timeout,46,supported,verify_only,0,0,0,0,0,0,0,0,0,0,3,1,0,1,0,0,1,8,d9bcb3860e1e0859d210026b345ed51e5a926fafa8aa3bb2bd7904e0eb406173
stress/record_invoice/no_effect_timeout/46/supported/paper_literal,stress/record_invoice/no_effect_timeout/46,stress,record_invoice,no_effect_timeout,46,supported,paper_literal,0,1,1,1,1,0,0,1,1,0,0,2,1,1,3,3,1,8,d9bcb3860e1e0859d210026b345ed51e5a926fafa8aa3bb2bd7904e0eb406173
stress/record_invoice/no_effect_timeout/46/supported/engineering,stress/record_invoice/no_effect_timeout/46,stress,record_invoice,no_effect_timeout,46,supported,engineering,1,1,1,1,1,0,0,0,0,0,0,2,1,2,3,3,1,8,d9bcb3860e1e0859d210026b345ed51e5a926fafa8aa3bb2bd7904e0eb406173
stress/record_invoice/no_effect_timeout/46/unsupported/retry_only,stress/record_invoice/no_effect_timeout/46,stress,record_invoice,no_effect_timeout,46,unsupported,retry_only,1,1,1,1,1,0,0,0,0,0,0,2,1,0,3,3,0,8,d9bcb3860e1e0859d210026b345ed51e5a926fafa8aa3bb2bd7904e0eb406173
stress/record_invoice/no_effect_timeout/46/unsupported/verify_only,stress/record_invoice/no_effect_timeout/46,stress,record_invoice,no_effect_timeout,46,unsupported,verify_only,0,0,0,0,0,0,0,0,0,0,3,1,0,1,0,0,1,8,d9bcb3860e1e0859d210026b345ed51e5a926fafa8aa3bb2bd7904e0eb406173
stress/record_invoice/no_effect_timeout/46/unsupported/paper_literal,stress/record_invoice/no_effect_timeout/46,stress,record_invoice,no_effect_timeout,46,unsupported,paper_literal,0,1,1,1,1,0,0,1,1,0,0,2,1,1,3,3,1,8,d9bcb3860e1e0859d210026b345ed51e5a926fafa8aa3bb2bd7904e0eb406173
stress/record_invoice/no_effect_timeout/46/unsupported/engineering,stress/record_invoice/no_effect_timeout/46,stress,record_invoice,no_effect_timeout,46,unsupported,engineering,1,1,1,1,1,0,0,0,0,0,0,2,1,2,3,3,1,8,d9bcb3860e1e0859d210026b345ed51e5a926fafa8aa3bb2bd7904e0eb406173
stress/record_invoice/stale_false/42/supported/retry_only,stress/record_invoice/stale_false/42,stress,record_invoice,stale_false,42,supported,retry_only,1,1,1,0,0,1,1,0,0,1,0,2,1,0,6,6,0,8,6713983eeaa6b52505c96819134a62d72ac360aabc8af71a55e841f7ddfaa643
stress/record_invoice/stale_false/42/supported/verify_only,stress/record_invoice/stale_false/42,stress,record_invoice,stale_false,42,supported,verify_only,0,1,1,1,1,0,0,1,1,0,0,1,0,1,3,3,1,8,6713983eeaa6b52505c96819134a62d72ac360aabc8af71a55e841f7ddfaa643
stress/record_invoice/stale_false/42/supported/paper_literal,stress/record_invoice/stale_false/42,stress,record_invoice,stale_false,42,supported,paper_literal,0,1,1,1,1,0,0,1,1,0,0,2,1,1,3,3,1,8,6713983eeaa6b52505c96819134a62d72ac360aabc8af71a55e841f7ddfaa643
stress/record_invoice/stale_false/42/supported/engineering,stress/record_invoice/stale_false/42,stress,record_invoice,stale_false,42,supported,engineering,1,1,1,1,1,0,0,0,0,0,0,2,1,3,3,3,2,8,6713983eeaa6b52505c96819134a62d72ac360aabc8af71a55e841f7ddfaa643
stress/record_invoice/stale_false/42/unsupported/retry_only,stress/record_invoice/stale_false/42,stress,record_invoice,stale_false,42,unsupported,retry_only,1,1,1,0,0,1,1,0,0,1,0,2,1,0,6,6,0,8,6713983eeaa6b52505c96819134a62d72ac360aabc8af71a55e841f7ddfaa643
stress/record_invoice/stale_false/42/unsupported/verify_only,stress/record_invoice/stale_false/42,stress,record_invoice,stale_false,42,unsupported,verify_only,0,1,1,1,1,0,0,1,1,0,0,1,0,1,3,3,1,8,6713983eeaa6b52505c96819134a62d72ac360aabc8af71a55e841f7ddfaa643
stress/record_invoice/stale_false/42/unsupported/paper_literal,stress/record_invoice/stale_false/42,stress,record_invoice,stale_false,42,unsupported,paper_literal,0,1,1,0,0,0,0,0,0,1,0,2,1,1,6,6,1,8,6713983eeaa6b52505c96819134a62d72ac360aabc8af71a55e841f7ddfaa643
stress/record_invoice/stale_false/42/unsupported/engineering,stress/record_invoice/stale_false/42,stress,record_invoice,stale_false,42,unsupported,engineering,0,1,1,0,0,0,0,0,0,1,0,2,1,3,6,6,2,8,6713983eeaa6b52505c96819134a62d72ac360aabc8af71a55e841f7ddfaa643
stress/record_invoice/stale_false/43/supported/retry_only,stress/record_invoice/stale_false/43,stress,record_invoice,stale_false,43,supported,retry_only,1,1,1,0,0,1,1,0,0,1,0,2,1,0,6,6,0,8,4b31a964ef5f5bceb92de0e5d907b03e49e491afec57ed0bb036df12c7421b96
stress/record_invoice/stale_false/43/supported/verify_only,stress/record_invoice/stale_false/43,stress,record_invoice,stale_false,43,supported,verify_only,0,1,1,1,1,0,0,1,1,0,0,1,0,1,3,3,1,8,4b31a964ef5f5bceb92de0e5d907b03e49e491afec57ed0bb036df12c7421b96
stress/record_invoice/stale_false/43/supported/paper_literal,stress/record_invoice/stale_false/43,stress,record_invoice,stale_false,43,supported,paper_literal,0,1,1,1,1,0,0,1,1,0,0,2,1,1,3,3,1,8,4b31a964ef5f5bceb92de0e5d907b03e49e491afec57ed0bb036df12c7421b96
stress/record_invoice/stale_false/43/supported/engineering,stress/record_invoice/stale_false/43,stress,record_invoice,stale_false,43,supported,engineering,1,1,1,1,1,0,0,0,0,0,0,2,1,3,3,3,2,8,4b31a964ef5f5bceb92de0e5d907b03e49e491afec57ed0bb036df12c7421b96
stress/record_invoice/stale_false/43/unsupported/retry_only,stress/record_invoice/stale_false/43,stress,record_invoice,stale_false,43,unsupported,retry_only,1,1,1,0,0,1,1,0,0,1,0,2,1,0,6,6,0,8,4b31a964ef5f5bceb92de0e5d907b03e49e491afec57ed0bb036df12c7421b96
stress/record_invoice/stale_false/43/unsupported/verify_only,stress/record_invoice/stale_false/43,stress,record_invoice,stale_false,43,unsupported,verify_only,0,1,1,1,1,0,0,1,1,0,0,1,0,1,3,3,1,8,4b31a964ef5f5bceb92de0e5d907b03e49e491afec57ed0bb036df12c7421b96
stress/record_invoice/stale_false/43/unsupported/paper_literal,stress/record_invoice/stale_false/43,stress,record_invoice,stale_false,43,unsupported,paper_literal,0,1,1,0,0,0,0,0,0,1,0,2,1,1,6,6,1,8,4b31a964ef5f5bceb92de0e5d907b03e49e491afec57ed0bb036df12c7421b96
stress/record_invoice/stale_false/43/unsupported/engineering,stress/record_invoice/stale_false/43,stress,record_invoice,stale_false,43,unsupported,engineering,0,1,1,0,0,0,0,0,0,1,0,2,1,3,6,6,2,8,4b31a964ef5f5bceb92de0e5d907b03e49e491afec57ed0bb036df12c7421b96
stress/record_invoice/stale_false/44/supported/retry_only,stress/record_invoice/stale_false/44,stress,record_invoice,stale_false,44,supported,retry_only,1,1,1,0,0,1,1,0,0,1,0,2,1,0,6,6,0,8,8c2a54df49ee8f87936ff683e29e90e49869a3885404f4a0c0cbc02c87c190c0
stress/record_invoice/stale_false/44/supported/verify_only,stress/record_invoice/stale_false/44,stress,record_invoice,stale_false,44,supported,verify_only,0,1,1,1,1,0,0,1,1,0,0,1,0,1,3,3,1,8,8c2a54df49ee8f87936ff683e29e90e49869a3885404f4a0c0cbc02c87c190c0
stress/record_invoice/stale_false/44/supported/paper_literal,stress/record_invoice/stale_false/44,stress,record_invoice,stale_false,44,supported,paper_literal,0,1,1,1,1,0,0,1,1,0,0,2,1,1,3,3,1,8,8c2a54df49ee8f87936ff683e29e90e49869a3885404f4a0c0cbc02c87c190c0
stress/record_invoice/stale_false/44/supported/engineering,stress/record_invoice/stale_false/44,stress,record_invoice,stale_false,44,supported,engineering,1,1,1,1,1,0,0,0,0,0,0,2,1,3,3,3,2,8,8c2a54df49ee8f87936ff683e29e90e49869a3885404f4a0c0cbc02c87c190c0
stress/record_invoice/stale_false/44/unsupported/retry_only,stress/record_invoice/stale_false/44,stress,record_invoice,stale_false,44,unsupported,retry_only,1,1,1,0,0,1,1,0,0,1,0,2,1,0,6,6,0,8,8c2a54df49ee8f87936ff683e29e90e49869a3885404f4a0c0cbc02c87c190c0
stress/record_invoice/stale_false/44/unsupported/verify_only,stress/record_invoice/stale_false/44,stress,record_invoice,stale_false,44,unsupported,verify_only,0,1,1,1,1,0,0,1,1,0,0,1,0,1,3,3,1,8,8c2a54df49ee8f87936ff683e29e90e49869a3885404f4a0c0cbc02c87c190c0
stress/record_invoice/stale_false/44/unsupported/paper_literal,stress/record_invoice/stale_false/44,stress,record_invoice,stale_false,44,unsupported,paper_literal,0,1,1,0,0,0,0,0,0,1,0,2,1,1,6,6,1,8,8c2a54df49ee8f87936ff683e29e90e49869a3885404f4a0c0cbc02c87c190c0
stress/record_invoice/stale_false/44/unsupported/engineering,stress/record_invoice/stale_false/44,stress,record_invoice,stale_false,44,unsupported,engineering,0,1,1,0,0,0,0,0,0,1,0,2,1,3,6,6,2,8,8c2a54df49ee8f87936ff683e29e90e49869a3885404f4a0c0cbc02c87c190c0
stress/record_invoice/stale_false/45/supported/retry_only,stress/record_invoice/stale_false/45,stress,record_invoice,stale_false,45,supported,retry_only,1,1,1,0,0,1,1,0,0,1,0,2,1,0,6,6,0,8,f1ac056a88f5ebc708236df2789f11a440c32f7e2467c2fbd30d6e38f233bc3e
stress/record_invoice/stale_false/45/supported/verify_only,stress/record_invoice/stale_false/45,stress,record_invoice,stale_false,45,supported,verify_only,0,1,1,1,1,0,0,1,1,0,0,1,0,1,3,3,1,8,f1ac056a88f5ebc708236df2789f11a440c32f7e2467c2fbd30d6e38f233bc3e
stress/record_invoice/stale_false/45/supported/paper_literal,stress/record_invoice/stale_false/45,stress,record_invoice,stale_false,45,supported,paper_literal,0,1,1,1,1,0,0,1,1,0,0,2,1,1,3,3,1,8,f1ac056a88f5ebc708236df2789f11a440c32f7e2467c2fbd30d6e38f233bc3e
stress/record_invoice/stale_false/45/supported/engineering,stress/record_invoice/stale_false/45,stress,record_invoice,stale_false,45,supported,engineering,1,1,1,1,1,0,0,0,0,0,0,2,1,3,3,3,2,8,f1ac056a88f5ebc708236df2789f11a440c32f7e2467c2fbd30d6e38f233bc3e
stress/record_invoice/stale_false/45/unsupported/retry_only,stress/record_invoice/stale_false/45,stress,record_invoice,stale_false,45,unsupported,retry_only,1,1,1,0,0,1,1,0,0,1,0,2,1,0,6,6,0,8,f1ac056a88f5ebc708236df2789f11a440c32f7e2467c2fbd30d6e38f233bc3e
stress/record_invoice/stale_false/45/unsupported/verify_only,stress/record_invoice/stale_false/45,stress,record_invoice,stale_false,45,unsupported,verify_only,0,1,1,1,1,0,0,1,1,0,0,1,0,1,3,3,1,8,f1ac056a88f5ebc708236df2789f11a440c32f7e2467c2fbd30d6e38f233bc3e
stress/record_invoice/stale_false/45/unsupported/paper_literal,stress/record_invoice/stale_false/45,stress,record_invoice,stale_false,45,unsupported,paper_literal,0,1,1,0,0,0,0,0,0,1,0,2,1,1,6,6,1,8,f1ac056a88f5ebc708236df2789f11a440c32f7e2467c2fbd30d6e38f233bc3e
stress/record_invoice/stale_false/45/unsupported/engineering,stress/record_invoice/stale_false/45,stress,record_invoice,stale_false,45,unsupported,engineering,0,1,1,0,0,0,0,0,0,1,0,2,1,3,6,6,2,8,f1ac056a88f5ebc708236df2789f11a440c32f7e2467c2fbd30d6e38f233bc3e
stress/record_invoice/stale_false/46/supported/retry_only,stress/record_invoice/stale_false/46,stress,record_invoice,stale_false,46,supported,retry_only,1,1,1,0,0,1,1,0,0,1,0,2,1,0,6,6,0,8,3d5ba086e40ea36979d46ea9a94e1d4440542f3a19b9e92ad520661939319e2f
stress/record_invoice/stale_false/46/supported/verify_only,stress/record_invoice/stale_false/46,stress,record_invoice,stale_false,46,supported,verify_only,0,1,1,1,1,0,0,1,1,0,0,1,0,1,3,3,1,8,3d5ba086e40ea36979d46ea9a94e1d4440542f3a19b9e92ad520661939319e2f
stress/record_invoice/stale_false/46/supported/paper_literal,stress/record_invoice/stale_false/46,stress,record_invoice,stale_false,46,supported,paper_literal,0,1,1,1,1,0,0,1,1,0,0,2,1,1,3,3,1,8,3d5ba086e40ea36979d46ea9a94e1d4440542f3a19b9e92ad520661939319e2f
stress/record_invoice/stale_false/46/supported/engineering,stress/record_invoice/stale_false/46,stress,record_invoice,stale_false,46,supported,engineering,1,1,1,1,1,0,0,0,0,0,0,2,1,3,3,3,2,8,3d5ba086e40ea36979d46ea9a94e1d4440542f3a19b9e92ad520661939319e2f
stress/record_invoice/stale_false/46/unsupported/retry_only,stress/record_invoice/stale_false/46,stress,record_invoice,stale_false,46,unsupported,retry_only,1,1,1,0,0,1,1,0,0,1,0,2,1,0,6,6,0,8,3d5ba086e40ea36979d46ea9a94e1d4440542f3a19b9e92ad520661939319e2f
stress/record_invoice/stale_false/46/unsupported/verify_only,stress/record_invoice/stale_false/46,stress,record_invoice,stale_false,46,unsupported,verify_only,0,1,1,1,1,0,0,1,1,0,0,1,0,1,3,3,1,8,3d5ba086e40ea36979d46ea9a94e1d4440542f3a19b9e92ad520661939319e2f
stress/record_invoice/stale_false/46/unsupported/paper_literal,stress/record_invoice/stale_false/46,stress,record_invoice,stale_false,46,unsupported,paper_literal,0,1,1,0,0,0,0,0,0,1,0,2,1,1,6,6,1,8,3d5ba086e40ea36979d46ea9a94e1d4440542f3a19b9e92ad520661939319e2f
stress/record_invoice/stale_false/46/unsupported/engineering,stress/record_invoice/stale_false/46,stress,record_invoice,stale_false,46,unsupported,engineering,0,1,1,0,0,0,0,0,0,1,0,2,1,3,6,6,2,8,3d5ba086e40ea36979d46ea9a94e1d4440542f3a19b9e92ad520661939319e2f
stress/record_invoice/delayed_unknown/42/supported/retry_only,stress/record_invoice/delayed_unknown/42,stress,record_invoice,delayed_unknown,42,supported,retry_only,1,1,1,0,0,1,1,0,0,1,0,2,1,0,6,6,0,8,14cb2d7eed977f38bd15c3f4a55278261a63343f707b60a298b063b7a03d30d6
stress/record_invoice/delayed_unknown/42/supported/verify_only,stress/record_invoice/delayed_unknown/42,stress,record_invoice,delayed_unknown,42,supported,verify_only,0,1,1,1,1,0,0,1,1,0,0,1,0,1,3,3,1,8,14cb2d7eed977f38bd15c3f4a55278261a63343f707b60a298b063b7a03d30d6
stress/record_invoice/delayed_unknown/42/supported/paper_literal,stress/record_invoice/delayed_unknown/42,stress,record_invoice,delayed_unknown,42,supported,paper_literal,0,1,1,1,1,0,0,1,1,0,0,1,0,1,3,3,1,8,14cb2d7eed977f38bd15c3f4a55278261a63343f707b60a298b063b7a03d30d6
stress/record_invoice/delayed_unknown/42/supported/engineering,stress/record_invoice/delayed_unknown/42,stress,record_invoice,delayed_unknown,42,supported,engineering,1,1,1,1,1,0,0,0,0,0,0,1,0,2,3,3,2,8,14cb2d7eed977f38bd15c3f4a55278261a63343f707b60a298b063b7a03d30d6
stress/record_invoice/delayed_unknown/42/unsupported/retry_only,stress/record_invoice/delayed_unknown/42,stress,record_invoice,delayed_unknown,42,unsupported,retry_only,1,1,1,0,0,1,1,0,0,1,0,2,1,0,6,6,0,8,14cb2d7eed977f38bd15c3f4a55278261a63343f707b60a298b063b7a03d30d6
stress/record_invoice/delayed_unknown/42/unsupported/verify_only,stress/record_invoice/delayed_unknown/42,stress,record_invoice,delayed_unknown,42,unsupported,verify_only,0,1,1,1,1,0,0,1,1,0,0,1,0,1,3,3,1,8,14cb2d7eed977f38bd15c3f4a55278261a63343f707b60a298b063b7a03d30d6
stress/record_invoice/delayed_unknown/42/unsupported/paper_literal,stress/record_invoice/delayed_unknown/42,stress,record_invoice,delayed_unknown,42,unsupported,paper_literal,0,1,1,1,1,0,0,1,1,0,0,1,0,1,3,3,1,8,14cb2d7eed977f38bd15c3f4a55278261a63343f707b60a298b063b7a03d30d6
stress/record_invoice/delayed_unknown/42/unsupported/engineering,stress/record_invoice/delayed_unknown/42,stress,record_invoice,delayed_unknown,42,unsupported,engineering,1,1,1,1,1,0,0,0,0,0,0,1,0,2,3,3,2,8,14cb2d7eed977f38bd15c3f4a55278261a63343f707b60a298b063b7a03d30d6
stress/record_invoice/delayed_unknown/43/supported/retry_only,stress/record_invoice/delayed_unknown/43,stress,record_invoice,delayed_unknown,43,supported,retry_only,1,1,1,0,0,1,1,0,0,1,0,2,1,0,6,6,0,8,ae2d8044fd7d6b028d0d170debd47a99b6975696eb11239eb03b7e437eae8f69
stress/record_invoice/delayed_unknown/43/supported/verify_only,stress/record_invoice/delayed_unknown/43,stress,record_invoice,delayed_unknown,43,supported,verify_only,0,1,1,1,1,0,0,1,1,0,0,1,0,1,3,3,1,8,ae2d8044fd7d6b028d0d170debd47a99b6975696eb11239eb03b7e437eae8f69
stress/record_invoice/delayed_unknown/43/supported/paper_literal,stress/record_invoice/delayed_unknown/43,stress,record_invoice,delayed_unknown,43,supported,paper_literal,0,1,1,1,1,0,0,1,1,0,0,1,0,1,3,3,1,8,ae2d8044fd7d6b028d0d170debd47a99b6975696eb11239eb03b7e437eae8f69
stress/record_invoice/delayed_unknown/43/supported/engineering,stress/record_invoice/delayed_unknown/43,stress,record_invoice,delayed_unknown,43,supported,engineering,1,1,1,1,1,0,0,0,0,0,0,1,0,2,3,3,2,8,ae2d8044fd7d6b028d0d170debd47a99b6975696eb11239eb03b7e437eae8f69
stress/record_invoice/delayed_unknown/43/unsupported/retry_only,stress/record_invoice/delayed_unknown/43,stress,record_invoice,delayed_unknown,43,unsupported,retry_only,1,1,1,0,0,1,1,0,0,1,0,2,1,0,6,6,0,8,ae2d8044fd7d6b028d0d170debd47a99b6975696eb11239eb03b7e437eae8f69
stress/record_invoice/delayed_unknown/43/unsupported/verify_only,stress/record_invoice/delayed_unknown/43,stress,record_invoice,delayed_unknown,43,unsupported,verify_only,0,1,1,1,1,0,0,1,1,0,0,1,0,1,3,3,1,8,ae2d8044fd7d6b028d0d170debd47a99b6975696eb11239eb03b7e437eae8f69
stress/record_invoice/delayed_unknown/43/unsupported/paper_literal,stress/record_invoice/delayed_unknown/43,stress,record_invoice,delayed_unknown,43,unsupported,paper_literal,0,1,1,1,1,0,0,1,1,0,0,1,0,1,3,3,1,8,ae2d8044fd7d6b028d0d170debd47a99b6975696eb11239eb03b7e437eae8f69
stress/record_invoice/delayed_unknown/43/unsupported/engineering,stress/record_invoice/delayed_unknown/43,stress,record_invoice,delayed_unknown,43,unsupported,engineering,1,1,1,1,1,0,0,0,0,0,0,1,0,2,3,3,2,8,ae2d8044fd7d6b028d0d170debd47a99b6975696eb11239eb03b7e437eae8f69
stress/record_invoice/delayed_unknown/44/supported/retry_only,stress/record_invoice/delayed_unknown/44,stress,record_invoice,delayed_unknown,44,supported,retry_only,1,1,1,0,0,1,1,0,0,1,0,2,1,0,6,6,0,8,5751f0e3f43cae95e01054fd3d1c971b6261112a7e571fc5ddbe5aeaead80566
stress/record_invoice/delayed_unknown/44/supported/verify_only,stress/record_invoice/delayed_unknown/44,stress,record_invoice,delayed_unknown,44,supported,verify_only,0,1,1,1,1,0,0,1,1,0,0,1,0,1,3,3,1,8,5751f0e3f43cae95e01054fd3d1c971b6261112a7e571fc5ddbe5aeaead80566
stress/record_invoice/delayed_unknown/44/supported/paper_literal,stress/record_invoice/delayed_unknown/44,stress,record_invoice,delayed_unknown,44,supported,paper_literal,0,1,1,1,1,0,0,1,1,0,0,1,0,1,3,3,1,8,5751f0e3f43cae95e01054fd3d1c971b6261112a7e571fc5ddbe5aeaead80566
stress/record_invoice/delayed_unknown/44/supported/engineering,stress/record_invoice/delayed_unknown/44,stress,record_invoice,delayed_unknown,44,supported,engineering,1,1,1,1,1,0,0,0,0,0,0,1,0,2,3,3,2,8,5751f0e3f43cae95e01054fd3d1c971b6261112a7e571fc5ddbe5aeaead80566
stress/record_invoice/delayed_unknown/44/unsupported/retry_only,stress/record_invoice/delayed_unknown/44,stress,record_invoice,delayed_unknown,44,unsupported,retry_only,1,1,1,0,0,1,1,0,0,1,0,2,1,0,6,6,0,8,5751f0e3f43cae95e01054fd3d1c971b6261112a7e571fc5ddbe5aeaead80566
stress/record_invoice/delayed_unknown/44/unsupported/verify_only,stress/record_invoice/delayed_unknown/44,stress,record_invoice,delayed_unknown,44,unsupported,verify_only,0,1,1,1,1,0,0,1,1,0,0,1,0,1,3,3,1,8,5751f0e3f43cae95e01054fd3d1c971b6261112a7e571fc5ddbe5aeaead80566
stress/record_invoice/delayed_unknown/44/unsupported/paper_literal,stress/record_invoice/delayed_unknown/44,stress,record_invoice,delayed_unknown,44,unsupported,paper_literal,0,1,1,1,1,0,0,1,1,0,0,1,0,1,3,3,1,8,5751f0e3f43cae95e01054fd3d1c971b6261112a7e571fc5ddbe5aeaead80566
stress/record_invoice/delayed_unknown/44/unsupported/engineering,stress/record_invoice/delayed_unknown/44,stress,record_invoice,delayed_unknown,44,unsupported,engineering,1,1,1,1,1,0,0,0,0,0,0,1,0,2,3,3,2,8,5751f0e3f43cae95e01054fd3d1c971b6261112a7e571fc5ddbe5aeaead80566
stress/record_invoice/delayed_unknown/45/supported/retry_only,stress/record_invoice/delayed_unknown/45,stress,record_invoice,delayed_unknown,45,supported,retry_only,1,1,1,0,0,1,1,0,0,1,0,2,1,0,6,6,0,8,0f842f00bbad91eace0cae15274135b248a7ee657482bb33ba63367b00d0bc09
stress/record_invoice/delayed_unknown/45/supported/verify_only,stress/record_invoice/delayed_unknown/45,stress,record_invoice,delayed_unknown,45,supported,verify_only,0,1,1,1,1,0,0,1,1,0,0,1,0,1,3,3,1,8,0f842f00bbad91eace0cae15274135b248a7ee657482bb33ba63367b00d0bc09
stress/record_invoice/delayed_unknown/45/supported/paper_literal,stress/record_invoice/delayed_unknown/45,stress,record_invoice,delayed_unknown,45,supported,paper_literal,0,1,1,1,1,0,0,1,1,0,0,1,0,1,3,3,1,8,0f842f00bbad91eace0cae15274135b248a7ee657482bb33ba63367b00d0bc09
stress/record_invoice/delayed_unknown/45/supported/engineering,stress/record_invoice/delayed_unknown/45,stress,record_invoice,delayed_unknown,45,supported,engineering,1,1,1,1,1,0,0,0,0,0,0,1,0,2,3,3,2,8,0f842f00bbad91eace0cae15274135b248a7ee657482bb33ba63367b00d0bc09
stress/record_invoice/delayed_unknown/45/unsupported/retry_only,stress/record_invoice/delayed_unknown/45,stress,record_invoice,delayed_unknown,45,unsupported,retry_only,1,1,1,0,0,1,1,0,0,1,0,2,1,0,6,6,0,8,0f842f00bbad91eace0cae15274135b248a7ee657482bb33ba63367b00d0bc09
stress/record_invoice/delayed_unknown/45/unsupported/verify_only,stress/record_invoice/delayed_unknown/45,stress,record_invoice,delayed_unknown,45,unsupported,verify_only,0,1,1,1,1,0,0,1,1,0,0,1,0,1,3,3,1,8,0f842f00bbad91eace0cae15274135b248a7ee657482bb33ba63367b00d0bc09
stress/record_invoice/delayed_unknown/45/unsupported/paper_literal,stress/record_invoice/delayed_unknown/45,stress,record_invoice,delayed_unknown,45,unsupported,paper_literal,0,1,1,1,1,0,0,1,1,0,0,1,0,1,3,3,1,8,0f842f00bbad91eace0cae15274135b248a7ee657482bb33ba63367b00d0bc09
stress/record_invoice/delayed_unknown/45/unsupported/engineering,stress/record_invoice/delayed_unknown/45,stress,record_invoice,delayed_unknown,45,unsupported,engineering,1,1,1,1,1,0,0,0,0,0,0,1,0,2,3,3,2,8,0f842f00bbad91eace0cae15274135b248a7ee657482bb33ba63367b00d0bc09
stress/record_invoice/delayed_unknown/46/supported/retry_only,stress/record_invoice/delayed_unknown/46,stress,record_invoice,delayed_unknown,46,supported,retry_only,1,1,1,0,0,1,1,0,0,1,0,2,1,0,6,6,0,8,a08c8e2c5c9d9fd2abfa330d0952fa1d7b1148fd40829940d1ef9330a303e33b
stress/record_invoice/delayed_unknown/46/supported/verify_only,stress/record_invoice/delayed_unknown/46,stress,record_invoice,delayed_unknown,46,supported,verify_only,0,1,1,1,1,0,0,1,1,0,0,1,0,1,3,3,1,8,a08c8e2c5c9d9fd2abfa330d0952fa1d7b1148fd40829940d1ef9330a303e33b
stress/record_invoice/delayed_unknown/46/supported/paper_literal,stress/record_invoice/delayed_unknown/46,stress,record_invoice,delayed_unknown,46,supported,paper_literal,0,1,1,1,1,0,0,1,1,0,0,1,0,1,3,3,1,8,a08c8e2c5c9d9fd2abfa330d0952fa1d7b1148fd40829940d1ef9330a303e33b
stress/record_invoice/delayed_unknown/46/supported/engineering,stress/record_invoice/delayed_unknown/46,stress,record_invoice,delayed_unknown,46,supported,engineering,1,1,1,1,1,0,0,0,0,0,0,1,0,2,3,3,2,8,a08c8e2c5c9d9fd2abfa330d0952fa1d7b1148fd40829940d1ef9330a303e33b
stress/record_invoice/delayed_unknown/46/unsupported/retry_only,stress/record_invoice/delayed_unknown/46,stress,record_invoice,delayed_unknown,46,unsupported,retry_only,1,1,1,0,0,1,1,0,0,1,0,2,1,0,6,6,0,8,a08c8e2c5c9d9fd2abfa330d0952fa1d7b1148fd40829940d1ef9330a303e33b
stress/record_invoice/delayed_unknown/46/unsupported/verify_only,stress/record_invoice/delayed_unknown/46,stress,record_invoice,delayed_unknown,46,unsupported,verify_only,0,1,1,1,1,0,0,1,1,0,0,1,0,1,3,3,1,8,a08c8e2c5c9d9fd2abfa330d0952fa1d7b1148fd40829940d1ef9330a303e33b
stress/record_invoice/delayed_unknown/46/unsupported/paper_literal,stress/record_invoice/delayed_unknown/46,stress,record_invoice,delayed_unknown,46,unsupported,paper_literal,0,1,1,1,1,0,0,1,1,0,0,1,0,1,3,3,1,8,a08c8e2c5c9d9fd2abfa330d0952fa1d7b1148fd40829940d1ef9330a303e33b
stress/record_invoice/delayed_unknown/46/unsupported/engineering,stress/record_invoice/delayed_unknown/46,stress,record_invoice,delayed_unknown,46,unsupported,engineering,1,1,1,1,1,0,0,0,0,0,0,1,0,2,3,3,2,8,a08c8e2c5c9d9fd2abfa330d0952fa1d7b1148fd40829940d1ef9330a303e33b
stress/record_invoice/delayed_commit/42/supported/retry_only,stress/record_invoice/delayed_commit/42,stress,record_invoice,delayed_commit,42,supported,retry_only,1,1,1,1,0,0,1,0,0,1,0,2,1,0,3,6,0,8,fcdb103a68eaeef54c7f8d19e783149be0c916054fd694363a0d0c13d047c58f
stress/record_invoice/delayed_commit/42/supported/verify_only,stress/record_invoice/delayed_commit/42,stress,record_invoice,delayed_commit,42,supported,verify_only,0,0,1,0,1,0,0,0,1,0,0,1,0,1,0,3,1,8,fcdb103a68eaeef54c7f8d19e783149be0c916054fd694363a0d0c13d047c58f
stress/record_invoice/delayed_commit/42/supported/paper_literal,stress/record_invoice/delayed_commit/42,stress,record_invoice,delayed_commit,42,supported,paper_literal,0,0,1,0,1,0,0,0,1,0,0,2,1,1,0,3,1,8,fcdb103a68eaeef54c7f8d19e783149be0c916054fd694363a0d0c13d047c58f
stress/record_invoice/delayed_commit/42/supported/engineering,stress/record_invoice/delayed_commit/42,stress,record_invoice,delayed_commit,42,supported,engineering,1,1,1,1,1,0,0,0,0,0,0,2,1,3,3,3,2,8,fcdb103a68eaeef54c7f8d19e783149be0c916054fd694363a0d0c13d047c58f
stress/record_invoice/delayed_commit/42/unsupported/retry_only,stress/record_invoice/delayed_commit/42,stress,record_invoice,delayed_commit,42,unsupported,retry_only,1,1,1,1,0,0,1,0,0,1,0,2,1,0,3,6,0,8,fcdb103a68eaeef54c7f8d19e783149be0c916054fd694363a0d0c13d047c58f
stress/record_invoice/delayed_commit/42/unsupported/verify_only,stress/record_invoice/delayed_commit/42,stress,record_invoice,delayed_commit,42,unsupported,verify_only,0,0,1,0,1,0,0,0,1,0,0,1,0,1,0,3,1,8,fcdb103a68eaeef54c7f8d19e783149be0c916054fd694363a0d0c13d047c58f
stress/record_invoice/delayed_commit/42/unsupported/paper_literal,stress/record_invoice/delayed_commit/42,stress,record_invoice,delayed_commit,42,unsupported,paper_literal,0,1,1,1,0,0,0,1,0,1,0,2,1,1,3,6,1,8,fcdb103a68eaeef54c7f8d19e783149be0c916054fd694363a0d0c13d047c58f
stress/record_invoice/delayed_commit/42/unsupported/engineering,stress/record_invoice/delayed_commit/42,stress,record_invoice,delayed_commit,42,unsupported,engineering,1,1,1,1,0,0,1,0,0,1,0,2,1,2,3,6,1,8,fcdb103a68eaeef54c7f8d19e783149be0c916054fd694363a0d0c13d047c58f
stress/record_invoice/delayed_commit/43/supported/retry_only,stress/record_invoice/delayed_commit/43,stress,record_invoice,delayed_commit,43,supported,retry_only,1,1,1,1,0,0,1,0,0,1,0,2,1,0,3,6,0,8,83e0708c8a867abd80594dad8787386d58358f46b98b3b23215c9354da84be7c
stress/record_invoice/delayed_commit/43/supported/verify_only,stress/record_invoice/delayed_commit/43,stress,record_invoice,delayed_commit,43,supported,verify_only,0,0,1,0,1,0,0,0,1,0,0,1,0,1,0,3,1,8,83e0708c8a867abd80594dad8787386d58358f46b98b3b23215c9354da84be7c
stress/record_invoice/delayed_commit/43/supported/paper_literal,stress/record_invoice/delayed_commit/43,stress,record_invoice,delayed_commit,43,supported,paper_literal,0,0,1,0,1,0,0,0,1,0,0,2,1,1,0,3,1,8,83e0708c8a867abd80594dad8787386d58358f46b98b3b23215c9354da84be7c
stress/record_invoice/delayed_commit/43/supported/engineering,stress/record_invoice/delayed_commit/43,stress,record_invoice,delayed_commit,43,supported,engineering,1,1,1,1,1,0,0,0,0,0,0,2,1,3,3,3,2,8,83e0708c8a867abd80594dad8787386d58358f46b98b3b23215c9354da84be7c
stress/record_invoice/delayed_commit/43/unsupported/retry_only,stress/record_invoice/delayed_commit/43,stress,record_invoice,delayed_commit,43,unsupported,retry_only,1,1,1,1,0,0,1,0,0,1,0,2,1,0,3,6,0,8,83e0708c8a867abd80594dad8787386d58358f46b98b3b23215c9354da84be7c
stress/record_invoice/delayed_commit/43/unsupported/verify_only,stress/record_invoice/delayed_commit/43,stress,record_invoice,delayed_commit,43,unsupported,verify_only,0,0,1,0,1,0,0,0,1,0,0,1,0,1,0,3,1,8,83e0708c8a867abd80594dad8787386d58358f46b98b3b23215c9354da84be7c
stress/record_invoice/delayed_commit/43/unsupported/paper_literal,stress/record_invoice/delayed_commit/43,stress,record_invoice,delayed_commit,43,unsupported,paper_literal,0,1,1,1,0,0,0,1,0,1,0,2,1,1,3,6,1,8,83e0708c8a867abd80594dad8787386d58358f46b98b3b23215c9354da84be7c
stress/record_invoice/delayed_commit/43/unsupported/engineering,stress/record_invoice/delayed_commit/43,stress,record_invoice,delayed_commit,43,unsupported,engineering,1,1,1,1,0,0,1,0,0,1,0,2,1,2,3,6,1,8,83e0708c8a867abd80594dad8787386d58358f46b98b3b23215c9354da84be7c
stress/record_invoice/delayed_commit/44/supported/retry_only,stress/record_invoice/delayed_commit/44,stress,record_invoice,delayed_commit,44,supported,retry_only,1,1,1,1,0,0,1,0,0,1,0,2,1,0,3,6,0,8,26b63e6b7e18916184ca5e23e386fb99d7d86f64b37661f5f7ec2bac338a75dd
stress/record_invoice/delayed_commit/44/supported/verify_only,stress/record_invoice/delayed_commit/44,stress,record_invoice,delayed_commit,44,supported,verify_only,0,0,1,0,1,0,0,0,1,0,0,1,0,1,0,3,1,8,26b63e6b7e18916184ca5e23e386fb99d7d86f64b37661f5f7ec2bac338a75dd
stress/record_invoice/delayed_commit/44/supported/paper_literal,stress/record_invoice/delayed_commit/44,stress,record_invoice,delayed_commit,44,supported,paper_literal,0,0,1,0,1,0,0,0,1,0,0,2,1,1,0,3,1,8,26b63e6b7e18916184ca5e23e386fb99d7d86f64b37661f5f7ec2bac338a75dd
stress/record_invoice/delayed_commit/44/supported/engineering,stress/record_invoice/delayed_commit/44,stress,record_invoice,delayed_commit,44,supported,engineering,1,1,1,1,1,0,0,0,0,0,0,2,1,3,3,3,2,8,26b63e6b7e18916184ca5e23e386fb99d7d86f64b37661f5f7ec2bac338a75dd
stress/record_invoice/delayed_commit/44/unsupported/retry_only,stress/record_invoice/delayed_commit/44,stress,record_invoice,delayed_commit,44,unsupported,retry_only,1,1,1,1,0,0,1,0,0,1,0,2,1,0,3,6,0,8,26b63e6b7e18916184ca5e23e386fb99d7d86f64b37661f5f7ec2bac338a75dd
stress/record_invoice/delayed_commit/44/unsupported/verify_only,stress/record_invoice/delayed_commit/44,stress,record_invoice,delayed_commit,44,unsupported,verify_only,0,0,1,0,1,0,0,0,1,0,0,1,0,1,0,3,1,8,26b63e6b7e18916184ca5e23e386fb99d7d86f64b37661f5f7ec2bac338a75dd
stress/record_invoice/delayed_commit/44/unsupported/paper_literal,stress/record_invoice/delayed_commit/44,stress,record_invoice,delayed_commit,44,unsupported,paper_literal,0,1,1,1,0,0,0,1,0,1,0,2,1,1,3,6,1,8,26b63e6b7e18916184ca5e23e386fb99d7d86f64b37661f5f7ec2bac338a75dd
stress/record_invoice/delayed_commit/44/unsupported/engineering,stress/record_invoice/delayed_commit/44,stress,record_invoice,delayed_commit,44,unsupported,engineering,1,1,1,1,0,0,1,0,0,1,0,2,1,2,3,6,1,8,26b63e6b7e18916184ca5e23e386fb99d7d86f64b37661f5f7ec2bac338a75dd
stress/record_invoice/delayed_commit/45/supported/retry_only,stress/record_invoice/delayed_commit/45,stress,record_invoice,delayed_commit,45,supported,retry_only,1,1,1,1,0,0,1,0,0,1,0,2,1,0,3,6,0,8,fb8ca7f4f8c146c3b1f6b4712fe5fb752cc9cc23a6f55e5207e816f22ca7b209
stress/record_invoice/delayed_commit/45/supported/verify_only,stress/record_invoice/delayed_commit/45,stress,record_invoice,delayed_commit,45,supported,verify_only,0,0,1,0,1,0,0,0,1,0,0,1,0,1,0,3,1,8,fb8ca7f4f8c146c3b1f6b4712fe5fb752cc9cc23a6f55e5207e816f22ca7b209
stress/record_invoice/delayed_commit/45/supported/paper_literal,stress/record_invoice/delayed_commit/45,stress,record_invoice,delayed_commit,45,supported,paper_literal,0,0,1,0,1,0,0,0,1,0,0,2,1,1,0,3,1,8,fb8ca7f4f8c146c3b1f6b4712fe5fb752cc9cc23a6f55e5207e816f22ca7b209
stress/record_invoice/delayed_commit/45/supported/engineering,stress/record_invoice/delayed_commit/45,stress,record_invoice,delayed_commit,45,supported,engineering,1,1,1,1,1,0,0,0,0,0,0,2,1,3,3,3,2,8,fb8ca7f4f8c146c3b1f6b4712fe5fb752cc9cc23a6f55e5207e816f22ca7b209
stress/record_invoice/delayed_commit/45/unsupported/retry_only,stress/record_invoice/delayed_commit/45,stress,record_invoice,delayed_commit,45,unsupported,retry_only,1,1,1,1,0,0,1,0,0,1,0,2,1,0,3,6,0,8,fb8ca7f4f8c146c3b1f6b4712fe5fb752cc9cc23a6f55e5207e816f22ca7b209
stress/record_invoice/delayed_commit/45/unsupported/verify_only,stress/record_invoice/delayed_commit/45,stress,record_invoice,delayed_commit,45,unsupported,verify_only,0,0,1,0,1,0,0,0,1,0,0,1,0,1,0,3,1,8,fb8ca7f4f8c146c3b1f6b4712fe5fb752cc9cc23a6f55e5207e816f22ca7b209
stress/record_invoice/delayed_commit/45/unsupported/paper_literal,stress/record_invoice/delayed_commit/45,stress,record_invoice,delayed_commit,45,unsupported,paper_literal,0,1,1,1,0,0,0,1,0,1,0,2,1,1,3,6,1,8,fb8ca7f4f8c146c3b1f6b4712fe5fb752cc9cc23a6f55e5207e816f22ca7b209
stress/record_invoice/delayed_commit/45/unsupported/engineering,stress/record_invoice/delayed_commit/45,stress,record_invoice,delayed_commit,45,unsupported,engineering,1,1,1,1,0,0,1,0,0,1,0,2,1,2,3,6,1,8,fb8ca7f4f8c146c3b1f6b4712fe5fb752cc9cc23a6f55e5207e816f22ca7b209
stress/record_invoice/delayed_commit/46/supported/retry_only,stress/record_invoice/delayed_commit/46,stress,record_invoice,delayed_commit,46,supported,retry_only,1,1,1,1,0,0,1,0,0,1,0,2,1,0,3,6,0,8,1d3e4ac3996bc54e4a52b52b27bcba727cef7c0d12bba7dceb0616040f9f9cf9
stress/record_invoice/delayed_commit/46/supported/verify_only,stress/record_invoice/delayed_commit/46,stress,record_invoice,delayed_commit,46,supported,verify_only,0,0,1,0,1,0,0,0,1,0,0,1,0,1,0,3,1,8,1d3e4ac3996bc54e4a52b52b27bcba727cef7c0d12bba7dceb0616040f9f9cf9
stress/record_invoice/delayed_commit/46/supported/paper_literal,stress/record_invoice/delayed_commit/46,stress,record_invoice,delayed_commit,46,supported,paper_literal,0,0,1,0,1,0,0,0,1,0,0,2,1,1,0,3,1,8,1d3e4ac3996bc54e4a52b52b27bcba727cef7c0d12bba7dceb0616040f9f9cf9
stress/record_invoice/delayed_commit/46/supported/engineering,stress/record_invoice/delayed_commit/46,stress,record_invoice,delayed_commit,46,supported,engineering,1,1,1,1,1,0,0,0,0,0,0,2,1,3,3,3,2,8,1d3e4ac3996bc54e4a52b52b27bcba727cef7c0d12bba7dceb0616040f9f9cf9
stress/record_invoice/delayed_commit/46/unsupported/retry_only,stress/record_invoice/delayed_commit/46,stress,record_invoice,delayed_commit,46,unsupported,retry_only,1,1,1,1,0,0,1,0,0,1,0,2,1,0,3,6,0,8,1d3e4ac3996bc54e4a52b52b27bcba727cef7c0d12bba7dceb0616040f9f9cf9
stress/record_invoice/delayed_commit/46/unsupported/verify_only,stress/record_invoice/delayed_commit/46,stress,record_invoice,delayed_commit,46,unsupported,verify_only,0,0,1,0,1,0,0,0,1,0,0,1,0,1,0,3,1,8,1d3e4ac3996bc54e4a52b52b27bcba727cef7c0d12bba7dceb0616040f9f9cf9
stress/record_invoice/delayed_commit/46/unsupported/paper_literal,stress/record_invoice/delayed_commit/46,stress,record_invoice,delayed_commit,46,unsupported,paper_literal,0,1,1,1,0,0,0,1,0,1,0,2,1,1,3,6,1,8,1d3e4ac3996bc54e4a52b52b27bcba727cef7c0d12bba7dceb0616040f9f9cf9
stress/record_invoice/delayed_commit/46/unsupported/engineering,stress/record_invoice/delayed_commit/46,stress,record_invoice,delayed_commit,46,unsupported,engineering,1,1,1,1,0,0,1,0,0,1,0,2,1,2,3,6,1,8,1d3e4ac3996bc54e4a52b52b27bcba727cef7c0d12bba7dceb0616040f9f9cf9
stress/record_invoice/unknown_forever/42/supported/retry_only,stress/record_invoice/unknown_forever/42,stress,record_invoice,unknown_forever,42,supported,retry_only,1,1,1,1,1,0,0,0,0,0,0,2,1,0,3,3,0,8,a4dd820ae6988c719dd436cd3639c7a5b285cfd71aef0e0769532b5d5ee549fb
stress/record_invoice/unknown_forever/42/supported/verify_only,stress/record_invoice/unknown_forever/42,stress,record_invoice,unknown_forever,42,supported,verify_only,0,0,0,0,0,0,0,0,0,0,3,1,0,1,0,0,1,8,a4dd820ae6988c719dd436cd3639c7a5b285cfd71aef0e0769532b5d5ee549fb
stress/record_invoice/unknown_forever/42/supported/paper_literal,stress/record_invoice/unknown_forever/42,stress,record_invoice,unknown_forever,42,supported,paper_literal,0,0,0,0,0,0,0,0,0,0,3,1,0,1,0,0,1,8,a4dd820ae6988c719dd436cd3639c7a5b285cfd71aef0e0769532b5d5ee549fb
stress/record_invoice/unknown_forever/42/supported/engineering,stress/record_invoice/unknown_forever/42,stress,record_invoice,unknown_forever,42,supported,engineering,0,0,0,0,0,0,0,0,0,0,3,1,0,3,0,0,3,8,a4dd820ae6988c719dd436cd3639c7a5b285cfd71aef0e0769532b5d5ee549fb
stress/record_invoice/unknown_forever/42/unsupported/retry_only,stress/record_invoice/unknown_forever/42,stress,record_invoice,unknown_forever,42,unsupported,retry_only,1,1,1,1,1,0,0,0,0,0,0,2,1,0,3,3,0,8,a4dd820ae6988c719dd436cd3639c7a5b285cfd71aef0e0769532b5d5ee549fb
stress/record_invoice/unknown_forever/42/unsupported/verify_only,stress/record_invoice/unknown_forever/42,stress,record_invoice,unknown_forever,42,unsupported,verify_only,0,0,0,0,0,0,0,0,0,0,3,1,0,1,0,0,1,8,a4dd820ae6988c719dd436cd3639c7a5b285cfd71aef0e0769532b5d5ee549fb
stress/record_invoice/unknown_forever/42/unsupported/paper_literal,stress/record_invoice/unknown_forever/42,stress,record_invoice,unknown_forever,42,unsupported,paper_literal,0,0,0,0,0,0,0,0,0,0,3,1,0,1,0,0,1,8,a4dd820ae6988c719dd436cd3639c7a5b285cfd71aef0e0769532b5d5ee549fb
stress/record_invoice/unknown_forever/42/unsupported/engineering,stress/record_invoice/unknown_forever/42,stress,record_invoice,unknown_forever,42,unsupported,engineering,0,0,0,0,0,0,0,0,0,0,3,1,0,3,0,0,3,8,a4dd820ae6988c719dd436cd3639c7a5b285cfd71aef0e0769532b5d5ee549fb
stress/record_invoice/unknown_forever/43/supported/retry_only,stress/record_invoice/unknown_forever/43,stress,record_invoice,unknown_forever,43,supported,retry_only,1,1,1,1,1,0,0,0,0,0,0,2,1,0,3,3,0,8,4114e634a42f1eee86e185af3eb786bdc4dd5ca9abf1b9528723fa9773c230c2
stress/record_invoice/unknown_forever/43/supported/verify_only,stress/record_invoice/unknown_forever/43,stress,record_invoice,unknown_forever,43,supported,verify_only,0,0,0,0,0,0,0,0,0,0,3,1,0,1,0,0,1,8,4114e634a42f1eee86e185af3eb786bdc4dd5ca9abf1b9528723fa9773c230c2
stress/record_invoice/unknown_forever/43/supported/paper_literal,stress/record_invoice/unknown_forever/43,stress,record_invoice,unknown_forever,43,supported,paper_literal,0,0,0,0,0,0,0,0,0,0,3,1,0,1,0,0,1,8,4114e634a42f1eee86e185af3eb786bdc4dd5ca9abf1b9528723fa9773c230c2
stress/record_invoice/unknown_forever/43/supported/engineering,stress/record_invoice/unknown_forever/43,stress,record_invoice,unknown_forever,43,supported,engineering,0,0,0,0,0,0,0,0,0,0,3,1,0,3,0,0,3,8,4114e634a42f1eee86e185af3eb786bdc4dd5ca9abf1b9528723fa9773c230c2
stress/record_invoice/unknown_forever/43/unsupported/retry_only,stress/record_invoice/unknown_forever/43,stress,record_invoice,unknown_forever,43,unsupported,retry_only,1,1,1,1,1,0,0,0,0,0,0,2,1,0,3,3,0,8,4114e634a42f1eee86e185af3eb786bdc4dd5ca9abf1b9528723fa9773c230c2
stress/record_invoice/unknown_forever/43/unsupported/verify_only,stress/record_invoice/unknown_forever/43,stress,record_invoice,unknown_forever,43,unsupported,verify_only,0,0,0,0,0,0,0,0,0,0,3,1,0,1,0,0,1,8,4114e634a42f1eee86e185af3eb786bdc4dd5ca9abf1b9528723fa9773c230c2
stress/record_invoice/unknown_forever/43/unsupported/paper_literal,stress/record_invoice/unknown_forever/43,stress,record_invoice,unknown_forever,43,unsupported,paper_literal,0,0,0,0,0,0,0,0,0,0,3,1,0,1,0,0,1,8,4114e634a42f1eee86e185af3eb786bdc4dd5ca9abf1b9528723fa9773c230c2
stress/record_invoice/unknown_forever/43/unsupported/engineering,stress/record_invoice/unknown_forever/43,stress,record_invoice,unknown_forever,43,unsupported,engineering,0,0,0,0,0,0,0,0,0,0,3,1,0,3,0,0,3,8,4114e634a42f1eee86e185af3eb786bdc4dd5ca9abf1b9528723fa9773c230c2
stress/record_invoice/unknown_forever/44/supported/retry_only,stress/record_invoice/unknown_forever/44,stress,record_invoice,unknown_forever,44,supported,retry_only,1,1,1,1,1,0,0,0,0,0,0,2,1,0,3,3,0,8,0fdb2183f95941bfa3eff7dc0b560aa5d28067d6deb58ce394db48c549db41c4
stress/record_invoice/unknown_forever/44/supported/verify_only,stress/record_invoice/unknown_forever/44,stress,record_invoice,unknown_forever,44,supported,verify_only,0,0,0,0,0,0,0,0,0,0,3,1,0,1,0,0,1,8,0fdb2183f95941bfa3eff7dc0b560aa5d28067d6deb58ce394db48c549db41c4
stress/record_invoice/unknown_forever/44/supported/paper_literal,stress/record_invoice/unknown_forever/44,stress,record_invoice,unknown_forever,44,supported,paper_literal,0,0,0,0,0,0,0,0,0,0,3,1,0,1,0,0,1,8,0fdb2183f95941bfa3eff7dc0b560aa5d28067d6deb58ce394db48c549db41c4
stress/record_invoice/unknown_forever/44/supported/engineering,stress/record_invoice/unknown_forever/44,stress,record_invoice,unknown_forever,44,supported,engineering,0,0,0,0,0,0,0,0,0,0,3,1,0,3,0,0,3,8,0fdb2183f95941bfa3eff7dc0b560aa5d28067d6deb58ce394db48c549db41c4
stress/record_invoice/unknown_forever/44/unsupported/retry_only,stress/record_invoice/unknown_forever/44,stress,record_invoice,unknown_forever,44,unsupported,retry_only,1,1,1,1,1,0,0,0,0,0,0,2,1,0,3,3,0,8,0fdb2183f95941bfa3eff7dc0b560aa5d28067d6deb58ce394db48c549db41c4
stress/record_invoice/unknown_forever/44/unsupported/verify_only,stress/record_invoice/unknown_forever/44,stress,record_invoice,unknown_forever,44,unsupported,verify_only,0,0,0,0,0,0,0,0,0,0,3,1,0,1,0,0,1,8,0fdb2183f95941bfa3eff7dc0b560aa5d28067d6deb58ce394db48c549db41c4
stress/record_invoice/unknown_forever/44/unsupported/paper_literal,stress/record_invoice/unknown_forever/44,stress,record_invoice,unknown_forever,44,unsupported,paper_literal,0,0,0,0,0,0,0,0,0,0,3,1,0,1,0,0,1,8,0fdb2183f95941bfa3eff7dc0b560aa5d28067d6deb58ce394db48c549db41c4
stress/record_invoice/unknown_forever/44/unsupported/engineering,stress/record_invoice/unknown_forever/44,stress,record_invoice,unknown_forever,44,unsupported,engineering,0,0,0,0,0,0,0,0,0,0,3,1,0,3,0,0,3,8,0fdb2183f95941bfa3eff7dc0b560aa5d28067d6deb58ce394db48c549db41c4
stress/record_invoice/unknown_forever/45/supported/retry_only,stress/record_invoice/unknown_forever/45,stress,record_invoice,unknown_forever,45,supported,retry_only,1,1,1,1,1,0,0,0,0,0,0,2,1,0,3,3,0,8,75b69cb4f9871c408b63b06a20f5a5ec6e69413d5a9e0865fb8be385f1cf8bde
stress/record_invoice/unknown_forever/45/supported/verify_only,stress/record_invoice/unknown_forever/45,stress,record_invoice,unknown_forever,45,supported,verify_only,0,0,0,0,0,0,0,0,0,0,3,1,0,1,0,0,1,8,75b69cb4f9871c408b63b06a20f5a5ec6e69413d5a9e0865fb8be385f1cf8bde
stress/record_invoice/unknown_forever/45/supported/paper_literal,stress/record_invoice/unknown_forever/45,stress,record_invoice,unknown_forever,45,supported,paper_literal,0,0,0,0,0,0,0,0,0,0,3,1,0,1,0,0,1,8,75b69cb4f9871c408b63b06a20f5a5ec6e69413d5a9e0865fb8be385f1cf8bde
stress/record_invoice/unknown_forever/45/supported/engineering,stress/record_invoice/unknown_forever/45,stress,record_invoice,unknown_forever,45,supported,engineering,0,0,0,0,0,0,0,0,0,0,3,1,0,3,0,0,3,8,75b69cb4f9871c408b63b06a20f5a5ec6e69413d5a9e0865fb8be385f1cf8bde
stress/record_invoice/unknown_forever/45/unsupported/retry_only,stress/record_invoice/unknown_forever/45,stress,record_invoice,unknown_forever,45,unsupported,retry_only,1,1,1,1,1,0,0,0,0,0,0,2,1,0,3,3,0,8,75b69cb4f9871c408b63b06a20f5a5ec6e69413d5a9e0865fb8be385f1cf8bde
stress/record_invoice/unknown_forever/45/unsupported/verify_only,stress/record_invoice/unknown_forever/45,stress,record_invoice,unknown_forever,45,unsupported,verify_only,0,0,0,0,0,0,0,0,0,0,3,1,0,1,0,0,1,8,75b69cb4f9871c408b63b06a20f5a5ec6e69413d5a9e0865fb8be385f1cf8bde
stress/record_invoice/unknown_forever/45/unsupported/paper_literal,stress/record_invoice/unknown_forever/45,stress,record_invoice,unknown_forever,45,unsupported,paper_literal,0,0,0,0,0,0,0,0,0,0,3,1,0,1,0,0,1,8,75b69cb4f9871c408b63b06a20f5a5ec6e69413d5a9e0865fb8be385f1cf8bde
stress/record_invoice/unknown_forever/45/unsupported/engineering,stress/record_invoice/unknown_forever/45,stress,record_invoice,unknown_forever,45,unsupported,engineering,0,0,0,0,0,0,0,0,0,0,3,1,0,3,0,0,3,8,75b69cb4f9871c408b63b06a20f5a5ec6e69413d5a9e0865fb8be385f1cf8bde
stress/record_invoice/unknown_forever/46/supported/retry_only,stress/record_invoice/unknown_forever/46,stress,record_invoice,unknown_forever,46,supported,retry_only,1,1,1,1,1,0,0,0,0,0,0,2,1,0,3,3,0,8,95ad3d2277489449f4b09817b3d1bee6ae6ea48b1560f90751e4d9f773a1f4a3
stress/record_invoice/unknown_forever/46/supported/verify_only,stress/record_invoice/unknown_forever/46,stress,record_invoice,unknown_forever,46,supported,verify_only,0,0,0,0,0,0,0,0,0,0,3,1,0,1,0,0,1,8,95ad3d2277489449f4b09817b3d1bee6ae6ea48b1560f90751e4d9f773a1f4a3
stress/record_invoice/unknown_forever/46/supported/paper_literal,stress/record_invoice/unknown_forever/46,stress,record_invoice,unknown_forever,46,supported,paper_literal,0,0,0,0,0,0,0,0,0,0,3,1,0,1,0,0,1,8,95ad3d2277489449f4b09817b3d1bee6ae6ea48b1560f90751e4d9f773a1f4a3
stress/record_invoice/unknown_forever/46/supported/engineering,stress/record_invoice/unknown_forever/46,stress,record_invoice,unknown_forever,46,supported,engineering,0,0,0,0,0,0,0,0,0,0,3,1,0,3,0,0,3,8,95ad3d2277489449f4b09817b3d1bee6ae6ea48b1560f90751e4d9f773a1f4a3
stress/record_invoice/unknown_forever/46/unsupported/retry_only,stress/record_invoice/unknown_forever/46,stress,record_invoice,unknown_forever,46,unsupported,retry_only,1,1,1,1,1,0,0,0,0,0,0,2,1,0,3,3,0,8,95ad3d2277489449f4b09817b3d1bee6ae6ea48b1560f90751e4d9f773a1f4a3
stress/record_invoice/unknown_forever/46/unsupported/verify_only,stress/record_invoice/unknown_forever/46,stress,record_invoice,unknown_forever,46,unsupported,verify_only,0,0,0,0,0,0,0,0,0,0,3,1,0,1,0,0,1,8,95ad3d2277489449f4b09817b3d1bee6ae6ea48b1560f90751e4d9f773a1f4a3
stress/record_invoice/unknown_forever/46/unsupported/paper_literal,stress/record_invoice/unknown_forever/46,stress,record_invoice,unknown_forever,46,unsupported,paper_literal,0,0,0,0,0,0,0,0,0,0,3,1,0,1,0,0,1,8,95ad3d2277489449f4b09817b3d1bee6ae6ea48b1560f90751e4d9f773a1f4a3
stress/record_invoice/unknown_forever/46/unsupported/engineering,stress/record_invoice/unknown_forever/46,stress,record_invoice,unknown_forever,46,unsupported,engineering,0,0,0,0,0,0,0,0,0,0,3,1,0,3,0,0,3,8,95ad3d2277489449f4b09817b3d1bee6ae6ea48b1560f90751e4d9f773a1f4a3
stress/record_invoice/definitive_conflict/42/supported/retry_only,stress/record_invoice/definitive_conflict/42,stress,record_invoice,definitive_conflict,42,supported,retry_only,1,1,1,1,1,0,0,0,0,0,0,2,1,0,3,3,0,8,aacff9254a5057e2307636aa985a2bb8c8b7f7d75e2fb9069b95df8be956df50
stress/record_invoice/definitive_conflict/42/supported/verify_only,stress/record_invoice/definitive_conflict/42,stress,record_invoice,definitive_conflict,42,supported,verify_only,0,0,0,0,0,0,0,0,0,0,3,1,0,0,0,0,0,8,aacff9254a5057e2307636aa985a2bb8c8b7f7d75e2fb9069b95df8be956df50
stress/record_invoice/definitive_conflict/42/supported/paper_literal,stress/record_invoice/definitive_conflict/42,stress,record_invoice,definitive_conflict,42,supported,paper_literal,0,0,0,0,0,0,0,0,0,0,3,1,0,0,0,0,0,8,aacff9254a5057e2307636aa985a2bb8c8b7f7d75e2fb9069b95df8be956df50
stress/record_invoice/definitive_conflict/42/supported/engineering,stress/record_invoice/definitive_conflict/42,stress,record_invoice,definitive_conflict,42,supported,engineering,0,0,0,0,0,0,0,0,0,0,3,1,0,0,0,0,0,8,aacff9254a5057e2307636aa985a2bb8c8b7f7d75e2fb9069b95df8be956df50
stress/record_invoice/definitive_conflict/42/unsupported/retry_only,stress/record_invoice/definitive_conflict/42,stress,record_invoice,definitive_conflict,42,unsupported,retry_only,1,1,1,1,1,0,0,0,0,0,0,2,1,0,3,3,0,8,aacff9254a5057e2307636aa985a2bb8c8b7f7d75e2fb9069b95df8be956df50
stress/record_invoice/definitive_conflict/42/unsupported/verify_only,stress/record_invoice/definitive_conflict/42,stress,record_invoice,definitive_conflict,42,unsupported,verify_only,0,0,0,0,0,0,0,0,0,0,3,1,0,0,0,0,0,8,aacff9254a5057e2307636aa985a2bb8c8b7f7d75e2fb9069b95df8be956df50
stress/record_invoice/definitive_conflict/42/unsupported/paper_literal,stress/record_invoice/definitive_conflict/42,stress,record_invoice,definitive_conflict,42,unsupported,paper_literal,0,0,0,0,0,0,0,0,0,0,3,1,0,0,0,0,0,8,aacff9254a5057e2307636aa985a2bb8c8b7f7d75e2fb9069b95df8be956df50
stress/record_invoice/definitive_conflict/42/unsupported/engineering,stress/record_invoice/definitive_conflict/42,stress,record_invoice,definitive_conflict,42,unsupported,engineering,0,0,0,0,0,0,0,0,0,0,3,1,0,0,0,0,0,8,aacff9254a5057e2307636aa985a2bb8c8b7f7d75e2fb9069b95df8be956df50
stress/record_invoice/definitive_conflict/43/supported/retry_only,stress/record_invoice/definitive_conflict/43,stress,record_invoice,definitive_conflict,43,supported,retry_only,1,1,1,1,1,0,0,0,0,0,0,2,1,0,3,3,0,8,fbf8f2c78c7e25a08a132aaa1844f9354886e89b0d7bf9cf9dd124485439591b
stress/record_invoice/definitive_conflict/43/supported/verify_only,stress/record_invoice/definitive_conflict/43,stress,record_invoice,definitive_conflict,43,supported,verify_only,0,0,0,0,0,0,0,0,0,0,3,1,0,0,0,0,0,8,fbf8f2c78c7e25a08a132aaa1844f9354886e89b0d7bf9cf9dd124485439591b
stress/record_invoice/definitive_conflict/43/supported/paper_literal,stress/record_invoice/definitive_conflict/43,stress,record_invoice,definitive_conflict,43,supported,paper_literal,0,0,0,0,0,0,0,0,0,0,3,1,0,0,0,0,0,8,fbf8f2c78c7e25a08a132aaa1844f9354886e89b0d7bf9cf9dd124485439591b
stress/record_invoice/definitive_conflict/43/supported/engineering,stress/record_invoice/definitive_conflict/43,stress,record_invoice,definitive_conflict,43,supported,engineering,0,0,0,0,0,0,0,0,0,0,3,1,0,0,0,0,0,8,fbf8f2c78c7e25a08a132aaa1844f9354886e89b0d7bf9cf9dd124485439591b
stress/record_invoice/definitive_conflict/43/unsupported/retry_only,stress/record_invoice/definitive_conflict/43,stress,record_invoice,definitive_conflict,43,unsupported,retry_only,1,1,1,1,1,0,0,0,0,0,0,2,1,0,3,3,0,8,fbf8f2c78c7e25a08a132aaa1844f9354886e89b0d7bf9cf9dd124485439591b
stress/record_invoice/definitive_conflict/43/unsupported/verify_only,stress/record_invoice/definitive_conflict/43,stress,record_invoice,definitive_conflict,43,unsupported,verify_only,0,0,0,0,0,0,0,0,0,0,3,1,0,0,0,0,0,8,fbf8f2c78c7e25a08a132aaa1844f9354886e89b0d7bf9cf9dd124485439591b
stress/record_invoice/definitive_conflict/43/unsupported/paper_literal,stress/record_invoice/definitive_conflict/43,stress,record_invoice,definitive_conflict,43,unsupported,paper_literal,0,0,0,0,0,0,0,0,0,0,3,1,0,0,0,0,0,8,fbf8f2c78c7e25a08a132aaa1844f9354886e89b0d7bf9cf9dd124485439591b
stress/record_invoice/definitive_conflict/43/unsupported/engineering,stress/record_invoice/definitive_conflict/43,stress,record_invoice,definitive_conflict,43,unsupported,engineering,0,0,0,0,0,0,0,0,0,0,3,1,0,0,0,0,0,8,fbf8f2c78c7e25a08a132aaa1844f9354886e89b0d7bf9cf9dd124485439591b
stress/record_invoice/definitive_conflict/44/supported/retry_only,stress/record_invoice/definitive_conflict/44,stress,record_invoice,definitive_conflict,44,supported,retry_only,1,1,1,1,1,0,0,0,0,0,0,2,1,0,3,3,0,8,abad415ec6af7343989516a898448d47c9e81cae2324696a7355dca2ffe3e234
stress/record_invoice/definitive_conflict/44/supported/verify_only,stress/record_invoice/definitive_conflict/44,stress,record_invoice,definitive_conflict,44,supported,verify_only,0,0,0,0,0,0,0,0,0,0,3,1,0,0,0,0,0,8,abad415ec6af7343989516a898448d47c9e81cae2324696a7355dca2ffe3e234
stress/record_invoice/definitive_conflict/44/supported/paper_literal,stress/record_invoice/definitive_conflict/44,stress,record_invoice,definitive_conflict,44,supported,paper_literal,0,0,0,0,0,0,0,0,0,0,3,1,0,0,0,0,0,8,abad415ec6af7343989516a898448d47c9e81cae2324696a7355dca2ffe3e234
stress/record_invoice/definitive_conflict/44/supported/engineering,stress/record_invoice/definitive_conflict/44,stress,record_invoice,definitive_conflict,44,supported,engineering,0,0,0,0,0,0,0,0,0,0,3,1,0,0,0,0,0,8,abad415ec6af7343989516a898448d47c9e81cae2324696a7355dca2ffe3e234
stress/record_invoice/definitive_conflict/44/unsupported/retry_only,stress/record_invoice/definitive_conflict/44,stress,record_invoice,definitive_conflict,44,unsupported,retry_only,1,1,1,1,1,0,0,0,0,0,0,2,1,0,3,3,0,8,abad415ec6af7343989516a898448d47c9e81cae2324696a7355dca2ffe3e234
stress/record_invoice/definitive_conflict/44/unsupported/verify_only,stress/record_invoice/definitive_conflict/44,stress,record_invoice,definitive_conflict,44,unsupported,verify_only,0,0,0,0,0,0,0,0,0,0,3,1,0,0,0,0,0,8,abad415ec6af7343989516a898448d47c9e81cae2324696a7355dca2ffe3e234
stress/record_invoice/definitive_conflict/44/unsupported/paper_literal,stress/record_invoice/definitive_conflict/44,stress,record_invoice,definitive_conflict,44,unsupported,paper_literal,0,0,0,0,0,0,0,0,0,0,3,1,0,0,0,0,0,8,abad415ec6af7343989516a898448d47c9e81cae2324696a7355dca2ffe3e234
stress/record_invoice/definitive_conflict/44/unsupported/engineering,stress/record_invoice/definitive_conflict/44,stress,record_invoice,definitive_conflict,44,unsupported,engineering,0,0,0,0,0,0,0,0,0,0,3,1,0,0,0,0,0,8,abad415ec6af7343989516a898448d47c9e81cae2324696a7355dca2ffe3e234
stress/record_invoice/definitive_conflict/45/supported/retry_only,stress/record_invoice/definitive_conflict/45,stress,record_invoice,definitive_conflict,45,supported,retry_only,1,1,1,1,1,0,0,0,0,0,0,2,1,0,3,3,0,8,7bbdf129858242cae41652fe2ec2498519bc56518113241f5b8601c550a64d80
stress/record_invoice/definitive_conflict/45/supported/verify_only,stress/record_invoice/definitive_conflict/45,stress,record_invoice,definitive_conflict,45,supported,verify_only,0,0,0,0,0,0,0,0,0,0,3,1,0,0,0,0,0,8,7bbdf129858242cae41652fe2ec2498519bc56518113241f5b8601c550a64d80
stress/record_invoice/definitive_conflict/45/supported/paper_literal,stress/record_invoice/definitive_conflict/45,stress,record_invoice,definitive_conflict,45,supported,paper_literal,0,0,0,0,0,0,0,0,0,0,3,1,0,0,0,0,0,8,7bbdf129858242cae41652fe2ec2498519bc56518113241f5b8601c550a64d80
stress/record_invoice/definitive_conflict/45/supported/engineering,stress/record_invoice/definitive_conflict/45,stress,record_invoice,definitive_conflict,45,supported,engineering,0,0,0,0,0,0,0,0,0,0,3,1,0,0,0,0,0,8,7bbdf129858242cae41652fe2ec2498519bc56518113241f5b8601c550a64d80
stress/record_invoice/definitive_conflict/45/unsupported/retry_only,stress/record_invoice/definitive_conflict/45,stress,record_invoice,definitive_conflict,45,unsupported,retry_only,1,1,1,1,1,0,0,0,0,0,0,2,1,0,3,3,0,8,7bbdf129858242cae41652fe2ec2498519bc56518113241f5b8601c550a64d80
stress/record_invoice/definitive_conflict/45/unsupported/verify_only,stress/record_invoice/definitive_conflict/45,stress,record_invoice,definitive_conflict,45,unsupported,verify_only,0,0,0,0,0,0,0,0,0,0,3,1,0,0,0,0,0,8,7bbdf129858242cae41652fe2ec2498519bc56518113241f5b8601c550a64d80
stress/record_invoice/definitive_conflict/45/unsupported/paper_literal,stress/record_invoice/definitive_conflict/45,stress,record_invoice,definitive_conflict,45,unsupported,paper_literal,0,0,0,0,0,0,0,0,0,0,3,1,0,0,0,0,0,8,7bbdf129858242cae41652fe2ec2498519bc56518113241f5b8601c550a64d80
stress/record_invoice/definitive_conflict/45/unsupported/engineering,stress/record_invoice/definitive_conflict/45,stress,record_invoice,definitive_conflict,45,unsupported,engineering,0,0,0,0,0,0,0,0,0,0,3,1,0,0,0,0,0,8,7bbdf129858242cae41652fe2ec2498519bc56518113241f5b8601c550a64d80
stress/record_invoice/definitive_conflict/46/supported/retry_only,stress/record_invoice/definitive_conflict/46,stress,record_invoice,definitive_conflict,46,supported,retry_only,1,1,1,1,1,0,0,0,0,0,0,2,1,0,3,3,0,8,2a2a175c7fa4334ad1fac438251882c7127242a2d1e9ffeeade01f882389293c
stress/record_invoice/definitive_conflict/46/supported/verify_only,stress/record_invoice/definitive_conflict/46,stress,record_invoice,definitive_conflict,46,supported,verify_only,0,0,0,0,0,0,0,0,0,0,3,1,0,0,0,0,0,8,2a2a175c7fa4334ad1fac438251882c7127242a2d1e9ffeeade01f882389293c
stress/record_invoice/definitive_conflict/46/supported/paper_literal,stress/record_invoice/definitive_conflict/46,stress,record_invoice,definitive_conflict,46,supported,paper_literal,0,0,0,0,0,0,0,0,0,0,3,1,0,0,0,0,0,8,2a2a175c7fa4334ad1fac438251882c7127242a2d1e9ffeeade01f882389293c
stress/record_invoice/definitive_conflict/46/supported/engineering,stress/record_invoice/definitive_conflict/46,stress,record_invoice,definitive_conflict,46,supported,engineering,0,0,0,0,0,0,0,0,0,0,3,1,0,0,0,0,0,8,2a2a175c7fa4334ad1fac438251882c7127242a2d1e9ffeeade01f882389293c
stress/record_invoice/definitive_conflict/46/unsupported/retry_only,stress/record_invoice/definitive_conflict/46,stress,record_invoice,definitive_conflict,46,unsupported,retry_only,1,1,1,1,1,0,0,0,0,0,0,2,1,0,3,3,0,8,2a2a175c7fa4334ad1fac438251882c7127242a2d1e9ffeeade01f882389293c
stress/record_invoice/definitive_conflict/46/unsupported/verify_only,stress/record_invoice/definitive_conflict/46,stress,record_invoice,definitive_conflict,46,unsupported,verify_only,0,0,0,0,0,0,0,0,0,0,3,1,0,0,0,0,0,8,2a2a175c7fa4334ad1fac438251882c7127242a2d1e9ffeeade01f882389293c
stress/record_invoice/definitive_conflict/46/unsupported/paper_literal,stress/record_invoice/definitive_conflict/46,stress,record_invoice,definitive_conflict,46,unsupported,paper_literal,0,0,0,0,0,0,0,0,0,0,3,1,0,0,0,0,0,8,2a2a175c7fa4334ad1fac438251882c7127242a2d1e9ffeeade01f882389293c
stress/record_invoice/definitive_conflict/46/unsupported/engineering,stress/record_invoice/definitive_conflict/46,stress,record_invoice,definitive_conflict,46,unsupported,engineering,0,0,0,0,0,0,0,0,0,0,3,1,0,0,0,0,0,8,2a2a175c7fa4334ad1fac438251882c7127242a2d1e9ffeeade01f882389293c
stress/record_invoice/partial_ambiguous/42/supported/retry_only,stress/record_invoice/partial_ambiguous/42,stress,record_invoice,partial_ambiguous,42,supported,retry_only,1,1,1,0,0,1,1,0,0,1,0,2,1,0,5,5,0,8,912fe08cea4effbd813bba520fe34163ad38252fd234002a7867b7671b435d4c
stress/record_invoice/partial_ambiguous/42/supported/verify_only,stress/record_invoice/partial_ambiguous/42,stress,record_invoice,partial_ambiguous,42,supported,verify_only,1,0,0,0,0,1,1,0,0,0,1,1,0,1,2,2,1,8,912fe08cea4effbd813bba520fe34163ad38252fd234002a7867b7671b435d4c
stress/record_invoice/partial_ambiguous/42/supported/paper_literal,stress/record_invoice/partial_ambiguous/42,stress,record_invoice,partial_ambiguous,42,supported,paper_literal,1,0,0,0,0,1,1,0,0,0,1,1,0,1,2,2,1,8,912fe08cea4effbd813bba520fe34163ad38252fd234002a7867b7671b435d4c
stress/record_invoice/partial_ambiguous/42/supported/engineering,stress/record_invoice/partial_ambiguous/42,stress,record_invoice,partial_ambiguous,42,supported,engineering,1,1,1,1,1,0,0,0,0,0,0,2,1,2,3,3,1,8,912fe08cea4effbd813bba520fe34163ad38252fd234002a7867b7671b435d4c
stress/record_invoice/partial_ambiguous/42/unsupported/retry_only,stress/record_invoice/partial_ambiguous/42,stress,record_invoice,partial_ambiguous,42,unsupported,retry_only,1,1,1,0,0,1,1,0,0,1,0,2,1,0,5,5,0,8,912fe08cea4effbd813bba520fe34163ad38252fd234002a7867b7671b435d4c
stress/record_invoice/partial_ambiguous/42/unsupported/verify_only,stress/record_invoice/partial_ambiguous/42,stress,record_invoice,partial_ambiguous,42,unsupported,verify_only,1,0,0,0,0,1,1,0,0,0,1,1,0,1,2,2,1,8,912fe08cea4effbd813bba520fe34163ad38252fd234002a7867b7671b435d4c
stress/record_invoice/partial_ambiguous/42/unsupported/paper_literal,stress/record_invoice/partial_ambiguous/42,stress,record_invoice,partial_ambiguous,42,unsupported,paper_literal,1,0,0,0,0,1,1,0,0,0,1,1,0,1,2,2,1,8,912fe08cea4effbd813bba520fe34163ad38252fd234002a7867b7671b435d4c
stress/record_invoice/partial_ambiguous/42/unsupported/engineering,stress/record_invoice/partial_ambiguous/42,stress,record_invoice,partial_ambiguous,42,unsupported,engineering,0,1,1,0,0,0,0,0,0,1,0,2,1,3,5,5,2,8,912fe08cea4effbd813bba520fe34163ad38252fd234002a7867b7671b435d4c
stress/record_invoice/partial_ambiguous/43/supported/retry_only,stress/record_invoice/partial_ambiguous/43,stress,record_invoice,partial_ambiguous,43,supported,retry_only,1,1,1,0,0,1,1,0,0,1,0,2,1,0,5,5,0,8,6d3480a857fc74a734dd82c95ee4e1d68d368c2059c9e821230aeea1458c93e8
stress/record_invoice/partial_ambiguous/43/supported/verify_only,stress/record_invoice/partial_ambiguous/43,stress,record_invoice,partial_ambiguous,43,supported,verify_only,1,0,0,0,0,1,1,0,0,0,1,1,0,1,2,2,1,8,6d3480a857fc74a734dd82c95ee4e1d68d368c2059c9e821230aeea1458c93e8
stress/record_invoice/partial_ambiguous/43/supported/paper_literal,stress/record_invoice/partial_ambiguous/43,stress,record_invoice,partial_ambiguous,43,supported,paper_literal,1,0,0,0,0,1,1,0,0,0,1,1,0,1,2,2,1,8,6d3480a857fc74a734dd82c95ee4e1d68d368c2059c9e821230aeea1458c93e8
stress/record_invoice/partial_ambiguous/43/supported/engineering,stress/record_invoice/partial_ambiguous/43,stress,record_invoice,partial_ambiguous,43,supported,engineering,1,1,1,1,1,0,0,0,0,0,0,2,1,2,3,3,1,8,6d3480a857fc74a734dd82c95ee4e1d68d368c2059c9e821230aeea1458c93e8
stress/record_invoice/partial_ambiguous/43/unsupported/retry_only,stress/record_invoice/partial_ambiguous/43,stress,record_invoice,partial_ambiguous,43,unsupported,retry_only,1,1,1,0,0,1,1,0,0,1,0,2,1,0,5,5,0,8,6d3480a857fc74a734dd82c95ee4e1d68d368c2059c9e821230aeea1458c93e8
stress/record_invoice/partial_ambiguous/43/unsupported/verify_only,stress/record_invoice/partial_ambiguous/43,stress,record_invoice,partial_ambiguous,43,unsupported,verify_only,1,0,0,0,0,1,1,0,0,0,1,1,0,1,2,2,1,8,6d3480a857fc74a734dd82c95ee4e1d68d368c2059c9e821230aeea1458c93e8
stress/record_invoice/partial_ambiguous/43/unsupported/paper_literal,stress/record_invoice/partial_ambiguous/43,stress,record_invoice,partial_ambiguous,43,unsupported,paper_literal,1,0,0,0,0,1,1,0,0,0,1,1,0,1,2,2,1,8,6d3480a857fc74a734dd82c95ee4e1d68d368c2059c9e821230aeea1458c93e8
stress/record_invoice/partial_ambiguous/43/unsupported/engineering,stress/record_invoice/partial_ambiguous/43,stress,record_invoice,partial_ambiguous,43,unsupported,engineering,0,1,1,0,0,0,0,0,0,1,0,2,1,3,5,5,2,8,6d3480a857fc74a734dd82c95ee4e1d68d368c2059c9e821230aeea1458c93e8
stress/record_invoice/partial_ambiguous/44/supported/retry_only,stress/record_invoice/partial_ambiguous/44,stress,record_invoice,partial_ambiguous,44,supported,retry_only,1,1,1,0,0,1,1,0,0,1,0,2,1,0,5,5,0,8,e95289eb99e2ce04430f27f5a2c272aedb554009c4595bfb7ae9817f411f0143
stress/record_invoice/partial_ambiguous/44/supported/verify_only,stress/record_invoice/partial_ambiguous/44,stress,record_invoice,partial_ambiguous,44,supported,verify_only,1,0,0,0,0,1,1,0,0,0,1,1,0,1,2,2,1,8,e95289eb99e2ce04430f27f5a2c272aedb554009c4595bfb7ae9817f411f0143
stress/record_invoice/partial_ambiguous/44/supported/paper_literal,stress/record_invoice/partial_ambiguous/44,stress,record_invoice,partial_ambiguous,44,supported,paper_literal,1,0,0,0,0,1,1,0,0,0,1,1,0,1,2,2,1,8,e95289eb99e2ce04430f27f5a2c272aedb554009c4595bfb7ae9817f411f0143
stress/record_invoice/partial_ambiguous/44/supported/engineering,stress/record_invoice/partial_ambiguous/44,stress,record_invoice,partial_ambiguous,44,supported,engineering,1,1,1,1,1,0,0,0,0,0,0,2,1,2,3,3,1,8,e95289eb99e2ce04430f27f5a2c272aedb554009c4595bfb7ae9817f411f0143
stress/record_invoice/partial_ambiguous/44/unsupported/retry_only,stress/record_invoice/partial_ambiguous/44,stress,record_invoice,partial_ambiguous,44,unsupported,retry_only,1,1,1,0,0,1,1,0,0,1,0,2,1,0,5,5,0,8,e95289eb99e2ce04430f27f5a2c272aedb554009c4595bfb7ae9817f411f0143
stress/record_invoice/partial_ambiguous/44/unsupported/verify_only,stress/record_invoice/partial_ambiguous/44,stress,record_invoice,partial_ambiguous,44,unsupported,verify_only,1,0,0,0,0,1,1,0,0,0,1,1,0,1,2,2,1,8,e95289eb99e2ce04430f27f5a2c272aedb554009c4595bfb7ae9817f411f0143
stress/record_invoice/partial_ambiguous/44/unsupported/paper_literal,stress/record_invoice/partial_ambiguous/44,stress,record_invoice,partial_ambiguous,44,unsupported,paper_literal,1,0,0,0,0,1,1,0,0,0,1,1,0,1,2,2,1,8,e95289eb99e2ce04430f27f5a2c272aedb554009c4595bfb7ae9817f411f0143
stress/record_invoice/partial_ambiguous/44/unsupported/engineering,stress/record_invoice/partial_ambiguous/44,stress,record_invoice,partial_ambiguous,44,unsupported,engineering,0,1,1,0,0,0,0,0,0,1,0,2,1,3,5,5,2,8,e95289eb99e2ce04430f27f5a2c272aedb554009c4595bfb7ae9817f411f0143
stress/record_invoice/partial_ambiguous/45/supported/retry_only,stress/record_invoice/partial_ambiguous/45,stress,record_invoice,partial_ambiguous,45,supported,retry_only,1,1,1,0,0,1,1,0,0,1,0,2,1,0,5,5,0,8,d8ac66376811de479393e0092f546e0efdb2f021c4ee67da03127ca971b3848b
stress/record_invoice/partial_ambiguous/45/supported/verify_only,stress/record_invoice/partial_ambiguous/45,stress,record_invoice,partial_ambiguous,45,supported,verify_only,1,0,0,0,0,1,1,0,0,0,1,1,0,1,2,2,1,8,d8ac66376811de479393e0092f546e0efdb2f021c4ee67da03127ca971b3848b
stress/record_invoice/partial_ambiguous/45/supported/paper_literal,stress/record_invoice/partial_ambiguous/45,stress,record_invoice,partial_ambiguous,45,supported,paper_literal,1,0,0,0,0,1,1,0,0,0,1,1,0,1,2,2,1,8,d8ac66376811de479393e0092f546e0efdb2f021c4ee67da03127ca971b3848b
stress/record_invoice/partial_ambiguous/45/supported/engineering,stress/record_invoice/partial_ambiguous/45,stress,record_invoice,partial_ambiguous,45,supported,engineering,1,1,1,1,1,0,0,0,0,0,0,2,1,2,3,3,1,8,d8ac66376811de479393e0092f546e0efdb2f021c4ee67da03127ca971b3848b
stress/record_invoice/partial_ambiguous/45/unsupported/retry_only,stress/record_invoice/partial_ambiguous/45,stress,record_invoice,partial_ambiguous,45,unsupported,retry_only,1,1,1,0,0,1,1,0,0,1,0,2,1,0,5,5,0,8,d8ac66376811de479393e0092f546e0efdb2f021c4ee67da03127ca971b3848b
stress/record_invoice/partial_ambiguous/45/unsupported/verify_only,stress/record_invoice/partial_ambiguous/45,stress,record_invoice,partial_ambiguous,45,unsupported,verify_only,1,0,0,0,0,1,1,0,0,0,1,1,0,1,2,2,1,8,d8ac66376811de479393e0092f546e0efdb2f021c4ee67da03127ca971b3848b
stress/record_invoice/partial_ambiguous/45/unsupported/paper_literal,stress/record_invoice/partial_ambiguous/45,stress,record_invoice,partial_ambiguous,45,unsupported,paper_literal,1,0,0,0,0,1,1,0,0,0,1,1,0,1,2,2,1,8,d8ac66376811de479393e0092f546e0efdb2f021c4ee67da03127ca971b3848b
stress/record_invoice/partial_ambiguous/45/unsupported/engineering,stress/record_invoice/partial_ambiguous/45,stress,record_invoice,partial_ambiguous,45,unsupported,engineering,0,1,1,0,0,0,0,0,0,1,0,2,1,3,5,5,2,8,d8ac66376811de479393e0092f546e0efdb2f021c4ee67da03127ca971b3848b
stress/record_invoice/partial_ambiguous/46/supported/retry_only,stress/record_invoice/partial_ambiguous/46,stress,record_invoice,partial_ambiguous,46,supported,retry_only,1,1,1,0,0,1,1,0,0,1,0,2,1,0,5,5,0,8,5bac00418eb36e96371f673e81db63f8728530d7a3e8fd6adaeb70853f0ed832
stress/record_invoice/partial_ambiguous/46/supported/verify_only,stress/record_invoice/partial_ambiguous/46,stress,record_invoice,partial_ambiguous,46,supported,verify_only,1,0,0,0,0,1,1,0,0,0,1,1,0,1,2,2,1,8,5bac00418eb36e96371f673e81db63f8728530d7a3e8fd6adaeb70853f0ed832
stress/record_invoice/partial_ambiguous/46/supported/paper_literal,stress/record_invoice/partial_ambiguous/46,stress,record_invoice,partial_ambiguous,46,supported,paper_literal,1,0,0,0,0,1,1,0,0,0,1,1,0,1,2,2,1,8,5bac00418eb36e96371f673e81db63f8728530d7a3e8fd6adaeb70853f0ed832
stress/record_invoice/partial_ambiguous/46/supported/engineering,stress/record_invoice/partial_ambiguous/46,stress,record_invoice,partial_ambiguous,46,supported,engineering,1,1,1,1,1,0,0,0,0,0,0,2,1,2,3,3,1,8,5bac00418eb36e96371f673e81db63f8728530d7a3e8fd6adaeb70853f0ed832
stress/record_invoice/partial_ambiguous/46/unsupported/retry_only,stress/record_invoice/partial_ambiguous/46,stress,record_invoice,partial_ambiguous,46,unsupported,retry_only,1,1,1,0,0,1,1,0,0,1,0,2,1,0,5,5,0,8,5bac00418eb36e96371f673e81db63f8728530d7a3e8fd6adaeb70853f0ed832
stress/record_invoice/partial_ambiguous/46/unsupported/verify_only,stress/record_invoice/partial_ambiguous/46,stress,record_invoice,partial_ambiguous,46,unsupported,verify_only,1,0,0,0,0,1,1,0,0,0,1,1,0,1,2,2,1,8,5bac00418eb36e96371f673e81db63f8728530d7a3e8fd6adaeb70853f0ed832
stress/record_invoice/partial_ambiguous/46/unsupported/paper_literal,stress/record_invoice/partial_ambiguous/46,stress,record_invoice,partial_ambiguous,46,unsupported,paper_literal,1,0,0,0,0,1,1,0,0,0,1,1,0,1,2,2,1,8,5bac00418eb36e96371f673e81db63f8728530d7a3e8fd6adaeb70853f0ed832
stress/record_invoice/partial_ambiguous/46/unsupported/engineering,stress/record_invoice/partial_ambiguous/46,stress,record_invoice,partial_ambiguous,46,unsupported,engineering,0,1,1,0,0,0,0,0,0,1,0,2,1,3,5,5,2,8,5bac00418eb36e96371f673e81db63f8728530d7a3e8fd6adaeb70853f0ed832
stress/record_invoice/commit_after_budget/42/supported/retry_only,stress/record_invoice/commit_after_budget/42,stress,record_invoice,commit_after_budget,42,supported,retry_only,1,1,1,1,0,0,1,0,0,1,0,2,1,0,3,6,0,8,60c0157080cc2340ae6c2ac78b59fa58047cf1e469b7e464d14741d43105cd08
stress/record_invoice/commit_after_budget/42/supported/verify_only,stress/record_invoice/commit_after_budget/42,stress,record_invoice,commit_after_budget,42,supported,verify_only,0,0,1,0,1,0,0,0,1,0,0,1,0,1,0,3,1,8,60c0157080cc2340ae6c2ac78b59fa58047cf1e469b7e464d14741d43105cd08
stress/record_invoice/commit_after_budget/42/supported/paper_literal,stress/record_invoice/commit_after_budget/42,stress,record_invoice,commit_after_budget,42,supported,paper_literal,0,0,1,0,1,0,0,0,1,0,0,1,0,1,0,3,1,8,60c0157080cc2340ae6c2ac78b59fa58047cf1e469b7e464d14741d43105cd08
stress/record_invoice/commit_after_budget/42/supported/engineering,stress/record_invoice/commit_after_budget/42,stress,record_invoice,commit_after_budget,42,supported,engineering,0,0,1,0,1,0,0,0,1,0,0,1,0,3,0,3,3,8,60c0157080cc2340ae6c2ac78b59fa58047cf1e469b7e464d14741d43105cd08
stress/record_invoice/commit_after_budget/42/unsupported/retry_only,stress/record_invoice/commit_after_budget/42,stress,record_invoice,commit_after_budget,42,unsupported,retry_only,1,1,1,1,0,0,1,0,0,1,0,2,1,0,3,6,0,8,60c0157080cc2340ae6c2ac78b59fa58047cf1e469b7e464d14741d43105cd08
stress/record_invoice/commit_after_budget/42/unsupported/verify_only,stress/record_invoice/commit_after_budget/42,stress,record_invoice,commit_after_budget,42,unsupported,verify_only,0,0,1,0,1,0,0,0,1,0,0,1,0,1,0,3,1,8,60c0157080cc2340ae6c2ac78b59fa58047cf1e469b7e464d14741d43105cd08
stress/record_invoice/commit_after_budget/42/unsupported/paper_literal,stress/record_invoice/commit_after_budget/42,stress,record_invoice,commit_after_budget,42,unsupported,paper_literal,0,0,1,0,1,0,0,0,1,0,0,1,0,1,0,3,1,8,60c0157080cc2340ae6c2ac78b59fa58047cf1e469b7e464d14741d43105cd08
stress/record_invoice/commit_after_budget/42/unsupported/engineering,stress/record_invoice/commit_after_budget/42,stress,record_invoice,commit_after_budget,42,unsupported,engineering,0,0,1,0,1,0,0,0,1,0,0,1,0,3,0,3,3,8,60c0157080cc2340ae6c2ac78b59fa58047cf1e469b7e464d14741d43105cd08
stress/record_invoice/commit_after_budget/43/supported/retry_only,stress/record_invoice/commit_after_budget/43,stress,record_invoice,commit_after_budget,43,supported,retry_only,1,1,1,1,0,0,1,0,0,1,0,2,1,0,3,6,0,8,84694d30655bc54fe548c7bf20d99514bfcacca5fd29b060129f67ea88cb899e
stress/record_invoice/commit_after_budget/43/supported/verify_only,stress/record_invoice/commit_after_budget/43,stress,record_invoice,commit_after_budget,43,supported,verify_only,0,0,1,0,1,0,0,0,1,0,0,1,0,1,0,3,1,8,84694d30655bc54fe548c7bf20d99514bfcacca5fd29b060129f67ea88cb899e
stress/record_invoice/commit_after_budget/43/supported/paper_literal,stress/record_invoice/commit_after_budget/43,stress,record_invoice,commit_after_budget,43,supported,paper_literal,0,0,1,0,1,0,0,0,1,0,0,1,0,1,0,3,1,8,84694d30655bc54fe548c7bf20d99514bfcacca5fd29b060129f67ea88cb899e
stress/record_invoice/commit_after_budget/43/supported/engineering,stress/record_invoice/commit_after_budget/43,stress,record_invoice,commit_after_budget,43,supported,engineering,0,0,1,0,1,0,0,0,1,0,0,1,0,3,0,3,3,8,84694d30655bc54fe548c7bf20d99514bfcacca5fd29b060129f67ea88cb899e
stress/record_invoice/commit_after_budget/43/unsupported/retry_only,stress/record_invoice/commit_after_budget/43,stress,record_invoice,commit_after_budget,43,unsupported,retry_only,1,1,1,1,0,0,1,0,0,1,0,2,1,0,3,6,0,8,84694d30655bc54fe548c7bf20d99514bfcacca5fd29b060129f67ea88cb899e
stress/record_invoice/commit_after_budget/43/unsupported/verify_only,stress/record_invoice/commit_after_budget/43,stress,record_invoice,commit_after_budget,43,unsupported,verify_only,0,0,1,0,1,0,0,0,1,0,0,1,0,1,0,3,1,8,84694d30655bc54fe548c7bf20d99514bfcacca5fd29b060129f67ea88cb899e
stress/record_invoice/commit_after_budget/43/unsupported/paper_literal,stress/record_invoice/commit_after_budget/43,stress,record_invoice,commit_after_budget,43,unsupported,paper_literal,0,0,1,0,1,0,0,0,1,0,0,1,0,1,0,3,1,8,84694d30655bc54fe548c7bf20d99514bfcacca5fd29b060129f67ea88cb899e
stress/record_invoice/commit_after_budget/43/unsupported/engineering,stress/record_invoice/commit_after_budget/43,stress,record_invoice,commit_after_budget,43,unsupported,engineering,0,0,1,0,1,0,0,0,1,0,0,1,0,3,0,3,3,8,84694d30655bc54fe548c7bf20d99514bfcacca5fd29b060129f67ea88cb899e
stress/record_invoice/commit_after_budget/44/supported/retry_only,stress/record_invoice/commit_after_budget/44,stress,record_invoice,commit_after_budget,44,supported,retry_only,1,1,1,1,0,0,1,0,0,1,0,2,1,0,3,6,0,8,da8278bee36e82acb5c5b729c51e96165952b3b594fc513cdfd5b5f0d6af05ab
stress/record_invoice/commit_after_budget/44/supported/verify_only,stress/record_invoice/commit_after_budget/44,stress,record_invoice,commit_after_budget,44,supported,verify_only,0,0,1,0,1,0,0,0,1,0,0,1,0,1,0,3,1,8,da8278bee36e82acb5c5b729c51e96165952b3b594fc513cdfd5b5f0d6af05ab
stress/record_invoice/commit_after_budget/44/supported/paper_literal,stress/record_invoice/commit_after_budget/44,stress,record_invoice,commit_after_budget,44,supported,paper_literal,0,0,1,0,1,0,0,0,1,0,0,1,0,1,0,3,1,8,da8278bee36e82acb5c5b729c51e96165952b3b594fc513cdfd5b5f0d6af05ab
stress/record_invoice/commit_after_budget/44/supported/engineering,stress/record_invoice/commit_after_budget/44,stress,record_invoice,commit_after_budget,44,supported,engineering,0,0,1,0,1,0,0,0,1,0,0,1,0,3,0,3,3,8,da8278bee36e82acb5c5b729c51e96165952b3b594fc513cdfd5b5f0d6af05ab
stress/record_invoice/commit_after_budget/44/unsupported/retry_only,stress/record_invoice/commit_after_budget/44,stress,record_invoice,commit_after_budget,44,unsupported,retry_only,1,1,1,1,0,0,1,0,0,1,0,2,1,0,3,6,0,8,da8278bee36e82acb5c5b729c51e96165952b3b594fc513cdfd5b5f0d6af05ab
stress/record_invoice/commit_after_budget/44/unsupported/verify_only,stress/record_invoice/commit_after_budget/44,stress,record_invoice,commit_after_budget,44,unsupported,verify_only,0,0,1,0,1,0,0,0,1,0,0,1,0,1,0,3,1,8,da8278bee36e82acb5c5b729c51e96165952b3b594fc513cdfd5b5f0d6af05ab
stress/record_invoice/commit_after_budget/44/unsupported/paper_literal,stress/record_invoice/commit_after_budget/44,stress,record_invoice,commit_after_budget,44,unsupported,paper_literal,0,0,1,0,1,0,0,0,1,0,0,1,0,1,0,3,1,8,da8278bee36e82acb5c5b729c51e96165952b3b594fc513cdfd5b5f0d6af05ab
stress/record_invoice/commit_after_budget/44/unsupported/engineering,stress/record_invoice/commit_after_budget/44,stress,record_invoice,commit_after_budget,44,unsupported,engineering,0,0,1,0,1,0,0,0,1,0,0,1,0,3,0,3,3,8,da8278bee36e82acb5c5b729c51e96165952b3b594fc513cdfd5b5f0d6af05ab
stress/record_invoice/commit_after_budget/45/supported/retry_only,stress/record_invoice/commit_after_budget/45,stress,record_invoice,commit_after_budget,45,supported,retry_only,1,1,1,1,0,0,1,0,0,1,0,2,1,0,3,6,0,8,c83f40e5ae80f9cdba6c8900b3dbb144a8b6437c7a9d8cc781325bbdc8b54a5d
stress/record_invoice/commit_after_budget/45/supported/verify_only,stress/record_invoice/commit_after_budget/45,stress,record_invoice,commit_after_budget,45,supported,verify_only,0,0,1,0,1,0,0,0,1,0,0,1,0,1,0,3,1,8,c83f40e5ae80f9cdba6c8900b3dbb144a8b6437c7a9d8cc781325bbdc8b54a5d
stress/record_invoice/commit_after_budget/45/supported/paper_literal,stress/record_invoice/commit_after_budget/45,stress,record_invoice,commit_after_budget,45,supported,paper_literal,0,0,1,0,1,0,0,0,1,0,0,1,0,1,0,3,1,8,c83f40e5ae80f9cdba6c8900b3dbb144a8b6437c7a9d8cc781325bbdc8b54a5d
stress/record_invoice/commit_after_budget/45/supported/engineering,stress/record_invoice/commit_after_budget/45,stress,record_invoice,commit_after_budget,45,supported,engineering,0,0,1,0,1,0,0,0,1,0,0,1,0,3,0,3,3,8,c83f40e5ae80f9cdba6c8900b3dbb144a8b6437c7a9d8cc781325bbdc8b54a5d
stress/record_invoice/commit_after_budget/45/unsupported/retry_only,stress/record_invoice/commit_after_budget/45,stress,record_invoice,commit_after_budget,45,unsupported,retry_only,1,1,1,1,0,0,1,0,0,1,0,2,1,0,3,6,0,8,c83f40e5ae80f9cdba6c8900b3dbb144a8b6437c7a9d8cc781325bbdc8b54a5d
stress/record_invoice/commit_after_budget/45/unsupported/verify_only,stress/record_invoice/commit_after_budget/45,stress,record_invoice,commit_after_budget,45,unsupported,verify_only,0,0,1,0,1,0,0,0,1,0,0,1,0,1,0,3,1,8,c83f40e5ae80f9cdba6c8900b3dbb144a8b6437c7a9d8cc781325bbdc8b54a5d
stress/record_invoice/commit_after_budget/45/unsupported/paper_literal,stress/record_invoice/commit_after_budget/45,stress,record_invoice,commit_after_budget,45,unsupported,paper_literal,0,0,1,0,1,0,0,0,1,0,0,1,0,1,0,3,1,8,c83f40e5ae80f9cdba6c8900b3dbb144a8b6437c7a9d8cc781325bbdc8b54a5d
stress/record_invoice/commit_after_budget/45/unsupported/engineering,stress/record_invoice/commit_after_budget/45,stress,record_invoice,commit_after_budget,45,unsupported,engineering,0,0,1,0,1,0,0,0,1,0,0,1,0,3,0,3,3,8,c83f40e5ae80f9cdba6c8900b3dbb144a8b6437c7a9d8cc781325bbdc8b54a5d
stress/record_invoice/commit_after_budget/46/supported/retry_only,stress/record_invoice/commit_after_budget/46,stress,record_invoice,commit_after_budget,46,supported,retry_only,1,1,1,1,0,0,1,0,0,1,0,2,1,0,3,6,0,8,96f1a968b3f4bd1fa041a9fa68b78e9530d138d0bd661eb4a8685627516524aa
stress/record_invoice/commit_after_budget/46/supported/verify_only,stress/record_invoice/commit_after_budget/46,stress,record_invoice,commit_after_budget,46,supported,verify_only,0,0,1,0,1,0,0,0,1,0,0,1,0,1,0,3,1,8,96f1a968b3f4bd1fa041a9fa68b78e9530d138d0bd661eb4a8685627516524aa
stress/record_invoice/commit_after_budget/46/supported/paper_literal,stress/record_invoice/commit_after_budget/46,stress,record_invoice,commit_after_budget,46,supported,paper_literal,0,0,1,0,1,0,0,0,1,0,0,1,0,1,0,3,1,8,96f1a968b3f4bd1fa041a9fa68b78e9530d138d0bd661eb4a8685627516524aa
stress/record_invoice/commit_after_budget/46/supported/engineering,stress/record_invoice/commit_after_budget/46,stress,record_invoice,commit_after_budget,46,supported,engineering,0,0,1,0,1,0,0,0,1,0,0,1,0,3,0,3,3,8,96f1a968b3f4bd1fa041a9fa68b78e9530d138d0bd661eb4a8685627516524aa
stress/record_invoice/commit_after_budget/46/unsupported/retry_only,stress/record_invoice/commit_after_budget/46,stress,record_invoice,commit_after_budget,46,unsupported,retry_only,1,1,1,1,0,0,1,0,0,1,0,2,1,0,3,6,0,8,96f1a968b3f4bd1fa041a9fa68b78e9530d138d0bd661eb4a8685627516524aa
stress/record_invoice/commit_after_budget/46/unsupported/verify_only,stress/record_invoice/commit_after_budget/46,stress,record_invoice,commit_after_budget,46,unsupported,verify_only,0,0,1,0,1,0,0,0,1,0,0,1,0,1,0,3,1,8,96f1a968b3f4bd1fa041a9fa68b78e9530d138d0bd661eb4a8685627516524aa
stress/record_invoice/commit_after_budget/46/unsupported/paper_literal,stress/record_invoice/commit_after_budget/46,stress,record_invoice,commit_after_budget,46,unsupported,paper_literal,0,0,1,0,1,0,0,0,1,0,0,1,0,1,0,3,1,8,96f1a968b3f4bd1fa041a9fa68b78e9530d138d0bd661eb4a8685627516524aa
stress/record_invoice/commit_after_budget/46/unsupported/engineering,stress/record_invoice/commit_after_budget/46,stress,record_invoice,commit_after_budget,46,unsupported,engineering,0,0,1,0,1,0,0,0,1,0,0,1,0,3,0,3,3,8,96f1a968b3f4bd1fa041a9fa68b78e9530d138d0bd661eb4a8685627516524aa
